row_id,nb_size,query,genus_species,nucleotide_acc,protein_acc,name1,pfam_id1,description1,aa,variable,value,query_acc,n,xlab,yg_n_recount,aa_class
3,12,EPX59483.1,Cystobacter fuscus DSM 2262,ANAH02000017.1,EPX59479.1,DHQ_synthase,PF01761,3-dehydroquinate synthase,MNRDMSRNWIVSTALPVHYQVRMVDGLLDLDNRALLEAGATRRSDTIRRLIVIDAAVDHLYGVQLRHYLQHHGVKYQILALPISETLKTMDAVFTVVEAINAFGLSRRHEPIIAMGGGVLMDIVGLAASLYRRSTPYVRVPTTLIGLVDAGVGAKTGVNHAAHKNRLGTYFPAKDTLLDRGFLRTLDTRHLVNGLAEILKIALIKDRTLFELLDRHGTTLIDERMQGHTPESAQAAAQVIERAITGMIEELEFNLWEHKLERVVDYGHTFSPTVEMLALPELLHGEAVNIDMALTTILSVQRGLISVEERDRIFALMRKLELPVYHRICEPAVLEEALADTVRHRDGLQRLPLAMGIGAACFVNDVRPSELRAALATLRELDGGSSPLLEAAHA,yg_1,L,EPX59483,7,EPX59483 Cystobacter fuscus DSM 2262,2,nonpolar
3,12,EPX59483.1,Cystobacter fuscus DSM 2262,ANAH02000017.1,EPX59479.1,DHQ_synthase,PF01761,3-dehydroquinate synthase,MNRDMSRNWIVSTALPVHYQVRMVDGLLDLDNRALLEAGATRRSDTIRRLIVIDAAVDHLYGVQLRHYLQHHGVKYQILALPISETLKTMDAVFTVVEAINAFGLSRRHEPIIAMGGGVLMDIVGLAASLYRRSTPYVRVPTTLIGLVDAGVGAKTGVNHAAHKNRLGTYFPAKDTLLDRGFLRTLDTRHLVNGLAEILKIALIKDRTLFELLDRHGTTLIDERMQGHTPESAQAAAQVIERAITGMIEELEFNLWEHKLERVVDYGHTFSPTVEMLALPELLHGEAVNIDMALTTILSVQRGLISVEERDRIFALMRKLELPVYHRICEPAVLEEALADTVRHRDGLQRLPLAMGIGAACFVNDVRPSELRAALATLRELDGGSSPLLEAAHA,yg_2,D,EPX59483,7,EPX59483 Cystobacter fuscus DSM 2262,2,charged
9,12,EPX59483.1,Cystobacter fuscus DSM 2262,ANAH02000017.1,EPX59485.1,Metallophos,PF00149,Calcineurin-like phosphoesterase,MSVLRWLHLSDFHQGMAGQSWLWPNVRELFFQDLEKLHALCGPCDLVLFTGDLTQRGSAEEFARFDETLHELFAHLRGLGSDPKLLVVPGNHDLSRPSSMETDAQVRVLGRWREYPDVQKVFWTEAASSYRKVVQGAFASYEKWWRETELPRLETLRHGLLPGDFSATFEKEGVRLGILGLNTAFLQLTGEDFHGRLAVGLPQFHESCGGDGPAWVGSHDACLLLTHHPPDWLDAEARQVLRGEIASPGRFFAHLFGHMHEGGARMVAEGGREPRRDIQAPSLFGLEQWGTAQESRRHGYTVGQLEFGEGHGSLRLWPRKALRRNDGSWRLVQDVHEFDLEDDQGTRPEQVSLRRRSTKAPRGRSTKKARVADFDDPLQALVEGIRELPNDLAHRIQGFLTHYVGPEARGGTPFGGRSDALSELDQWLDGEGQPPYRLLIAPGGRGKSALLAHWVCRLARREDLAVAYFPVSVRFQTNLAGQLFQALGARLAWLHGEPIPSDFNTPVDVWRRLFLDALSRRLDGGRLLLLVIDGLDEAADLALGPTLLPFPPSPGLRIVLSAREMTNRDVESWSRVLGWTQPGRVVPMVLESLDRRGISEALGGLNPPMDRLANHPPMVEELHRLTQGDPLLLGLYLEQLSGRPELEAVPEQLRSLQPGLEGYFNGWWDEQRDLWGDEAPLRESAVNDLLGALACALGPLRRDDLLRLLGLGSGLRLDETLRPVARLIVGDGQRQGIAFTHPRLATYLQSRLSEDERRAWTSRFLDWGRSTLKALESGGMNPKDVSAYLIHYYGAHLEREERGAEDFFPLVSEAWLRAVESRERAYAGFLNDVERVRKALQRDNEARLSARQPLAIAEEVRCGVVRSSIHSIAKNLSSAQMKAFISTRWWTLEEAHSYARNIPDAPKRMDALLAIVDCAPESRRDVYLHEALEMALALERNAFHFSNPLERVYSRVAASFLPTIVETLETHEDVAFRISSLVSLAKCQPRSLRPAILERARALLNSILREGARESLEKEVEDAADWERVQARRMRGWNLFAGRRDSRPSEVVYALSALAATPSDEYPDPDREHVLSQAWVKHLESRNAELELPSDLDERQLNRLVECIPGFNYMEARAYLLVALAPLLPLGLLLDAWRFAQEMEDPETRAEVLAAIVPRMPEPERRLAIEEMRQAAFAISDAEQVLTVAAALGDLLSEPQRSQMQFSVWEARDLARGSTRLYTLTGLIRFLPEAKRRDALEEVLREFTSRDELELRTNTFLSSLGPALASPSIRELLLDIEFRVPVDKLSFDALAEIAPFVPDEWLDEMWKATSRDANPNQVMSYFRALGPRLSPGLQRTVVDTLSDKTIGDGWRALVVSGLAPSLDDSLVSRVLEWIFPVRNEYQFWAFAELWPRLSSELRGKYFVDVVNAALAQEGIRRDRVVQVLAGPLAEVQGEKAIDFAEVISLIGWRALFLVDLLPYLPRHQERIIRDALDWAAMDAETFRASTVVRASAQAPDGMLPELVAVAKGVEERDDHRAAALGAIASRLPQEQRYALLEEALRLAIPGRTGMFWDDPLPELVPELCRLPREQLYRLWTDALSRLASQARPEFLKQLQVLAPVLHALGGEEELAQVVRTLLEVGRWWA,ya_2,S,EPX59483,7,EPX59483 Cystobacter fuscus DSM 2262,1,polar
9,12,EPX59483.1,Cystobacter fuscus DSM 2262,ANAH02000017.1,EPX59485.1,Metallophos,PF00149,Calcineurin-like phosphoesterase,MSVLRWLHLSDFHQGMAGQSWLWPNVRELFFQDLEKLHALCGPCDLVLFTGDLTQRGSAEEFARFDETLHELFAHLRGLGSDPKLLVVPGNHDLSRPSSMETDAQVRVLGRWREYPDVQKVFWTEAASSYRKVVQGAFASYEKWWRETELPRLETLRHGLLPGDFSATFEKEGVRLGILGLNTAFLQLTGEDFHGRLAVGLPQFHESCGGDGPAWVGSHDACLLLTHHPPDWLDAEARQVLRGEIASPGRFFAHLFGHMHEGGARMVAEGGREPRRDIQAPSLFGLEQWGTAQESRRHGYTVGQLEFGEGHGSLRLWPRKALRRNDGSWRLVQDVHEFDLEDDQGTRPEQVSLRRRSTKAPRGRSTKKARVADFDDPLQALVEGIRELPNDLAHRIQGFLTHYVGPEARGGTPFGGRSDALSELDQWLDGEGQPPYRLLIAPGGRGKSALLAHWVCRLARREDLAVAYFPVSVRFQTNLAGQLFQALGARLAWLHGEPIPSDFNTPVDVWRRLFLDALSRRLDGGRLLLLVIDGLDEAADLALGPTLLPFPPSPGLRIVLSAREMTNRDVESWSRVLGWTQPGRVVPMVLESLDRRGISEALGGLNPPMDRLANHPPMVEELHRLTQGDPLLLGLYLEQLSGRPELEAVPEQLRSLQPGLEGYFNGWWDEQRDLWGDEAPLRESAVNDLLGALACALGPLRRDDLLRLLGLGSGLRLDETLRPVARLIVGDGQRQGIAFTHPRLATYLQSRLSEDERRAWTSRFLDWGRSTLKALESGGMNPKDVSAYLIHYYGAHLEREERGAEDFFPLVSEAWLRAVESRERAYAGFLNDVERVRKALQRDNEARLSARQPLAIAEEVRCGVVRSSIHSIAKNLSSAQMKAFISTRWWTLEEAHSYARNIPDAPKRMDALLAIVDCAPESRRDVYLHEALEMALALERNAFHFSNPLERVYSRVAASFLPTIVETLETHEDVAFRISSLVSLAKCQPRSLRPAILERARALLNSILREGARESLEKEVEDAADWERVQARRMRGWNLFAGRRDSRPSEVVYALSALAATPSDEYPDPDREHVLSQAWVKHLESRNAELELPSDLDERQLNRLVECIPGFNYMEARAYLLVALAPLLPLGLLLDAWRFAQEMEDPETRAEVLAAIVPRMPEPERRLAIEEMRQAAFAISDAEQVLTVAAALGDLLSEPQRSQMQFSVWEARDLARGSTRLYTLTGLIRFLPEAKRRDALEEVLREFTSRDELELRTNTFLSSLGPALASPSIRELLLDIEFRVPVDKLSFDALAEIAPFVPDEWLDEMWKATSRDANPNQVMSYFRALGPRLSPGLQRTVVDTLSDKTIGDGWRALVVSGLAPSLDDSLVSRVLEWIFPVRNEYQFWAFAELWPRLSSELRGKYFVDVVNAALAQEGIRRDRVVQVLAGPLAEVQGEKAIDFAEVISLIGWRALFLVDLLPYLPRHQERIIRDALDWAAMDAETFRASTVVRASAQAPDGMLPELVAVAKGVEERDDHRAAALGAIASRLPQEQRYALLEEALRLAIPGRTGMFWDDPLPELVPELCRLPREQLYRLWTDALSRLASQARPEFLKQLQVLAPVLHALGGEEELAQVVRTLLEVGRWWA,ya_3,V,EPX59483,7,EPX59483 Cystobacter fuscus DSM 2262,1,nonpolar
9,12,EPX59483.1,Cystobacter fuscus DSM 2262,ANAH02000017.1,EPX59485.1,Metallophos,PF00149,Calcineurin-like phosphoesterase,MSVLRWLHLSDFHQGMAGQSWLWPNVRELFFQDLEKLHALCGPCDLVLFTGDLTQRGSAEEFARFDETLHELFAHLRGLGSDPKLLVVPGNHDLSRPSSMETDAQVRVLGRWREYPDVQKVFWTEAASSYRKVVQGAFASYEKWWRETELPRLETLRHGLLPGDFSATFEKEGVRLGILGLNTAFLQLTGEDFHGRLAVGLPQFHESCGGDGPAWVGSHDACLLLTHHPPDWLDAEARQVLRGEIASPGRFFAHLFGHMHEGGARMVAEGGREPRRDIQAPSLFGLEQWGTAQESRRHGYTVGQLEFGEGHGSLRLWPRKALRRNDGSWRLVQDVHEFDLEDDQGTRPEQVSLRRRSTKAPRGRSTKKARVADFDDPLQALVEGIRELPNDLAHRIQGFLTHYVGPEARGGTPFGGRSDALSELDQWLDGEGQPPYRLLIAPGGRGKSALLAHWVCRLARREDLAVAYFPVSVRFQTNLAGQLFQALGARLAWLHGEPIPSDFNTPVDVWRRLFLDALSRRLDGGRLLLLVIDGLDEAADLALGPTLLPFPPSPGLRIVLSAREMTNRDVESWSRVLGWTQPGRVVPMVLESLDRRGISEALGGLNPPMDRLANHPPMVEELHRLTQGDPLLLGLYLEQLSGRPELEAVPEQLRSLQPGLEGYFNGWWDEQRDLWGDEAPLRESAVNDLLGALACALGPLRRDDLLRLLGLGSGLRLDETLRPVARLIVGDGQRQGIAFTHPRLATYLQSRLSEDERRAWTSRFLDWGRSTLKALESGGMNPKDVSAYLIHYYGAHLEREERGAEDFFPLVSEAWLRAVESRERAYAGFLNDVERVRKALQRDNEARLSARQPLAIAEEVRCGVVRSSIHSIAKNLSSAQMKAFISTRWWTLEEAHSYARNIPDAPKRMDALLAIVDCAPESRRDVYLHEALEMALALERNAFHFSNPLERVYSRVAASFLPTIVETLETHEDVAFRISSLVSLAKCQPRSLRPAILERARALLNSILREGARESLEKEVEDAADWERVQARRMRGWNLFAGRRDSRPSEVVYALSALAATPSDEYPDPDREHVLSQAWVKHLESRNAELELPSDLDERQLNRLVECIPGFNYMEARAYLLVALAPLLPLGLLLDAWRFAQEMEDPETRAEVLAAIVPRMPEPERRLAIEEMRQAAFAISDAEQVLTVAAALGDLLSEPQRSQMQFSVWEARDLARGSTRLYTLTGLIRFLPEAKRRDALEEVLREFTSRDELELRTNTFLSSLGPALASPSIRELLLDIEFRVPVDKLSFDALAEIAPFVPDEWLDEMWKATSRDANPNQVMSYFRALGPRLSPGLQRTVVDTLSDKTIGDGWRALVVSGLAPSLDDSLVSRVLEWIFPVRNEYQFWAFAELWPRLSSELRGKYFVDVVNAALAQEGIRRDRVVQVLAGPLAEVQGEKAIDFAEVISLIGWRALFLVDLLPYLPRHQERIIRDALDWAAMDAETFRASTVVRASAQAPDGMLPELVAVAKGVEERDDHRAAALGAIASRLPQEQRYALLEEALRLAIPGRTGMFWDDPLPELVPELCRLPREQLYRLWTDALSRLASQARPEFLKQLQVLAPVLHALGGEEELAQVVRTLLEVGRWWA,ya_4,R,EPX59483,7,EPX59483 Cystobacter fuscus DSM 2262,1,charged
3,11,AYM53473.1,Cystobacter sp.,MH908903.1,AYM53470.1,Cupin_2,PF07883,Cupin domain,MIRRTLEAWNGSSRQRSGGVQWLVNRELIPEALGMLMIQELSGGSGLPVHALPGAESVTFLLSGKGDWVGDGTGWPLKAGEGVFNPPGTSRAFESGRDGNTVLLVVYGGSNDPRDAEPHAVHGGAGCGCRVSRTADQGSHSPLGEAGGFIDMGVHWLATTQTVGTRSVVVATSTFTPGGSHQLHRHPHADEFFLVLQGGGEHLTKDGPVRLNPGDLAYIPAGEWHGFQTDPGVTTRTVYGYLGAGSLAQAGYELLEEET,yg_2,V,AYM53473,7,AYM53473 Cystobacter sp.,2,nonpolar
4,11,AYM53473.1,Cystobacter sp.,MH908903.1,AYM53471.1,adh_short_C2,PF13561,Enoyl-(Acyl carrier protein) reductase,MIERFAIVTGASSGIGRATAIALAEKGFDVGIGYNSNTEGARRVAAEVEAHGVRALPFRMDLTNPADAAGAVEQAIRVFGGVDVFVNNAGVNRRASFLEETPEDWQRILTINTTGPFLCAQVAARHMVSQGRGGRIVNVTSVHELVPIIGGSAYCASKGGLGLLTKVMALELARYGISVNAVSPGETATPMNGVPESRDAAEISRPEIPFGRPGRSREVAALIAHLAGPDAAYITGVTLSVDGGLMLMSAIPNQQYADRL,ya_1,Q,AYM53473,7,AYM53473 Cystobacter sp.,1,polar
9,11,AYM53473.1,Cystobacter sp.,MH908903.1,AYM53476.1,p450,PF00067,Cytochrome P450,MQASDYNPMLPAVQADPYPYYATLRENAPVYFNEQLGWYIVSRYEDVIAITKNPAVFSSARAVVRPEQLDAAEKVAPTAVRAFRRGILLSEDPPLHTSTRSVVSRAFTPKRIAEMEPRIRQVARELISQLPRSGEFDLVKDLAEPLPLIVIAEMMGAEPGLRHEFKRWSDNAVATFYALARGAELSGIERTSQEMHDYMSRALEARRQQPRDDLMQALLDNGVREGLLSVDEAIAFCRLLLVAGNETTTNLLGNGMHALLSHPDQLERLTREPALIPNAVEEMLRYDSAAQVFFRKVTQDVEVSGTHIPAGANVLLLFGSANRDPRKFQEPDRFDVTRNVTGHVALGHGIHFCLGAPLARLEARVVLEELLTPERRLSLVPGQHLENVPNFNVRGLKSLRVRTEPAPGARTSD,ya_2,F,AYM53473,7,AYM53473 Cystobacter sp.,0,nonpolar
3,11,WP_002626537.1,Cystobacter fuscus DSM 2262,NZ_ANAH02000011.1,WP_043430889.1,SET,PF00856,SET domain,MQPGEPLFVHPGLKVRPCEWGYGVFSDEAIPEGTILEECHYLKAPFRTVRTSPMSDYVFNIEWGPHEEDQGGEWVAIVFGFGMIYNHSQEPNVSYYRGYQRGPSPKDVFTFYALRDIEPGEQLCISYGENWWNTRGQQMP,yg_1,G,WP_002626537,4,WP_002626537 Cystobacter fuscus DSM 2262,2,nonpolar
3,11,WP_002626537.1,Cystobacter fuscus DSM 2262,NZ_ANAH02000011.1,WP_043430889.1,SET,PF00856,SET domain,MQPGEPLFVHPGLKVRPCEWGYGVFSDEAIPEGTILEECHYLKAPFRTVRTSPMSDYVFNIEWGPHEEDQGGEWVAIVFGFGMIYNHSQEPNVSYYRGYQRGPSPKDVFTFYALRDIEPGEQLCISYGENWWNTRGQQMP,yg_2,S,WP_002626537,4,WP_002626537 Cystobacter fuscus DSM 2262,2,polar
9,11,WP_155893623.1,Cystobacter fuscus DSM 2262,NZ_ANAH02000017.1,WP_051256584.1,OpuAC,PF04069,Substrate binding domain of ABC-type glycine betaine transport system,MWVAGCGSEERVLTQPTLTLGQIDLSFHAAAAAVVARILTDHGHPVEFNTALHEEMFARMQREEVDLLSSAWLPGSHGAYLAPFENEVEKLSVLYNPYAFWGVPDYVPEDAVSAVADLLEPDVTERMTKVIQGIGPGAGISRFSVEIMQAYGLGSAGYEFRNGTQQDCEDAFTRAVEEKRWVVVPLWQPQHLHHRYRIRELAEPKGLLRGKDEATLLLRKEQLSKLHPEALRMLRRMHLGNAEVTYLDYLINVEKKSPAEAAARWFQENPEVVERWRNG,ya_1,P,WP_155893623,4,WP_155893623 Cystobacter fuscus DSM 2262,1,nonpolar
7,11,WP_002626129.1,Cystobacter fuscus DSM 2262,NZ_ANAH02000065.1,WP_002626130.1,NA,NA,NA,MTTKTEKKFPRTEILNRQSERTRKVLELEEKNLENVTGGAERGDASIYGLPPPPDLR,yg_1,I,WP_002626129,6,WP_002626129 Cystobacter fuscus DSM 2262,1,nonpolar
9,11,WP_002626129.1,Cystobacter fuscus DSM 2262,NZ_ANAH02000065.1,WP_155893943.1,ABC_membrane,PF00664,ABC transporter transmembrane region,MTHAPGGGRAVWRALGYLRRYRVETVGAFVSLLLASGANLAAPQMVRLAVDEGLARGSLSVVRAAVVGLVAIALVRGFFNFLQGYLAERASQGVAFDLRNALFARLQRLSFSYHDQAQTGQLLTRLTNDVDQVRAFVGGGVVQVVASLLMVVGCSGLLFLTHPLLALAALGAIAPVLWVLRQFMGRISPMFGLVQATLGRLNSVLQESLRGIRVVRAFSGEGREAARYGRFNDEFLEHNLQLIRIISSHFPRVGLFANLGTWVVVGLGGWLIFHERLSVGELLAFNSYLGFLFMPLVSLGFLAAQMSRAGVSAVRIFELLDTAVEVVDRPGARQLPALSGRVELRDVRFRYAGGEREILRGVSFEVEPGQLVAILGTTGSGKSTLINLLPRFYDVTGGAVLLDGHDVREVTLASLRSQVGIVLQDAMLFSGTLRENIAYGRPEATLEEVQAAARAAQAEEFIAALPQGYDTVVGERGVGLSGGQRQRVAIARALLTQPRLLILDDSTSAVDARTEAEIRRALDELMRSTRSTAIVIAQRLSTVRDAHLVIVLDEGRVAARGRHEELLATSALYNEILGSQLQPDSVEAA,yg_2,A,WP_002626129,6,WP_002626129 Cystobacter fuscus DSM 2262,2,nonpolar
9,NA,WP_095989616.1,Cystobacter fuscus,NZ_CP022098.1,WP_095989619.1,Cupin_2,PF07883,Cupin domain,MIRRTLEAWNGSSRQRSGGVQWLVNRELIPEALGMLMIQELSGGSGLPVHGLPGAESVTFLLSGKGDWLGDGTSWPLKAGEGVFNPPGTPRAFEAGRDGNTVLLVVYGGSNDPRDAEPHAVHGGSGCGCRISRTADQESHSPLGEAGGFIDMGVHWLATTQTVGTRSVVVATSTFTPGGSHQLHRHPHADEFFLVLQGGGEHLTKDGPVRLNPGDLAYIPAGEWHGFQTDPGVTTRTVYGYLGAGSLAQAGYELLEEET,yg_2,V,WP_095989616,3,WP_095989616 Cystobacter fuscus,2,nonpolar
4,NA,WP_095989616.1,Cystobacter fuscus,NZ_CP022098.1,WP_095989614.1,TP_methylase,PF00590,Tetrapyrrole (Corrin/Porphyrin) Methylases,MNQGKVYLIGAGPGDPKLLTLRAVEALAESDVILMDQLVSHEVLAHARQGVDVIDCGKRAGHHCMDQKEIQRLLIERARRGQIVARLKGGDPFIFGRGGEEAEALVEAAIAWEVIPGISSGIAAAAYAGIPLLHRSHASSVAFVTGHAGHEHAVGSQGADTLVIFMCGSTILQIARELMEGGRAPSTPLAIILSGTRSNQAIYTGTLMELVRMERIELASPVLAVVGDVTTLAKKLHWFGPPPKPLRLLAAPVTAGS,ya_1,A,WP_095989616,3,WP_095989616 Cystobacter fuscus,0,nonpolar
3,NA,WP_095990905.1,Cystobacter fuscus,NZ_CP022098.1,WP_095990903.1,NA,NA,NA,MREWRALLLVLGLCAGVVRAEVVIEEAAPAAAVEDPRLPGYVETSGAPESASDGELRVSVATTLLRSPRGYYPLEVELHNTGSTPRVVEIGITATASEVRRVEVSRRQVEVGPRQRLSAWMIVPVIARGGIVRVESPGLTFRAFSFYSTDGSGQPVLVLGTQKAFEEGTHLPRVEEGKLAVRFLSPENAPRELAAYVGHPFIVVAGDVTALPADVWSALEAYAATGGQLTLLHPPRDVDLRLPLLTRPTPGDVQPYGFGQVRLCEGAEGCASGLLADAAALESSNAPRPGPVHPASPPSRWGHQQALGSGLWPLLPGVQAPVGRFLGLITLFVLAVGPGGLLLARRKGPVALLIAVPSVALVTCLAFVGWSVVVEGFSLHAARYSVTWLDRERDRTVTVGVGGYYANLEPEPFQVPVLGALLSSDSDWESRPLEADWTRGMVVTGGFLSARTYQEWGEVAVGPSRARLGVSAEGGQLRIRNALGAPLVEGYVRSGGGWWKLPALAEGAEGLATRLPASTRDDVTEELRPTKDVDQRLSPVLGRLFQEPLPEGGFLARLEGPGWTFSAAIPVSLHEGSHLVRGRVDGP,ya_1,A,WP_095990905,5,WP_095990905 Cystobacter fuscus,1,nonpolar
3,NA,WP_095987964.1,Cystobacter fuscus,NZ_CP022098.1,WP_095987962.1,ABC_membrane,PF00664,ABC transporter transmembrane region,MAELEDERARNRGAVARRLLGETRPHRRSLLIALGFVVVGALAQAAGPYLVGHAIDHDIVGRNERGLLRDLALLLVVYGVSMVAQREQTLRIGETGQRVLAGMRARLFERLQTLPLSYLDRRPLGDLMSRLLGDVDLLSQFFSQGLAQLLGSVLGLVGVLVAMVSLDVPLALACFSIIPVMVLTTWGFAARARRAYRKTRETVGDVTAGLQEELGGVRQAQAFNRTEVNIERFRARNAANRDANVSATGITSAFSPVIDVLSTLSIALVIGYGGYRVLEGHVSVGLVAAFLLYTQQFFRPLQLASSVYTLMQSALAGAERVYAILDEPREPEDAPDAVELERAAGRLSFERVSFGYDAARPVLHEVSFEVAPGQTVALVGPTGAGKTTVTSLLPRFYDVTGGVVRLDGRDVRHIKRASLRAQMATVLQEPVLFSGTVAENIAYGQPDASRERIEAAARAVHAHDFITALPQGYDTQLAPGSTTLSQGQRQLVSFARAVLADPRVLILDEATANIDTRTEALIQRALTTLLAGRTSIVVAHRLSTIRHADLILVLEGGRLVERGTHAELMARGGLYATLYGQQSPEPRASSTR,ya_2,L,WP_095987964,6,WP_095987964 Cystobacter fuscus,4,nonpolar
3,NA,WP_095990905.1,Cystobacter fuscus,NZ_CP022098.1,WP_095990903.1,NA,NA,NA,MREWRALLLVLGLCAGVVRAEVVIEEAAPAAAVEDPRLPGYVETSGAPESASDGELRVSVATTLLRSPRGYYPLEVELHNTGSTPRVVEIGITATASEVRRVEVSRRQVEVGPRQRLSAWMIVPVIARGGIVRVESPGLTFRAFSFYSTDGSGQPVLVLGTQKAFEEGTHLPRVEEGKLAVRFLSPENAPRELAAYVGHPFIVVAGDVTALPADVWSALEAYAATGGQLTLLHPPRDVDLRLPLLTRPTPGDVQPYGFGQVRLCEGAEGCASGLLADAAALESSNAPRPGPVHPASPPSRWGHQQALGSGLWPLLPGVQAPVGRFLGLITLFVLAVGPGGLLLARRKGPVALLIAVPSVALVTCLAFVGWSVVVEGFSLHAARYSVTWLDRERDRTVTVGVGGYYANLEPEPFQVPVLGALLSSDSDWESRPLEADWTRGMVVTGGFLSARTYQEWGEVAVGPSRARLGVSAEGGQLRIRNALGAPLVEGYVRSGGGWWKLPALAEGAEGLATRLPASTRDDVTEELRPTKDVDQRLSPVLGRLFQEPLPEGGFLARLEGPGWTFSAAIPVSLHEGSHLVRGRVDGP,ya_2,Y,WP_095990905,5,WP_095990905 Cystobacter fuscus,1,nonpolar
3,11,WP_071897101.1,Cystobacter ferrugineus,NZ_MPIN01000002.1,WP_071898236.1,CBM_6,PF03422,Carbohydrate binding module (family 6),MKILPASLCFMLPLLSATPVLAQNAPATWTEHWFEHNQTVSRVYQDNDVAIYFDPDVNRSITWPNSFVRDVWKYTKKTYGHFGSDMQLYAIFHTGKYGGGHPATYFDASHDNRNVIDVGSGSTTAWTSGAGWDLDIVTHEISHIVEFGGKGVQGSPAFNRWGDSKWAEIFIYDVYLALGRTSDANRVYNDVINKVDSFPRANTHWFRDWFYPIYKNHGGALVLNRFFVLLAQYFPRNGKDYAREMNWGEFVHFWSGAAGVNLKVQATSAFGWPAEWEAQFVQAQRDFPFTYTHPGPSVVSVFQDLDHGGYGTALPVGRYTLSALNAWGVRNDDITSLKVASGYQVTLYADDNFGGASLTKTADDASLVDDDWNDKVSSLVVSQGTPAPGTLIQAEAYSSMSGVSTEATSDSGGGSNVGYIDTADWLAYNGIQFPSSGTYRVEYRVASPSGGRLSLDLNAGATVLGTLDIPATGDWQSWTTISHTVTVTAGTYNVGIYAQAGGWNFNWFRITRL,yg_1,T,WP_071897101,7,WP_071897101 Cystobacter ferrugineus,3,polar
3,11,WP_071897101.1,Cystobacter ferrugineus,NZ_MPIN01000002.1,WP_071898236.1,CBM_6,PF03422,Carbohydrate binding module (family 6),MKILPASLCFMLPLLSATPVLAQNAPATWTEHWFEHNQTVSRVYQDNDVAIYFDPDVNRSITWPNSFVRDVWKYTKKTYGHFGSDMQLYAIFHTGKYGGGHPATYFDASHDNRNVIDVGSGSTTAWTSGAGWDLDIVTHEISHIVEFGGKGVQGSPAFNRWGDSKWAEIFIYDVYLALGRTSDANRVYNDVINKVDSFPRANTHWFRDWFYPIYKNHGGALVLNRFFVLLAQYFPRNGKDYAREMNWGEFVHFWSGAAGVNLKVQATSAFGWPAEWEAQFVQAQRDFPFTYTHPGPSVVSVFQDLDHGGYGTALPVGRYTLSALNAWGVRNDDITSLKVASGYQVTLYADDNFGGASLTKTADDASLVDDDWNDKVSSLVVSQGTPAPGTLIQAEAYSSMSGVSTEATSDSGGGSNVGYIDTADWLAYNGIQFPSSGTYRVEYRVASPSGGRLSLDLNAGATVLGTLDIPATGDWQSWTTISHTVTVTAGTYNVGIYAQAGGWNFNWFRITRL,yg_2,K,WP_071897101,7,WP_071897101 Cystobacter ferrugineus,3,charged
3,11,WP_071897101.1,Cystobacter ferrugineus,NZ_MPIN01000002.1,WP_071898236.1,CBM_6,PF03422,Carbohydrate binding module (family 6),MKILPASLCFMLPLLSATPVLAQNAPATWTEHWFEHNQTVSRVYQDNDVAIYFDPDVNRSITWPNSFVRDVWKYTKKTYGHFGSDMQLYAIFHTGKYGGGHPATYFDASHDNRNVIDVGSGSTTAWTSGAGWDLDIVTHEISHIVEFGGKGVQGSPAFNRWGDSKWAEIFIYDVYLALGRTSDANRVYNDVINKVDSFPRANTHWFRDWFYPIYKNHGGALVLNRFFVLLAQYFPRNGKDYAREMNWGEFVHFWSGAAGVNLKVQATSAFGWPAEWEAQFVQAQRDFPFTYTHPGPSVVSVFQDLDHGGYGTALPVGRYTLSALNAWGVRNDDITSLKVASGYQVTLYADDNFGGASLTKTADDASLVDDDWNDKVSSLVVSQGTPAPGTLIQAEAYSSMSGVSTEATSDSGGGSNVGYIDTADWLAYNGIQFPSSGTYRVEYRVASPSGGRLSLDLNAGATVLGTLDIPATGDWQSWTTISHTVTVTAGTYNVGIYAQAGGWNFNWFRITRL,yg_3,G,WP_071897101,7,WP_071897101 Cystobacter ferrugineus,3,nonpolar
3,11,WP_071897101.1,Cystobacter ferrugineus,NZ_MPIN01000002.1,WP_071898236.1,CBM_6,PF03422,Carbohydrate binding module (family 6),MKILPASLCFMLPLLSATPVLAQNAPATWTEHWFEHNQTVSRVYQDNDVAIYFDPDVNRSITWPNSFVRDVWKYTKKTYGHFGSDMQLYAIFHTGKYGGGHPATYFDASHDNRNVIDVGSGSTTAWTSGAGWDLDIVTHEISHIVEFGGKGVQGSPAFNRWGDSKWAEIFIYDVYLALGRTSDANRVYNDVINKVDSFPRANTHWFRDWFYPIYKNHGGALVLNRFFVLLAQYFPRNGKDYAREMNWGEFVHFWSGAAGVNLKVQATSAFGWPAEWEAQFVQAQRDFPFTYTHPGPSVVSVFQDLDHGGYGTALPVGRYTLSALNAWGVRNDDITSLKVASGYQVTLYADDNFGGASLTKTADDASLVDDDWNDKVSSLVVSQGTPAPGTLIQAEAYSSMSGVSTEATSDSGGGSNVGYIDTADWLAYNGIQFPSSGTYRVEYRVASPSGGRLSLDLNAGATVLGTLDIPATGDWQSWTTISHTVTVTAGTYNVGIYAQAGGWNFNWFRITRL,ya_1,L,WP_071897101,7,WP_071897101 Cystobacter ferrugineus,3,nonpolar
3,11,WP_071897101.1,Cystobacter ferrugineus,NZ_MPIN01000002.1,WP_071898236.1,CBM_6,PF03422,Carbohydrate binding module (family 6),MKILPASLCFMLPLLSATPVLAQNAPATWTEHWFEHNQTVSRVYQDNDVAIYFDPDVNRSITWPNSFVRDVWKYTKKTYGHFGSDMQLYAIFHTGKYGGGHPATYFDASHDNRNVIDVGSGSTTAWTSGAGWDLDIVTHEISHIVEFGGKGVQGSPAFNRWGDSKWAEIFIYDVYLALGRTSDANRVYNDVINKVDSFPRANTHWFRDWFYPIYKNHGGALVLNRFFVLLAQYFPRNGKDYAREMNWGEFVHFWSGAAGVNLKVQATSAFGWPAEWEAQFVQAQRDFPFTYTHPGPSVVSVFQDLDHGGYGTALPVGRYTLSALNAWGVRNDDITSLKVASGYQVTLYADDNFGGASLTKTADDASLVDDDWNDKVSSLVVSQGTPAPGTLIQAEAYSSMSGVSTEATSDSGGGSNVGYIDTADWLAYNGIQFPSSGTYRVEYRVASPSGGRLSLDLNAGATVLGTLDIPATGDWQSWTTISHTVTVTAGTYNVGIYAQAGGWNFNWFRITRL,ya_2,D,WP_071897101,7,WP_071897101 Cystobacter ferrugineus,3,charged
3,11,WP_071897101.1,Cystobacter ferrugineus,NZ_MPIN01000002.1,WP_071898236.1,CBM_6,PF03422,Carbohydrate binding module (family 6),MKILPASLCFMLPLLSATPVLAQNAPATWTEHWFEHNQTVSRVYQDNDVAIYFDPDVNRSITWPNSFVRDVWKYTKKTYGHFGSDMQLYAIFHTGKYGGGHPATYFDASHDNRNVIDVGSGSTTAWTSGAGWDLDIVTHEISHIVEFGGKGVQGSPAFNRWGDSKWAEIFIYDVYLALGRTSDANRVYNDVINKVDSFPRANTHWFRDWFYPIYKNHGGALVLNRFFVLLAQYFPRNGKDYAREMNWGEFVHFWSGAAGVNLKVQATSAFGWPAEWEAQFVQAQRDFPFTYTHPGPSVVSVFQDLDHGGYGTALPVGRYTLSALNAWGVRNDDITSLKVASGYQVTLYADDNFGGASLTKTADDASLVDDDWNDKVSSLVVSQGTPAPGTLIQAEAYSSMSGVSTEATSDSGGGSNVGYIDTADWLAYNGIQFPSSGTYRVEYRVASPSGGRLSLDLNAGATVLGTLDIPATGDWQSWTTISHTVTVTAGTYNVGIYAQAGGWNFNWFRITRL,ya_3,L,WP_071897101,7,WP_071897101 Cystobacter ferrugineus,3,nonpolar
3,11,WP_071897101.1,Cystobacter ferrugineus,NZ_MPIN01000002.1,WP_071898236.1,CBM_6,PF03422,Carbohydrate binding module (family 6),MKILPASLCFMLPLLSATPVLAQNAPATWTEHWFEHNQTVSRVYQDNDVAIYFDPDVNRSITWPNSFVRDVWKYTKKTYGHFGSDMQLYAIFHTGKYGGGHPATYFDASHDNRNVIDVGSGSTTAWTSGAGWDLDIVTHEISHIVEFGGKGVQGSPAFNRWGDSKWAEIFIYDVYLALGRTSDANRVYNDVINKVDSFPRANTHWFRDWFYPIYKNHGGALVLNRFFVLLAQYFPRNGKDYAREMNWGEFVHFWSGAAGVNLKVQATSAFGWPAEWEAQFVQAQRDFPFTYTHPGPSVVSVFQDLDHGGYGTALPVGRYTLSALNAWGVRNDDITSLKVASGYQVTLYADDNFGGASLTKTADDASLVDDDWNDKVSSLVVSQGTPAPGTLIQAEAYSSMSGVSTEATSDSGGGSNVGYIDTADWLAYNGIQFPSSGTYRVEYRVASPSGGRLSLDLNAGATVLGTLDIPATGDWQSWTTISHTVTVTAGTYNVGIYAQAGGWNFNWFRITRL,ya_4,I,WP_071897101,7,WP_071897101 Cystobacter ferrugineus,3,nonpolar