row_id,query,genus_species,nucleotide_acc,protein_acc,name1,pfam_id1,description1,aa,aa_len
7,SCH84906.1,uncultured Clostridium sp.,FMFM01000008.1,SCH84953.1,NA,NA,NA,MFNLEELSLEFVEISELKTSKNLFGPVMYGTGVRM,35
3,PIR08446.1,Candidatus Gottesmanbacteria bacterium CG11_big_fil_rev_8_21_14_0_20_37_11,PCWS01000068.1,PIR08447.1,PEP-utilizers,PF00391,"PEP-utilising enzyme, mobile domain",MPAIVSQEYGIPCIVGTQNATKVLKDGDNVEVDAIKGSVKII,42
7,WP_095643949.1,Methanosarcina spelaei,NZ_LMVP01000112.1,WP_170943231.1,NA,NA,NA,MIISKNILMLYPGSGGEVYIGLPITEPRPVPLYGIVRPLYGVPLK,45
5,WP_048107388.1,Methanosarcina barkeri 3,NZ_CP009517.1,WP_155396756.1,NA,NA,NA,MIVSKNILMLYPGSGGEIYIGLPIIEPRPVPLYGIVRPLYGVPLK,45
3,WP_068473543.1,Saccharicrinis aurantiacus,NZ_LYBV02000030.1,WP_171973210.1,NA,NA,NA,MKILTSTPISSFGGLSYVLEEVLKLVLPNLFHAKLLSYGGKAKLS,45
8,WP_011699278.1,Syntrophobacter fumaroxidans MPOB,NC_008554.1,WP_153307213.1,NA,NA,NA,MENQRLDHPRSPIEQADRISRALYEYPYHYGPLFQLLSTVEEYVSG,46
4,OPY52688.1,Methanosaeta sp. PtaU1.Bin055,MVRM01000117.1,OPY52691.1,NA,NA,NA,MEIMGRKMLRLYLTDWQKREMMDEAGVVCSFIELEKGTIVRYGMLAS,47
7,WP_013291968.1,Clostridium cellulovorans 743B,NC_014393.1,WP_010074143.1,NA,NA,NA,MEGFKPIKDLENINGGILPINVICYGVVFINPVTTIATTIANAVKKS,47
7,VVB77801.1,uncultured archaeon,CABMGE010000007.1,VVB77802.1,NA,NA,NA,MKKEVKKRCWGIAIAIIIFLLTIFGAMVWQALHATVKYGTPHYRPKIQ,48
9,WP_044888631.1,Frankia torreyi,NZ_JYFN01000103.1,WP_157871752.1,NA,NA,NA,MSAVLAEEDRLRAHRYDLADYGLRAEEVNTRLGALIRGRKGCDAPLPLA,49
9,KQM01938.1,Frankia sp. CpI1-P,LJJX01000091.1,KQM01941.1,NA,NA,NA,MSAVLAEEDRLRAHRYDLADYGLRAEEVNTRLGALIRGRKGXDAPLPLA,49
9,WP_169218713.1,Brasilonema sp. UFV-L1,NZ_QMEA01000037.1,WP_169218715.1,NA,NA,NA,MILTTPRLTQAKAVVAKQMSNLEMAATAIVVLILIYYGTLLDLLSGTQED,50
4,WP_143727428.1,Moorea bouillonii PNG,NZ_MKZS01000001.1,WP_158069359.1,NA,NA,NA,MANITIADIAPSKESESFIKDLSDNELNLTYGGIQIIITNEKGERIEINI,50
7,WP_054298211.1,Methanosarcina flavescens,NZ_CP032683.1,WP_167829642.1,NA,NA,NA,MTDGTIDEMNIAWCQFDRNRRKKKPCPVLKYGVVPVPPIVPMYGVIVVEDTK,52
5,WP_117919639.1,Roseburia sp. NSJ-69,NZ_JACOPI010000003.1,WP_015520182.1,NA,NA,NA,MRDLEKVMERLGLDEYVSVSEFNQLQSKAAASGYAVDYGVCRSAQNEQQKNM,52
9,WP_019104567.1,Chromobacterium haemolyticum,NZ_CAEE01001097.1,WP_083860768.1,DUF1843,PF08898,Domain of unknown function (DUF1843),MPYGVAIHQAIAEGNLAQMKTLLEQGEQHLRQYGDLHAAVDQLKQEISRLERR,53
4,WP_048166571.1,Methanosarcina thermophila,NZ_FPAO01000006.1,WP_156149702.1,NA,NA,NA,MTDGTIDEMNIAWCHQFDRNRRKKKPCPVLKYGVVPVPPIVPMYGVIVVEDTK,53
5,WP_154277714.1,Faecalibacterium prausnitzii,NZ_WKQN01000019.1,WP_154277713.1,NA,NA,NA,MENNKKSLDEIYREVETDLKKGSFKGPKYEKIDIMVYGAGDQEANEANKADEN,53
5,WP_012977192.1,Azospirillum sp. B510,NC_013857.1,WP_173380526.1,DUF1843,PF08898,Domain of unknown function (DUF1843),MYMATVTDAIAKGDLAQMKTLQSQAEEVLAAYGDVPTALQLLKVEIAKAEAAGG,54
5,WP_047853894.1,Archangium gephyra,NZ_QUMU01000022.1,WP_169800617.1,NA,NA,NA,MTTKVEKKFPRSKVIERQNEKAREVVELDENTLEGVRGGSARYGLPPPIEISLES,55
5,WP_183547041.1,Methanococcus maripaludis,NZ_JACHIQ010000002.1,WP_183546631.1,CobN-Mg_chel,PF02514,CobN/Magnesium Chelatase,MVFSVFSAVNAVDTVELLLDINAEHMEVLNESMPKIIIEDSNSNIINSTVVNMGNGTYLSNFTSNCTNFNVNISVLAHHMANFSVNTTEFNGTFVGNASVSLDAYNLVIITGSGTFANHFSNSYKDLMDEGYYFNLHYFGASELGSGEYPEMEEKAKNASKVADIIVIEMVSTTKDKILEVIENRTTDKVFAIRSGETFSEYDDIDSNDTLLKPYFENSGLENIRRFQLYCLNYSGMDLKDEECVDVITLPTEYAFHPDSTNVYESFEDYRSWYESRENYNESAPWVGILSYTSRYSNDQMGMEKAMLESIEDKGFNVILAFSGSKSSRMSAIEEFFLNEDNSSRIDLLVANYGFTTYSGNTEIGIELYEKLDVPILTPVYALDFETWNESSQGLNTEVAWEIAQPELEGRIEPIMIGGAKDGYIDEETGILINDYVPLESGIEQLSERVQKWVELRNTPNKDKKIAILYYNHAGGKDGVGASYLNVEKSIYEILTSLNHSGYIISGNYTPDAVVNLTQTKGLNVGGWAPGELEELVNNGAVTIPVSDYKLWFSELPKELQDAVIAEWGEVPGDVMVYNDSIVISGEFFGNIFVGPQPMRGWGEDPTKITHSADLPPSHQYIAFYMWLQHENGYGADAVVHLGTHGTLEWLPGKSAGLGQTDWPNNVLGNLPNINPYIVENTGEGTQAKRRGYAVIIDHQTSPMVPSGLYGNLSDLKSLINDYDLSTNSTRQAVLENQIKELIRELNLDSDLELDLETDDFEEVTDSVEHYLEELSSTLMPYGLHTFGISPNGTALNDTANAIVSFNPDDRNNSEFIVSITENISTNYEMENFLNALDGKFITPEIGGDMIRNPDVLPTGYNFYSFDPRYVPDEAAWEIGSQMADELIECYHNETGEYPKQVGVVLWSTETMRTNGQTIAMILRLIGAEPVWKSGKFIGIEVTPIEDLGRPRIDVLVSTSGLFRDSFSYLVEMLDDAFIQVMMNDTETADQNYLKKHYLKNYQEYLDEGMSPEDADFYASARIFGPEEGTYGTGISALVPTTSAWDDQEDLVNTYIERMSYIYGNGRYSEDAQEIFKDQLSQIDATVQIRDGLYGLLDNDDVYQYLGGLTMAAETYSGKDVLTYIANTRTSDAKVETLSTFLANEFRTRIENPQWIEGMLSEGSSGALEITSEIEHLFGWEAVDPNSVQDWMWEDVAETFIMDENIRTQMLEANPYAYNSLTAWALEAARRDMWTPTDEVLEFLANEYVQSTVDYGVTCCHHTCGNLEFTDWTVSKSSLDDSTMSEFSETYETATHDEVTIQTETKSSSKDSNSEPDSYSRVYSGEEVLDTKHPSNTSIKTNTTTTQDSASPVGSDGSSNSASTSSSSSTDSSSSTAPSQKAYEITMDSNPETSETSGTTILAILGALGMTGLVGFGYFKQNPDVLKFLRKK,1432
8,WP_152006267.1,Desulfoluna spongiiphila,NZ_LR701292.1,WP_152006269.1,DUF3859,PF12975,Domain of unknown function (DUF3859),MEQFHTTNKITFDPQDIRSIKTGLQTYGRLIRSEEAFTEDMFSYCNVYVETESGTAITLSDIENTSLAEEVYRFKRGSAAPVESTHLDEFLYSETHLFLKACDHPELKAEILDAAMAIVEYARKQNDTSAMWIDDVAVFGVDILYIIARRFPEYTYLLGAYFIPYWDTEHADYILGYLPMLVRRCGITRDLIKAFCYCDNAEVRTMMFASHGMDTEGMMIDASEEERDLLRHLRKHPDDHAYFKEAMKERFASQPFLQYSEDERDHVERPIDGFYITMLTSGEEYVDEDDHLEILSRKGVRDQADNEAAELHDEIEAFLGRPLVLPPAEEEDDDDCYYYRGEATEQWQSFIEGAFDNGEAIWAYVEHGHKPEILDTLAPCDPMDLAGKGNHKILKTFTWHVGGFDSLLEEFHATIRDLVYDHCDEDLTSAEIARGEQCILRFLDVFHRFFGQQPFAMDTVDFITDEWEMLSEADFQTRYGSDWRQAFKQNLDAFTGDNDNVFGKNLTACTRLLREHREDATPLLADLFSHKDPGLMTLAACALHTDFTENAHDTLTDTLVTYVETHFLPFFFDEVEDHSSFICAEKAQKLRDPNRPEHMRPTQEEAERLEKALADWNRVKTYVRGVKPAAPPRDLIMKAMKVGKEGLTPEELAQLQPPKGERLTHEEALEIMKTRLGVRESRSHARQAHYELFTGVSDHIQKIQITAYFLALMPLSVSKSASRALMLMADLAPVKSLRNLSFIHRASYRDEFMDTVTDEITFEDNLERLKFPKPGIWAWKVERCQNNEDKASLYHTLMEMFTEGETEEDRSFFGKIHANNKRDLRDGLGLLPKSTQLQFFKDTQEAFPDFGFDLGRELFFDTLATVLNSSLTCPESVFVSRARSHGAILSVADPTASAPILGKVSPVPSEAEALEQAELEEATNPGDNGYRWLLLQETDTGYVPLLRPWIVPILFREMAQGYGSLLYSTRVAVISASCPPELIESLHREMTRDSFKAAMADDALAYVRGKKPFDEVAPIAAHAIEKLSFEMKSYYDCRIKDFIWTMDEPTRLRALTFLAAASPEGLEAGWEEFQGSFDAYIAYIKQVNPPVHCLFSFILDCGEAKALLELANEADLVPCLADLKPQKRLEALELIDEEPSALPLLLAFKDDGSRKIRDLVARAKKAAPEAQALPRLTLVDFGPYALEPDACDETPAPGASVMAHNPRILEETLLIPAQVGTSFGIRFTCNDADAPEVLSHRVRILHPALSGEQEAVTSTGWAQNGVGQGRIFAGWTFETAAECVPGMWTIEIRDTDNSQTLLAQTFRVVAPAAAPPGLERIIREGAAAPGIEEIQAPGALHLVSGELVVCDASHPHKAISLVHPLPNGTPSVRLTFQKETRKMAFGEIRYSNDAVTNWHPAPFSHEEAGNGPGFCATSGTLCIMDRKTHDLCMTKQVSFGEAPGPLMQPDPDKAHNALVLKAGTSRVTCHGGYNVSGELATLAFAFDD,1488
9,WP_092211847.1,Desulfoluna spongiiphila,NZ_FMUX01000012.1,WP_092211853.1,DUF3859,PF12975,Domain of unknown function (DUF3859),MEQFHTTNKITFDPQDIRSIKTGLQTYGRLIRSEEAFTEDMFSYCNVYVETESGTAITLSDIENTSLAEEVYRFKRGSAAPVESTRLDEFLYSETHLFLKACDHPELKAEILDAAMAIVEYARKQNDTSAMWIDDVAVFGVDILYIIARRFPEYTYLLGAYFIPYWDTEHADYILGYLPMLVRRCGITRDLIKAFCYCDNAEVRTMMFASHGMDTEGMMIDASEEERDLLRHLRKHPDDHAYFKEAMKERFASQPFLQYSEDERDHVERPIDGFYITMLTSGEEYVDEDDHLEILSRKGVRDQADNEAAELHDEIEAFLGRPLVSPRPAEEEDDDDCYYYRGEATEQWQSFIEGAFDNGEAIWAYVEHGHKPEVLDTLAPCDPMDLAGKGNHKILKTFTWHVGGFDSLLEEFHATIRDLVYDHCDEDLTSSEVARGEQCILRFLDVFHRFFGQQPFAMDTVDFITDEWEMLSEADFQTRYGSDWRQAFKQNLSTFTGDNDNVFGKNLTACTRLLREHREDATSLLADLFSHKDPGLMTLAACALHTDFTENAHDTLTDTLVTYVETHFLPFFFDEVEDHSSFICAEKAQKLRDPNRPEHMRPTQEEAERLEKALADWNRVKTYVRGVKPAAPPRDLIMKAMKVGKEGLTPEELAQLQPPKGERLTHEEALEIMKTRLGVRESRSHARQAHYELFTGVSDHIQKIQITAYFLALMPLSISKAASRALMLMADLAPVKSLRNLSFIHRASYRDEFMDTVTDEITFEDNLERLKFPKPGIWAWKVERCQNNEDKASLYHSLMEMFTEGETEEDRSFFGKIHANNKRDLRDGLGLLPKSTQLHFFKDTQEAFPDFGFDLGRQLFFDTLTTVLNSSLTCPESVFVSRARSHGAILSVADPTASAPILGKVSPVPSEAEALEQAELEEAANPGDNGYRWLLLQETDTGYVPLLRPWIVPILFREMAQGYGSFLYSTRVAVVSASCPPELIESLHQEMTRDSFKAAMADDALAYVRGEKPFDEVAPIAAHAIEKLSFEMESYYDCRIKDFIWTIDEATRLRALTFLAAASPEGLEAGWEEFQGSFGAYIAYVKQVNPPVHCLFSFILDCREAKALLELAKEADLVPCLAGLKPQKRLEALELIDEEPSALTLLLAFKDDGSRQIRDLVARAKKAAPEAQALPRLTLVDFGPYALEPDACDETPAPGASVMAHNPRILEETLLIPAQVGTSFGIRFTCNDADAPEVLSHRVRILHPALSGEQGAVTSTEWAQNGVGQGRIFAGWTFETAAECVPGMWTIEIRDTDNSQTLLAQTFRVVAPAAAPPGLERIIREGAAAPGIEEIQAPGALHLISGELVVCDASHPHKAISLVHPLPNGTPSVRLHLQKETRKMAFGEIRYSNDAVASWHPAPFSHGKTGNCPDVCITSGTLCIMDRKTHDLCMAKQVSFGEAPGPLMQPDPDKAHNALVLKAGTSRVTCHGGYNVSGELATLAFAFDD,1489
7,WP_180143064.1,Desulfoluna butyratoxydans,NZ_CAADHO010000007.1,WP_180143066.1,DUF3859,PF12975,Domain of unknown function (DUF3859),MEQFHTTNKITFDPQDIRSIKAGLRTYGRLIRSEEAFTEDMFSYCNIYVETESGTAITLSDIDNTSLAEEVYRFKRGSAAPVESTRLDEFLYSETHLFLKACDHPELKADILDAAMAIVEYARKQNDTSAMWIDDVAVFGVDILYIIARRFPEYTYLLGAYFIPYWDTEHADYILGYLPMLVRRCGITRDLIKAFCYCDNAEVRTMMFASHGMDTEGMMIDASEEERDLLQHLRKHPDDHAYFKEAMKERFASQPFLQYSEDERDHVERPIDGFYITMLTSGEEYVDEDDHLEILSRKGVRDQADNEAAELHDEIEAFLGRPLVSPRPAEEEDDDDCYYYRGEATEQWQSFIEGAFDNGEAIWAYVEHGHKPEVLDTLAPCDPMDLAGKGNHKILKTFTWYVGGFDSLLEEFHHTIRDLVYDHCDEDLTSAEITRGEQCILRFLDVFHRFFGKQPFAMDTVDFITDEWEMLSEADFQTRYGSDWRQAFKQNLDAFTGDNDNVFGKNLTACTRLLREHREDASSLLADLFSHKDPGLMTLAACALHTDFTENAHDTLTDTLVTYVETHFLPFFFDEVEDHSSFICAEKAQKLRDPNRPQHMRPTPEEADKLEKALADWNRVKTYVRGVKPAAPPRDLIMKAMKVGKEGLTPEELAQLQPPKGERLTHEEALEIMKTRLGVRDSRSHARQAHYELFTGVSDHIQKIQITAYFLALMPLSISKAASRALMLMADLAPVKSLRNLSFIHRASYRDEFMDTVTDEITFEDNLERLKFPKPGIWAWKVERCQNNEDKASLYHSLMEMFTEGETEEDRTFFGKIHANNKRDLRDGLGLLPKSTQLQFFKDTQEAFPDFGFDLGRELFFDTLATVLNSSLTCPESVFVSRARSHGAILSVADPTASAPILEKVSPVPSEAEALEQAELEEAANPGDNGYRWLLLQETDTGYVPLLRPWIVPILFREMTQGYGSFLYSTRVAVVSASCPPELIETLHREMTRDSFKAAMADDALAYVRGEKPFEEVAPIAADAIEELSFEMESYYDCRIKDFIWTMDEPTRLRALTFLAAASPEGLEAGWEEFQGSFDAYIAYIKQVNPPVHCLFSFILDCGEAKALLELANEADLVPCLAGLKPQKRLEALQLIDEEPSALPLLLAFKDDGSRKIRDLVARAKKAAPEAQALPRLTLVDFGPYVLEPDACDETPAPGASIMAHNPRILEETLLIPAQVGTSFGIRFTCNDADAPEVLSHRVRILHPTLSGEQEAVTRTEWAQNGVGQGRIFAGWTFETAAECVPGMWTIEIRDTDNTQTLLTQTFRVVAPAAAPDGLERIIREGAAAPGIEEIQAPGSLHLVSGELVVCDASHPHKAISLVHPLPNGTPSVRLIFQKETRKMAFGEIRYSNDAVTSWHPAPFSHEETGNCPEVCITSGTLCIMDRKTHDLCMAKQVSFGEATGPLMQPDPNKAHNALVLKAGTSRVTCHGGYNVSGELATLVFAFDD,1489
9,WP_043629091.1,Nonomuraea candida,NZ_JOAG01000030.1,WP_157548999.1,NA,NA,NA,MRKDVTAKKRAIGSSHPPAAVEAGAAQAAAVPPPDDREARGKAAHAEDMDAARPREFDKQAFIAAVRKAIAERAPKNLDEADKFGESGKAGEVKAEVAGKVGEGKDASAQEIADRTAEVPQPAPDAKKVVPLAADRPPGRPRGPDPAQAAPDRLPPPATDLLAGPGQVDRQMSEAKVTERQLEFRNAREPSFDKAVKDKKAMEAHAAAAPRQVRAGESRELAEVKATAAAQGAAAMGGMHATRVATGRRVDAGKQGAKGRDEDKRAQVTAVLQQVFDRTKTDVEKILSDLDTKVDEEFTRKEERARRRFTDEHEEGMRRYKAERYGGLDGKLRWGWDLFAGLPEEANRIYERARDHYLTAMDEIITGIAGTVERELRRAKDRIAAGRKELTAAVDKLPADLKTIGREAAGDFAGRFDELAGSVDDKGDELVDTLATRYSDAVKAVDEQIAAAKEKNKGLVARAADAIGGAIKTIAELGRMLAGVLRKAATAVSAILKDPIGFLRNLVTGVGGGLRLFRKNAGRHLRDGVLTWLLGSAAVAGVTLPRSFDTIGILTMVAGMLGLSWPHLRARLARRVPEQAILAAETSVPLVAQARRRGVAGLADELKTRVGDLKKTLIDDLVGYLLPTIVIAGITWIVSLFSPASAFIRACKMIIDIIRFILTQARQIIDFVNAVLDAVIAIARGGTGGVPALVERALARSIPVLIGALAALLGIGGIPGKVRQILQKLSRPVNRAIDWVIDKIAGLVKRLWDRIRPRPRRVPERRPGVPLGRRPSDRRGPPRRRDRRGKDERRPAARRRERPRDRQRDRQRDRQRDRQRDRRREKRRERELKAALREAARLADRTSGDAEAVRAGLPAIKARHRLTLLTVAVEPKSGATVLFIFEGAVNPRATLRHLTSDRYLRTAQRAYRKRGKYRPFSVSDMPGQRRGEVVPGLRTVLRLGETQARKYAGKWVTEGKATTGTTARGRVIYSFGRLDDPNLEVPLDHPERVIWVNRALDIPMTEEQALDLWFLIMDGIRDGRTKNFDTVAARLMKGMRIPPKKGALWSKGEDLSDYAISLGFVTLEAQEFYKVTKGLTLLGNWTRVRPVWAAFSVRYARKLRKEIHIFLRQYVTGSVLVDIELDAIRKLEAKLGTTIPKKFHGMEWGDDPRRILTDPVPYVWHELTSDGTPLPKGKQQILDANAARFATAVARNRFHTRQAAKRAAGTRTPAGDVAPDALRELMESLPVVPQREADMKRLARHSLGHAGPVTLAPVGGGFSGAPVMRILDARGALIGVLKVFPDQEEFARELSSLARLGKIRILRNRVVSARGVARTSRRPGASGMVVMGAAAGRDVEGMMRETGSTPDGPERRRLMEELETAVRGIGRLLATLHTAPGGSGGPVGSAFLDRHIRDMRTRQSQLTGLAPWLARENIDVGLLQARIDELIDGLRANPGGSALVHGDSHPGNYFYDPATGVTMIDTTTLHFSIDRRGRPTGAPSRDVANFAQQIAHYSVNLKLKPHEVRRLQNAFRDAYRAAGGMGTTPEADAFFRARTSLGWLMRAMNALRAGRTLNAEDRKQVELAKRAFGLRS,1576
9,EPX59483.1,Cystobacter fuscus DSM 2262,ANAH02000017.1,EPX59485.1,Metallophos,PF00149,Calcineurin-like phosphoesterase,MSVLRWLHLSDFHQGMAGQSWLWPNVRELFFQDLEKLHALCGPCDLVLFTGDLTQRGSAEEFARFDETLHELFAHLRGLGSDPKLLVVPGNHDLSRPSSMETDAQVRVLGRWREYPDVQKVFWTEAASSYRKVVQGAFASYEKWWRETELPRLETLRHGLLPGDFSATFEKEGVRLGILGLNTAFLQLTGEDFHGRLAVGLPQFHESCGGDGPAWVGSHDACLLLTHHPPDWLDAEARQVLRGEIASPGRFFAHLFGHMHEGGARMVAEGGREPRRDIQAPSLFGLEQWGTAQESRRHGYTVGQLEFGEGHGSLRLWPRKALRRNDGSWRLVQDVHEFDLEDDQGTRPEQVSLRRRSTKAPRGRSTKKARVADFDDPLQALVEGIRELPNDLAHRIQGFLTHYVGPEARGGTPFGGRSDALSELDQWLDGEGQPPYRLLIAPGGRGKSALLAHWVCRLARREDLAVAYFPVSVRFQTNLAGQLFQALGARLAWLHGEPIPSDFNTPVDVWRRLFLDALSRRLDGGRLLLLVIDGLDEAADLALGPTLLPFPPSPGLRIVLSAREMTNRDVESWSRVLGWTQPGRVVPMVLESLDRRGISEALGGLNPPMDRLANHPPMVEELHRLTQGDPLLLGLYLEQLSGRPELEAVPEQLRSLQPGLEGYFNGWWDEQRDLWGDEAPLRESAVNDLLGALACALGPLRRDDLLRLLGLGSGLRLDETLRPVARLIVGDGQRQGIAFTHPRLATYLQSRLSEDERRAWTSRFLDWGRSTLKALESGGMNPKDVSAYLIHYYGAHLEREERGAEDFFPLVSEAWLRAVESRERAYAGFLNDVERVRKALQRDNEARLSARQPLAIAEEVRCGVVRSSIHSIAKNLSSAQMKAFISTRWWTLEEAHSYARNIPDAPKRMDALLAIVDCAPESRRDVYLHEALEMALALERNAFHFSNPLERVYSRVAASFLPTIVETLETHEDVAFRISSLVSLAKCQPRSLRPAILERARALLNSILREGARESLEKEVEDAADWERVQARRMRGWNLFAGRRDSRPSEVVYALSALAATPSDEYPDPDREHVLSQAWVKHLESRNAELELPSDLDERQLNRLVECIPGFNYMEARAYLLVALAPLLPLGLLLDAWRFAQEMEDPETRAEVLAAIVPRMPEPERRLAIEEMRQAAFAISDAEQVLTVAAALGDLLSEPQRSQMQFSVWEARDLARGSTRLYTLTGLIRFLPEAKRRDALEEVLREFTSRDELELRTNTFLSSLGPALASPSIRELLLDIEFRVPVDKLSFDALAEIAPFVPDEWLDEMWKATSRDANPNQVMSYFRALGPRLSPGLQRTVVDTLSDKTIGDGWRALVVSGLAPSLDDSLVSRVLEWIFPVRNEYQFWAFAELWPRLSSELRGKYFVDVVNAALAQEGIRRDRVVQVLAGPLAEVQGEKAIDFAEVISLIGWRALFLVDLLPYLPRHQERIIRDALDWAAMDAETFRASTVVRASAQAPDGMLPELVAVAKGVEERDDHRAAALGAIASRLPQEQRYALLEEALRLAIPGRTGMFWDDPLPELVPELCRLPREQLYRLWTDALSRLASQARPEFLKQLQVLAPVLHALGGEEELAQVVRTLLEVGRWWA,1629
7,WP_181501120.1,Methanococcus maripaludis,NZ_JACDUH010000001.1,WP_181501040.1,CobN-Mg_chel,PF02514,CobN/Magnesium Chelatase,MRFKNIFLILLSVLMLSSLITSVSAEEIDYKFISNTTSDGTGNFSFSNVPNGNYTLSGVIWSSAMGGMWLTNVQEIEIENGSPVGNLSMAMRSNSSNDAEAILRMLNRTGVSGATVDKYGAPKTGVTLVLTDKNGDFVTNTTSDATGNFSIGNIQNGNYTLSGVIWSTAMGGMWLTNVQEIEIENGIPVGNLSMAMRKNDNNDAEAILRMLNRTGVSGATVSKTGDPKVGTKLVLTDKNGDFVTNTTSDATGNFSIENLQNGNYTLSGVIWSTAMGGMWITNVQEIEIENGIPVGNLSMAMRSNSSNDAEAILRMLNRTCISGATVSKTGDPKVGTKLVLTKKMVSYIPGEVSKLNVAIVTGYSNYEKQLSTSTDRINTDSDLNIVASYYTTSNLSADIDLSQMDIIYIVMVTQSAEPIENTIQDAIDNGAVVIGSNTYLPESNYSIPEEHADIESFKKYLSEYWSGGASDDENFDNLIFYLAREYYNRTDLTVKEPTGLQRAIYHPNMTSTPIEFFTGDAGEYFAWYSNRTDGHSFDENAPTVGIAFYTSYYPNEMDPIDKLIAGFESKGVNVIACYGDADNQLDGFFNYNNNTKVDAVISFLYRGTYFNMEELGVPVIDGVLNGYMNTSEWIETSNPLPVTNMLRIYRPESEGLIDPIMIGAEETVLEDNDTISKYMGHDTQIEWLINRTIAQCNLGIDPENEKKVAIIYYNHEGGKNNIGASYLEVAPSIVNLLNAMDSDGYNINESIIPNKTELVDLILLQGRNIGSWAPGELESLVETGEVELIPEETYISWFNELPEERRNEVVETWGEAPGELMVYEYSNGSKYIVIPKISMSDNVIVAPQPSRGWMDSYDTLYHDTELPPNHQYIAFYLWLQKEFDADVMVNMGRHGTVEWLPGKEFCLLSDEWPALMVGDIPVVYPYVMDGTGEGMQAKRRGSAIIIDHLIPPVVSAGLYGNYSLLNSEIASYQTSVTESESLKQAQFEEIVNLTFELGLENRVNMSLSENNGTIDEFLDELDDVLRDLRTLSMPYGLHVLGEAPDDDELVGMVNSMLGSSYSEKVAAYNSSDSAANDLLTKVLLENITIDDAQMQVLGTTSEDIETDLQLAITYSELLLEADDEIEQVLKAMNGEYIEPGLGGDPILRPETLPSGSNFYAFDEQLVPTKQAWEEGKALVDEWLSQYYDENGEYPTKVAYILWAGESTRHQGIMEAQILYMLGVKPVWNENNGKVTDVEIINSSELNRPRIDVVVQISGLYRDSFPMKVQLIDKAVRLAYEEDEPDNYVRINTDELKDVLNEHLQNESLSLDIAQFRLFGPADGNYGTGMANAVSSSETWNDTDALAELYISRMSYIYGQNIWGQTISEYIELQTGQNVEINNTIIFENNINDVSDIFHSRSSNTYGSLDTNDFFQYVGGLINAITYESGESPDAHVVNLQNADDQKIESLQTYLENELYSRYYNPTWITGMQESGFEGATEMEKFVENLWGWEALTSDIISDGMWNKVYDTYVTDSELSAWLNENNPYAYQSMTARMLETARKGCWDASGETLENLANEFIQSVAEYGVTCCHHTCGNLELNDWALEHSSLDEKTLKEYEKLYEEATQEDIEVPSQENKDTYTDSSSEPDSYSRVYSEEESKQEVLSDETVKTNTTTKEDSAASAGSDGADSNSGSSSTDSSDAPNSQKAYEIEVNEPENSGSSGTTMFAILGAVGMTGLIGFGYFRQNPNFLKFLRRK,1739
7,WP_127651424.1,Pseudomonas koreensis,NZ_MKWS01000016.1,WP_127651425.1,An_peroxidase,PF03098,Animal haem peroxidase,MYQLKRFTLNANDISFLEQQVSFPTIHIVGYDSSGQPLYGYDGSDGNVHVLGLLGSFNPLDTPPGEPVWYNGARDPIGLRDVSGHFNNLTQDGQSWGSFAQNFIRLTHSDYSHYVQQNLGNAALTSGAGVPAGATPLSDSSSLYSDPTASLVDYTPRMISQTIVSGGVTFATDANGHIQHTATGVAIVTDPGILGTIGEVDTSAPDSGQYYIRNQNTVSGDPSTTGWFTLFGQFFDHGLDFINKPNQNATITIPLAPDDPLYGTIGPDGQPVYSIKVHRASVAEVDGQGQAQYVNLDSPYIDQNQTYGSNDAVTQLLRQWVADPNHPGQFIAGAALFDGTTLSDEAAWTLNGVLTHQTLPTLSELRAHVLATDRDDLTWDDIANFRVRDAHGHVLDADPNTAGVQAVYTREALLLDMNPHFDDAHIDQARLMSLDSHITSITFDANNPYGMVVNYDNAGPKNLFSFVNFADFTISAAPGSADYAVANELLLQSVGDHYIAGDGRVNENFGLTAIHHVFHEDHNVQLINLQNEVLSQTDVNVRHNWQVQVSNGSGGFYTDANGNFTQADGVTVSWDQDKLFYAAKLTVEMEYQHVAIDQYARLITPDLPEFVTYDSGINTNISLEYGQAAFRFGHSQLRETIDALEKNASGGYDLTGAITHYALEQAFLNPGGFAEVGPTAIALGMTRQISNEIDEFVTPALQQGLLGQPLDLATINLARGRDLGLPTLNQARQQIHDALIAERASPAGAQHHTNLIVDGLTPYTSWSDFANNMIHPESLVNFIAAYSFDGDVAHAQAIIDADATGVTTNYAGGSVTAEQAAYFLSGAADPNGNHVAGYDGYNAIDLWIGGLAEKHVYTGQLGTTFNAIFEDQMERLMDGDRFYYLFRLDLGLPAMTNLNEQVVTEQFKDIIERTTDARHLAGDVFGYADSYIELSYTDSGASPTAYKSEHKYGTLIEANHMGVYSTGGVGGIGGNGLLVSLSNPETHTSQTYIRDYRPDQGENPDGTAAVGYNSHEVLVGTDYNDWLDAGDGDDTIYGEGGDDILDGKAGADHIYGGDGNDVIYGGDIEDFLDGGEGDDTIYAGTSAGALDVVIGGNGNDHLYGEAGIDELYGGAGNDYIDAGGDTDLVHGGDGNDEIYGGDGPDILFGEDGDDIISGGSTGDQEFGGVGDDILLPGLGGAPGQGDGDEALGDVGFDIAAFSDVNIALDAAADLNNQNIVAAPGTGVLFQPFNALLTDIEGLIGSRFSDSRPNSASPANPTAGLIGNATENWLIGGSGDDVAQGNGGNDVIVGDSIKLADLNHLLASQGFAEHFTGLQASRPGFILGDNHAAPGTADGAADAAILSGNFADYSITKFTDTRPGGEMITAFKVVDLRVGAANVDGTDIVIGVEKLRFADRTVNLSITNHLPTGNVAVSGFATAPTTPSRPVPTQYRLTANTSAIQDADGLPGPSGFSYQWQALVGATWLNISGANASTFAPTSAQFGQQVRVLTTYTDNSGTVEQLTSDPTEAVGRFIEGSNFFSNTLNGTNYQDILMGYSGNDVLNGGLGSDLLDGGSGSDIMRGNAGNDIYVVDANGDVVQENLNEGTDTVTSSVSYTLGANVENLTLLGSSNINGTGNGLDNVITGNSGNNQLSGLAGNDTLFGGSGNDTMLASLNDGNDHYDGGTGTDTYDLSATSAAATVDLQAGTSTSTQTGSDTLTGIENITGGSGNDHIQGDGASNLLQGQGGNDWLDGGSGSDTLVGGQGLDGVFGGLGNDTLRASVNDGNDTYDGGGDVDTYDLSATSSSATVNLATGLASSSQTGADTLINVENVIGGSGANTLTGDGGSNVLTGQGSTDTLAGGGGNDTLEGGGNRDILSGGAGNDLFVFSATGDSGTSTLTRDVINDFTHGQDHIDLSLIDARTSGTGSAGNQDFTFLGEWNGVGTEFNNQAQLKYHFVNVGGVDHTYVEGNVNSGSSADIQIDLVGHVALTASDFVGVV,1982
7,WP_095666849.1,Pseudomonas moraviensis,NZ_NRSS01000004.1,WP_095666850.1,An_peroxidase,PF03098,Animal haem peroxidase,MYQLKRFTLNANDISFLEQQVSFPTIHIVGYDSAGQPLYGYDGSDGNVHVLGLLGSFNPLDTPPGEAVWYNGARDPIGLRNVSGHFNNLTQDGQSWGSFGQNFIRLTHSDYSHYVQQNLSNAALTLGAGVPAGITPLSDSSSLYSDPTASLVDYTPRMISQTIVSGGVTFATDANGHIQHTATGVAIVTDPGILGTLGEIDTSAPDSGQYYIRNQNTVSGDPSTTGWFTLFGQFFDHGLDFINKPNQNATITIPLAPDDPLYGTIGPDGQPVYSIKVHRASVAEVDGQGQAQYVNLDSPYIDQNQTYGSNDAVTQLLRQWVADPNHPGQFIAGAALFDGTTLSDEAAWTLNGVLTHQTLPTLSELRAHVLATGRDDLTWDDIANFRVRDAQGHVLDADPNTAGVQAVYTREALLLDMNPHFDDAHIDQARLMSLDSHITSITFDANNPYGMVVNYDNGGPKNLFSFVNFADFTISAAPGSADYAVANELLLQSVGDHYIAGDGRVNENFGLTAIHHVFHEDHNVQLINLQNEVLSQTDVNVRHNWQVQISNGNGGFYTDANGNFTLADGVTVSWDQDKLFYAAKLTVEMEYQHVAIDQYARLITPDLPEFVTYDSGINTNISLEYGQAAFRFGHSQLRETIDALEKNASGSYDLTGAITHYALEQAFLNPGGFAEVGPTAIALGMTRQISNEIDEFVTPALQQGLLGQPLDLATINLARGRDLGLPTLNQARQQIHDALVAERASPAGAQHHTNLIVDGLTPYTSWSDFANNMIHPESLVNFIAAYSFDGDVAHAQAIIDADATGLTTNYAGGSVTAEQAAYFLSGAADPNGNHVAGYDGYNAIDLWIGGLAEKHVYTGQLGTTFNAIFEDQMERLMDGDRFYYLFRLDLGLPAMTNLNEQVVTEQFKDIIERTTDARHLAGDVFGYADSYVELSYTDSGASATAYKSEHKYGTLIEANHMGVYSTGGVGGIGGNGLLVSLSNPETHTSQTYIRDYRPDQGQNPDGTAAVGYNSHEVLVGTDYNDWLDAGDGDDTIYGEGGDDILDGKAGADHIYGGDGNDVIYGGDIEDFLDGGEGDDTIYAGTSAGALDVVIGGNGNDHLYGEAGIDELYGGAGNDYIDAGGDTDLVHGGDGNDEIYGGDGPDILFGEDGDDIISGGSTGDQEFGGTGDDILLPGLGGAPGQGDGDEAIGDVGFDIAAFSDVNIALDAAADLNNQNIVAAPGTGVLFQPFNALLTDIEGLIGSRFSDSRPNSAAPANPTAGLIGNATENWLIGGSGDDVAQGNGGNDVIVGDSIKLADLNHLLAGQGYAQHFTGLQASRPDFILGDNHAAPGTADGAADTAILSGNFADYSITKFTDTRPGGELITAFKVVDLRAGAANVDGTDIVIGVEKLRFADRTVNLSINNHLPTGNVTVSGFATAPTTPIRPVPAQYRLTANTSAIQDADGLPGPSGFSYQWQALVGATWLNISGANASTFAPTSAQFGQQVRVLTTYTDNSGTVEQLTSDPTEAVGRFIEGTNFFSNTLNGTNYQDILMGYSGNDVLNGGLGSDLLDGGSGNDTMRGNAGNDIYVVDANGDVVQESLNEGTDTVTSSISYTLGANVENLTLLGSNNINGTGNSLDNVITGNSGNNQLTGLAGNDTLFGGGGNDTMLASLNDGNDHYDGGTGTDAYDLSATSAAATVDLQAGTSTSTQTGSDTLTSIENVNGSSGNDHIQGDGASNLMQGQGGNDWLDGGSGGDTLVGGQGLDSVFGGLGNDTLRASVNDGNDSYDGGGDVDTYDLSATSASATVNLATGLASSSQTGSDMLINVENVIGGSGANTLTGDGGDNVLTGQGGTDTLAGGSGNDTLEGGGNRDILSGGAGNDLFVFSATGDSGTSTLTRDVINDFTQGQDHIDLSLIDARTSGAGSAGNQDFTFLGEWNGVGTEFNNQAQLKYHFVNVGGVDHTYVEGNVNSGSGADIQIDLVGHIALTASDFVGVV,1982
7,WP_041062761.1,Pseudomonas sp. W15Feb9B,NZ_JTKF01000001.1,WP_041062764.1,An_peroxidase,PF03098,Animal haem peroxidase,MYQLKRFTLNANDISFLEQQVSFPTIHIVGYDSAGQPLYGYDGSDGNVHVLGLLGSFNPLDTPPGEAVWYNGARDPIGLRNVSGHFNNLTQDGQSWGSFGQNFIRLTHSDYSHYVQQNLSNAALTLGAGVPAGITPMSDSSSLYSDPTASLVDYTPRMISQTIVSGGVTFATDANGHIQHTATGVAIVTDPGILGTLGEIDTSAPDSGQYYIRNQNTVSGDPSTTGWFTLFGQFFDHGLDFINKPNQNATITIPLAPDDPLYGTIGPDGQPVYSIKVHRASVAEVDGQGQAQYVNLDSPYIDQNQTYGSNDAVTQLLRQWVADPNHPGQFIPGAALFDGTTLSDEAAWTLNGVLTHQTLPTLSELRAHVLATGRDDLTWDDIANFRVRDAQGHVLDADPNTAGVQAVYTREALLLDMNPHFDDAHIDQARLMSLDSHITSITFDGNNPYGMVVNYDNAGPKNLFSFVNFADFTISAAPGSADYAVANELLLQSVGDHYIAGDGRVNENFGLTAIHHVFHEDHNVQLINLQNEVLSQTDVNVRHNWQVQISNGNGGFYTDANGNFTLADGVTVSWDQDKLFYAAKLTVEMEYQHVAIDQYARLITPDLPEFVTYDSGINTNISLEYGQAAFRFGHSQLRETIDALEKNASGSYDLTGAITHYALEQAFLNPGGFAEVGPTAIALGMTRQISNEIDEFVTPALQQGLLGQPLDLATINLARGRDLGLPTLNQARQQIHDALVAERASPAGAQHHTNLIVDGLTPYTSWSDFANNMIHPESLVNFIAAYSFDGDVAHAQAIIDADATGLTTNYAGGSVTAEQAAYFLSGAADPNGNHVAGYDGYNAIDLWIGGLAEKHVYTGQLGTTFNAIFEDQMERLMDGDRFYYLFRLDLGLPAMTNLNEQVVTEQFKDIIERTTDARHLAGDVFGYADSYVELSYTDSGASATAYKSEHKYGTLIEANHMGVYSTGGVGGIGGNGLLVSLSNPETHTSQTYIRDYRPDQGQNPDGTAAVGYNSHEVLVGTDYNDWLDAGDGDDTIYGEGGDDILDGKAGADHIYGGDGNDVIYGGDIEDFLDGGEGDDTIYAGTSAGALDVVIGGNGNDHLYGEAGIDELYGGAGNDYIDAGGDTDLVHGGDGNDEIYGGDGPDILFGEDGDDIISGGSTGDQEFGGTGDDILLPGLGGAPGQGDGDEAIGDVGFDIAAFSDVNIALDAAADLNNQNIVAAPGTGVLFQPFNALLTDIEGLIGSRFSDSRPNTAAPANPTAGLIGNATENWLIGGSGDDVAQGNGGNDVIVGDSIKLADLNHLLAGQGYAQHFTGLQASRPDFILGDNHAAPGTADGAADTAILSGNFADYSITKFTDTRPGGELITAFKVVDLRAGAANVDGTDIVIGVEKLRFADRTVNLSINNHLPTGNVAVSGFATAPTTPSRPVPAQYRLTANTSAIQDADGLPGPSGFSYQWQALVGATWLNISGANASTFAPTSAQFGQQVRVLTTYTDNSGTVEQLTSDPTEAVGRFIEGTNFFSNTLNGTNYQDILMGYSGNDVLNGGLGSDLLDGGSGNDTMRGNAGNDIYVVDANGDVVQESLNEGTDTVTSSISYTLGANVENLTLLGSNNINGTGNSLDNIITGNSGNNQLTGLAGNDTLFGGGGNDTMLASLNDGNDHYDGGTGTDAYDLSATSAAATVDLQAGTSTSTQTGSDTLTSIENVNGSSGNDHIQGDGASNLMQGQGGNDWLDGGSGGDTLVGGQGLDSVFGGLGNDTLRASVNDGNDSYDGGGDVDTYDLSATSASATVNLATGLASSSQTGSDTLINVENVIGGSGANTLTGDGGDNVLTGQGGTDTLGGGSGNDTLEGGGNRDILSGGAGNDLFVFSATGDSGTSTLTRDVINDFTQGQDHIDLSLIDARTSGAGSAGNQDFTFLGEWNGVGTEFNNQAQLKYHFVNVGGVDHTYVEGNVNSGSGADIQIDLVGHIALTASDFVGVV,1982
7,WP_047294899.1,Pseudomonas fluorescens,NZ_LCZD01000018.1,WP_047294900.1,An_peroxidase,PF03098,Animal haem peroxidase,MYQLKRFTLNANDISFLEQQVSFPTIHIVGYDSAGQPLYGYDGSDGNVHVLGLLGSFNPLDTPPGEAVWYNGARDPIGLRNVSGHFNNLTQDGQSWGSFGQNFIRLTHSDYSHYVQQNLSNAALTLGAGVPAGITPLSDSSSLYSDPTASLVDYTPRMISQTIVSGGVTFATDANGHIQHTATGVAIVTDPGILGTLGEIDTSAPDSGQYYIRNQNTVSGDPSTTGWFTLFGQFFDHGLDFINKPNQNATITIPLAPDDPLYGTIGPDGQPVYSIKVHRASVAEVDGQGQAQYVNLDSPYIDQNQTYGSNDAVTQLLRQWVADPNHPGQFIAGAALFDGTTLSDEAAWTLNGVLTHQTLPTLSELRAHVLATGRDDLTWDDIANFRVRDAQGHVLDADPNTAGVQAVYTREALLLDMNPHFDDAHIDQARLMSLDSHITSITFDANNPYGMVVNYDNGGPKNLFSFVNFADFTISAAPGSADYAVANELLLQSVGDHYIAGDGRVNENFGLTAIHHVFHEDHNVQLINLQNEVLSQTDVNVRHNWQVQISNGNGGFYTDANGNFTLADGVTVSWDQDKLFYAAKLTVEMEYQHVAIDQYARLITPDLPEFVTYDSGINTNISLEYGQAAFRFGHSQLRETIDALEKNASGSYDLTGAITHYALEQAFLNPSGFAEVGPTAIALGMTRQISNEIDEFVTPALQQGLLGQPLDLATINLARGRDLGLPTLNQARQQIHDALVAERASPAGAQHHTNLIVDGLTPYTSWSDFANNMIHPESLVNFIAAYSFDGDVAHAQAIIDADATGLTTNYAGGSVTAEQAAYFLSGAADPNGNHVAGYDGYNAIDLWIGGLAEKHVYTGQLGTTFNAIFEDQMERLMDGDRFYYLFRLDLGLPAMTNLNEQVVTEQFKDIIERTTDARHLAGDVFGYADSYVELSYTDSGASATAYKSEHKYGTLIEANHMGVYSTGGVGGIGGNGLLVSLSNPETHTSQTYIRDYRPDQGQNPDGTAAVGYNSHEVLVGTDYNDWLDAGDGDDTIYGEGGDDILDGKAGADHIYGGDGNDVIYGGDIEDFLDGGEGDDTIYAGTSAGALDVVIGGNGNDHLYGEAGIDELYGGAGNDYIDAGGDTDLVHGGDGNDEIYGGDGPDILFGEDGDDIISGGSTGDQEFGGTGDDILLPGLGGAPGQGDGDEAIGDVGFDIAAFSDVNIALDAAADLNNQNIVAAPGTGVLFQPFNALLTDIEGLIGSRFSDSRPNSAAPANPTAGLIGNATENWLIGGSGDDVAQGNGGNDVIVGDSIKLADLNHLLAGQGYAQHFTGLQASRPDFILGDNHAAPGTADGAADTAILSGNFADYSITKFTDTRPGGELITAFKVVDLRAGAANVDGTDIVIGVEKLRFADRTVNLSINNHLPTGNVTVSGFATAPTTPSRPVPAQYRLTANTSAIQDADGLPGPSGFSYQWQALVGAMWLNISGANASTFAPTSAQFGQQVRVLTTYTDNSGTVEQLTSDPTEAVGRFIEGTNFFSNTLNGTNYQDILMGYSGNDVLNGGLGSDLLDGGSGNDTMRGNTGNDIYVVDANGDVVQESLNEGTDTVTSSISYTLGANVENLTLLGSNNINGTGNSLDNVITGNSGNNQLTGLAGNDTLFGGGGNDTMLASLNDGNDHYDGGTGTDAYDLSATSAAATVDLQAGTSTSTQTGSDTLTSIENVNGSSGNDHIQGDGASNLMQGQGGNDWLDGGSGGDTLVGGQGLDSVFGGLGNDTLRASVNDGNDSYDGGGDVDTYDLSATSASATVNLATGLASSSQTGSDTLINVENVIGGSGANTLTGDGGDNVLTGQGGTDTLAGGSGNDTLEGGGNRDILSGGAGNDLFVFSATGDSGTSTLTRDVINDFTQGQDHIDLSLIDARTSGAGSAGNQDFTFLGEWNGVGTEFNNQAQLKYHFVNVGGVDHTYVEGNVNSGSGADIQIDLVGHIALTASDFVGVV,1982
8,TRU70953.1,Microcystis viridis Mv_BB_P_19951000_S68,SFAY01000208.1,TRU70954.1,AAA_16,PF13191,AAA ATPase domain,MIVLKGYDILAQIYESVNSEVYRAIRTVDNQPVILKILKQEYPTAQQLTHYKQEYKTICGLNFEEAIKAYGLETYRRTPVIILEDFGGISLKKWLEGKTLALRDFLSLAPRIVANLEKIHNAKVIHKDINPANIVLNPETGQIKIIDFGIASVLQRENPGLKNPNVLEGTLAYLSPEQTGRMNRSLDYRTDFYSLGVSFYELLTGQLPFRANDALELVHCHLAKQPLEINSLVREKIPPVVEAIIRKLMAKTPEERYQSAYGIRADLEESLRQLETTGKIDDFVIARQDLANQFQIPQKLYGREAEIATLLTAFQRVATADKNSSRTELMLVTGYSGMGKTTLVKEIYQPITEKRGFFISGKFDQFQRDIPYAAVISALTHLVKQLLGESQPQLQLWRQKLLKSLGANARVIIDVIPQLELIIGPQPEVLQLGAIATQNRFNLVFKNFIRVFCCLEHPLVIFLDDWQWADLASLQLIELIMLDGDMDYLFLIGSYRSNEINSTHPLTATLDKLEQGGIIINQVILRPLGPAQVNQLIADTLNHSPEYVQSLSALVWQKTHGNPFFVNEFLKTIYWENLLFFQPGQQTTTKTDNNRGYWQWHLGQIQRIGSTDNLIQFMMGKMQKFPHETQEVLRLAACLGAEFNLYSLAVISEKSPPELLPILNYSSEAGLIIPLSELDEQLLIQEYKFAHDRIQQGAYALIEDSQKSLIHLKIGRLLWQHTSVNELSEKIFKIVDHLNLGYQLISEEKERESVAKLNLLAAQKAKAANAQNGALKYIKIAQKLLKKSSWKNNYQLTLNIYSEATEIAYLSGDFEQMQCWANLVLKQAKTTLDKIKVYEVIIEAYHAQNQELKAVQIGLSVLKSFDFEISESLQSSDIQEELTKTRQKLASRNIEDLINLPPINEEEKLAIMKIASAIFSPVFIAAPHLLPILVSKQVNLSIQYGNSYLAAFTYVNYGLILCGLLENWETGYQFGKLALNIADKFHAKALMPKIIAVFSTTISIWKEPIKNSLSLLKSSYQTGLEIGDLYYGTTCAYLYCFHSAFIGQELTELAREIANYDLAFVKLKQENPRNYLKIYGQTVLNLLGRSENSSHLEGRYYQETVMLQYHIEANDLYGLCALFVNKLYLCYLFGQYETAIKNANQAQNYLGGATATLLISLHNFYDSLAHLAIYNHLDNDQKQQILERVTNNQKKQQEWANQAPSNYLHKFYLVQAEKDRVQQSYLEAIEKYELAIAKAKENEYINEEALANELAAKFYLDWGKVKIAKTYINEAAYLYSLWGATAKVKDIESRYSQLMVNNYGSNSPTETRRTTTRKNSVSHAGELLDLATIMKASQAISSEIVLDQLLATLMKILIENAGAQLGYLILESGGQLLIEASGSVQEDGVTVFKSNAIEEHLPVSIINYVARSGQTVLNNDAAHQGNFSNDPYIKIHQTKSLLCSPLLDQGQLRGIVYLENNLTVGAFTQERLEVLQLLSSQAAIAITNAKLYAEIKAKQRQLAQFLEAMPVGVFVLDADSQPYYANQTAQEILGKGIVNITTANQLGKTYQLYQAGTDRLYPTEDQPIVRALRGEKNTMDDLEIHQGEKIIPLEVYATPVFDEKGEIIYAITAFTDITERKQAEAERIRFTEELAEYSRTLEQKVQERTLELSQTLEILKATQAELLFENELLRSTEESSTFDYQVGGSLPMDAPTYVVRAADRYLYKALKRGDFCYVLNPRQMGKSSLMVRMIDHLQHEGICCAPIDLTRIGSENVTSDQWYKGIAFELGRRFGLLKRVNLKAWWQEREDVSAVQRLGEFIEEVLLLEVGIVDGSPPKPIVIFIDEIDSVLGLNFAVNDFFALIRSCYNQRGFNSLYRRLTFAFFGVVTPSDLITDHQITPFNIGHSIQLEGFKEHEAQPLLRGLAEKVSNPQTVLKEVFAWTNGQPFLTQKLCQLIRTAAAPIPPNGEAPWIEDLVQKKIIDNWESQDEPEHLRTIRDRLLNSHRSQLLLRLYERILREKEVIAEDSPPEKELLLSGLVIKDQGRLQVHNPIYPVASRQ,2041
7,WP_158198716.1,Microcystis aeruginosa FD4,NZ_CP046973.1,WP_158198717.1,AAA_16,PF13191,AAA ATPase domain,MIVLKGYDILAQIYESVNSEVYRAIRTVDNQPVILKILKQEYPTAQQLTHYKQEYKTICGLNFEGAIKAYGLETYRRTPVIILEDFGGVSLKKWLEGKTLALRDFLSLALRIVANLEKIHNAKVIHKDINPANIVLNPETGQIKIIDFGIASVLQRENPGLKNPNVLEGTLAYISPEQTGRMNRSLDYRTDFYSLGVSFYELLTGQLPFRANDALELVHCHLAKQPLEINSLVREEIPPVVEAIIRKLMAKTPEERYQSAYGIRADLEESLRQLETTGKIDDFVIARQDLANQFQIPQKLYGREAEIATLLTAFQRVATADENSPHTELMLVTGYSGMGKTTLVREIYQPITEKRGFFISGKFDQFQRDIPSAAVISALTHLVKQLLGESQPQLQLWRQKLLKSLGANARVIIDVIPQLELIIGPQPEVLQLGAIATQNRFNLVFKNFIRVFCSPEHPLVIFLDDLQWADLASLQLIELIMLDGDMNYLFLIGSYRSNEINSTHPLTATLDKLEQGGIIINQVILRPLGPAQVNQLIADTLNHSPEYVQSLSALVWQKTHGNPFFVNEFLKTIYWENLLFFQPGQQTTTKTDNNRGYWQWHLGQIQRIGSTDNLIQFMMGKMQKLPPETQEILSLAACLGAEFNLNILAVISEKSPPELLPILTSSSEAGLIIPLSELDEQLLIQEYKFAHDRIQQGAYALIEDSQKSLIHLKIGRLLWQHTSVNELSEKIFKIVDHLNLGYQLISEEKERESVAKLNLLAAQKAKAANAQTGALKYIKIAQKLLKKSSWKNNYQLTLNIYSEATEIAYLSGDFEQMQCWANLVLKQAKTTLDKIKVYEVIIEAYHAQNHELKAVQIGLSILKSLDFEIPQSLQSSAIQEELTQTRQKLASRNIEDLINLPPINEEEKLAIMKIAAAIFSPVFIAAPHLLTILVSKQVNLSIQYGNSYLAAFTYVNYGLILCGLLEDWETGYQFGKLALNIADKFHAKALMPKIIAVFSTTISIWKEPIKNSLSLLKSSYQTGLEMGDLYYGTTCAYLYCFHSAFIGQELTELDREIAKYDLAFVKLKQENTRNYLKIYGQTVLNLLGHSENPSRLEGKYYQETLMLPYHLEANDLYGLCALFVNKLSLCYLFGQYEQAIENANQAQKYLGGATATFLISLHNFYDSLAHLAIYNYLDNDQKQQILERVTNNQKKQQEWANQAPSNYLHKFYLVQAEKDRVQQSYLEAIEKYELAIAKAKENEYINEEALANELAAKFYLDWGKVKIAKTYINEAAYLYSLWGATAKVKDIESRYSQLMVNNYGSNSPTETRRTTTRKNSVSHAGELLDLATIMKASQAISSEIVLDKLLATLMKILIENAGAQLGYLILESGGQLLIEASGSVQEDRVTVFKSNAIEEHLPVSIINYVARSGQTVLNDDAAHEGNFSNDSYIKTHQTKSLLCTPLLDQGQLRGIVYLENNLTVGAFTQERLEVLQLLSSQAAIAINNAKLYAEIKAKQRQLAQFLEAMPVGVFILDAGSQPYYANQTAQEILGKGIVDITTANQLGKTYQLYQAGTDRLYPTEYQPIVRALRGEKNTMDDLEIHQGEKIIPLEVYATPVFDEKGEIIYAITAFTDITERKQAEAERIRFTEELAEYSRTLEQKVQERTLELSQTLEILKATQAELLFENELLRSTEESSTFDYQVGGSLPMDAPTYVVRAADRYLYKALKRGDFCYVLNPRQMGKSSLMVRMIDHLQHEGICCAPIDLTRIGSENVTPDQWYKGIAFELGRRFGLLKRVNLKAWWQEREDVSAVQRLGEFIEEVLLLEVGIVEGSPPKPIAIFIDEIDSVLGLNFAVNDFFALIRSCYNQRGFNPLYRRLTFAFFGVVTPSDLITDHQITPFNIGHSIQLEGFKEHEAQPLLRGLAEKVSNPQTVLKEVFAWTNGQPFLTQKLCQLIRTAAAPIPPNGEAPWIEDLVQKKIIDNWESQDEPEHLRTIRDRLLNSHRSQLLLRLYERILREKEVIAEDSPPEKELLLSGLVIKDQGRLQVHNPIYRAIFHLHWLALAKST,2050
3,WP_036846860.1,Porphyromonas cangingivalis,NZ_KN265639.1,WP_036846847.1,N6_Mtase,PF02384,N-6 DNA Methylase,MAYNKKVVLEANTEAIRVVLRLEKERREATEAEKTILRGYQGFGGLKCVLNRCDQAEDIRHWSASEQNLFAPTQQLKQLIYREAIDAHTAKRYWDSIKASVLTSFYTDTHIVSAIADSIATAGVTIKRCLDPSAGIGAFAETFAKQAGLVDTMEKDLLTARISQALHPYGEGNIFVQNQPFEAIGAVEDKDRYDLVTSNIPFGDFMVYDRSYTKGKDVLKSESTRAIHNYFFVKGLDTLKEGGLLAFITSQGVLDAPRNEPIRRYLMQNSRLISAIRLPSGMFSENAGTEVGSDLIVLQKQSGKDIGEGLEQAFVRNFPVPKGDGFSIAFNHSSLFEGEWQEVMKHTIATSRSMGTDPYGKPTWVYEFDGGIEEMAQSLRFQLSEDIKKRFDRKLYETGIAMTEEERQAEAEKKLRQLGVTAGLSESKEEKGKGAELDDKINDAYTLLPKSIEKQLPKLYSTEGELIGDKVAYARYFFPMGAYTAYLLEYDPKERIGFGAVTMGYEWELGIISLDEMAEVNIHGLGIERDLYFKPKKLHEIAELEELVRGRYTKEATPRMESVVEEKKKKTKEGETEVGHTEERQEPTVNLPSQEESAPEGVPTLTLHHQYQKEVPEIRTDVEPPREMNGQTVYFDDDHHPIMENPDWSETFLFAPEEYTLWTQEVALFNESIKEPIPAPKQKSDTTSTTKPGHLTTPRRHRAGKKGGAASGYERSLFDFANENESYSAPSTTETQKIFDASPRPFLSAPDSHLRDGSIVLQNGQVGFISDLKRHPTFNPMDLPYAQLSRLKAYIEVRESYHRLYDYEAINHSEEREERSKLNRLYDSYVARWGHFNQKSNIDIIKMDATGVEMLFLERSENGQFVKADIFDHPTAFSTSELTIAADPLEALSASLNKYGTVELDYMSSLLPEMEESDILSALEGHIYFNPEIDGYEVADKFVSGNVIEKADRLASWLLDHPDHEEGKQSLAALMAARPTPIPFSDLDFNFGERWIPSSVYEKFASEFFETDIRISYHSNMDEYTISCDRKNASIWHKYAVQGEFRRYDGLHLLKHALHNTIPDINKSKEVVDKTTGETKNIKVRDGEKIQQANAKIEEIRQGFVDWLGRSPESFKEQLADRYNELFNCFVRPNFDGSHQSFPNLDLKCLGIPDLYKSQKDAVWMLKTNGGGICDHEVGAGKTLIMCTAAYEMKRLGLANKPMIIGLKANVFDIADTFRKAYPNAKILYPGKDDFTKQNRQRIFNDIKNNDWDCIILTHEQFGMIPQALEIQQAILQKEMDSVEENLEVLRKQGRDISRGMLKGLEKRKQTLEAKLRDLQDSIAERKDDAVDFKMMGIDHLFVDESHQFKNLMFNTRHDRVSGLGNPDGSQRALNMLFAIRTIQERSGKDLGATFLSGTTISNSLTELYLLFKYLRPQALEKQGINSFDAWAAVFAKKSTDYEFSVTNEIIQKERFRTFIKVPELASFYSEICDFRTAKDIGIDRPEKNEILHNIPPTPEQEEFINRLMEFAKTGNATLLGREPLNEKEEKAKMLIATDYARKMSLDLRMIDPAYEDHVDNKASHCAKMLNDYYQKYNAQKGTQFVFSDLGTYKPGDDFNVYSEIKRKLVEDYHIPSSEIRFIQECKNEKAKKAMVDAMNRGNIRIIFGSTSMLGTGVNAQQRAVAIHHLDTPWRPSDLEQRNGRAVRKGNLIAKEFADNKVDVIIYAVERSLDSYKFNLLHNKQLFINQLKTNTLGSRTIDEGSMDEDSGMNFSEYVAVLSGNTDLLEKAKLDKKITALESERKTFLKERDAASGKLAEIQHSIEYHTGRVQEAKADLSTFESRVERDAESNPINKLILKGVDEGADIKVMAARLQEIEEKARTNGEHHKIGEIYGFSITVKTESSSKDLFTLSVNRFFVKGQEGIYYTYNNGKLASDPKLACANFVNALERIPKVIETHEKELAKATADIGVYTTIANGSWKKENELRLLKGQAAELDRKIALELAPPEAEKEEEKAKQEQDQGSAIRDTKQKEISSSTQYMTTPQSTVSTPKSGPEDQGVMSRVVISKPKWKI,2056
7,WP_181505177.1,Methanococcus maripaludis,NZ_JACDUO010000001.1,WP_181505098.1,CobN-Mg_chel,PF02514,CobN/Magnesium Chelatase,MRFKNIFLILLSVLMLSSLITSVSAEEIDYKFISNTTSDGTGNFSFNDVPNGNYTLSGVIWSTAMGGMWLTNVQEIEIENGITVGNLSMAMRSNSSNDAESILRMLNRTGVSGATVDKYGAPKTGVTLVLTDKNGDFVTNTTSDATGNFSIENLQNGNYTLSGVIWSTAMGGMWLTNVQEIEIENGITVGNLSMAMRSNSSNDAEAILRMLNRTGVSGATVDKYGAPKTGVTLVLTDKNGDFVTNTTSDATGNFSIENLQNGNYTLSGVIWSTAMGGMWLTNVQEIEIENGSPVTNLSMAMRSNSSNDAEAILRMLNRTGVSGATVDKYGAPKTGVTLVLTKKIIVSTEDEEVSEPVEVGLVAETWYKFISNTTSDATGNFSFSNVPNGNYTLSGVIWSTAMGGMWLTNVQEIEIENGSPVTNLSMAMRSNSSNDAEAILRMLNRTGISGATVDKYGAPKTGVTLVLTDKNGDFVTNTTSDATGNFSFSNVPNGNYTLSGVIWSTAMGGMWLTNVQEIEIENGITVGNLSMAMRKNDNNDAEAILRMLNRTGISGATVSKTGDPKVGTKLVLTDKNGDFVTNTTSDATGNFSFSNVPNGNYTLSGVIWSTAMGGMWLTNVQEIEIENGITVGNLSMAMRKNDNNDAEAILRMLNRTGISGATVSKTGDPKVGTKLVLTKKMVSYIPGEVSKLNVAIVTGYSNYEKQLSTSTDRINTDSNLNIVASYYTTSNLSADINLSQMDIIYIVMVTQSAEPIENTIQDAIDNGAVVIGSNTYLPESNYSIPEEHADIESFKKYLSEYWSGGASDDENFDNLIFYLAREYYNRTDLTVKEPTGLQRAIYHPNMTSTPIEFFTGDAGEYFAWYSNRTDGHSFDENAPTVGIAFYTSYYPNEMDPIDKLIAGFESKGVNVIACYGDADNQLDGFFNYNNNTKVDAVISFLYRGTYFNMEELGVPVIDGVLNGYMNTSEWIETSNPLPVTNMLRIYRPESEGLIDPIMIGAEETVLEDNDTISKYMGHDTQIEWLINRTIAQCNLGIDPENEKKVAIIYYNHEGGKNNIGASYLEVAPSIVNLLNAMDSDGYNINESIIPNKTELVDLMLLQGRNIGSWAPGELESLVETGEVELIPEETYISWFNELPEERRNEVVETWGEAPGELMVYEYANGSKYIVIPKISMSDNVIVAPQPSRGWMDSYDTLYHDTELPPNHQYIAFYLWLQKEFDADVMVNMGRHGTVEWLPGKEFCLLSDEWPALMVGDIPVVYPYVMDGTGEGMQAKRRGSAIIIDHLIPPVVSAGLYGNYSLLNSEIASYQTSVTESESLKQAQFEEIVNLTIELGLENRVNMSLSENNGTIDEFLDELDDVLRDLRTLSMPYGLHVLGEAPDDDELVGMVNSMLGSSYSEKVAAYNSSDSAANDLLTKVLLENITIDDAQMQVLGTTSEDIKTDLQLAITYSELLLEADDEIEQVLKAMNGEYIEPGLGGDPILRPETLPSGSNFYAFDEQLVPTKQAWEEGKALVDEWLSQYYDENGEYPTKVAYILWAGESTRHQGIMEAQILYMLGVKPVWNENNGKVTDVEIINSSELNRPRIDVVVQISGLYRDSFPMKVQLIDKAVRLAYEEDEPDNYVRINTDELKDVLNENLQNESLSLDIAQFRLFGPADGNYGTGMANAVSSSETWNDTDALAELYISRMSYIYGQNIWGQTISEYIELQTGQNVEINNTIIFENNINDVSDIFHSRSSNTYGSLDTNDFFQYVGGLINAITYESGESPDAHVVNLQNADDQKIESLQTYLENELYSRYYNPTWITGMQESGFEGATEMEKFVENLWGWEALTSDIISDGMWNKVYDTYVTDSELSAWLNENNPYAYQSMTARMLETARKGCWDASGETLENLANEFIQSVAEYGVTCCHHTCGNLELNDWALEHSSLDEKTLKEYEKLYEEATQEDIEVPSQENKDTYTDSSSEPDSYSRVYSEEESKQEVLSNETVKTNTTTKEDSAASAGSDGADSNSGSSSTDSSDAPNSQKAYEIEVNEPENSGSSGTTMFAILGTVGMTGLIGFGYFRQNPNFLKFLRRK,2076
5,WP_181488902.1,Methanococcus maripaludis,NZ_JACDUI010000002.1,WP_011869228.1,NA,NA,NA,MRFKNIFLILLSMLLLSSLTGVSAEEIEYKFISNTTSDATGNFSFSDVPNGNYTLSGVIWSTAMGGMWLTNVQEIEIENGVPVTNLSMAMRSNSSNDAEAILRMLNRTAISGATVSKTGSAKAGTTLVLTDENGDFVTNTTSDATGNFSFSDVPNGNYTLSGVIWSTAMGGMWLTNVQEIEIENGVPVTNLSMAMRSNSSNDAEAILRMLNRTAISGATVSKTGSAKAGTTLVLTKKIIVSTEDEEISEPVEIGLVAETWYKFISNTTSDATGNFSFSDVPNGNYTLSGVIWSTAMGGMWLTNVQEIEIENGVPVTNLSMAMRSNSSNDAEAILRMLNRTAISGATVSKTGSAKAGTTLVLTKKIIVSTEDEEISEPVEIGLVAETWYKFISNTTSDATGNFSFSDVPNGNYTLSGVIWSTAMGGMWLTNVQEIEIENGVPVTNLSMAMRSNSSNDAEAILRMLNRTAISGATVSKTGSAKAGTTLVLTDENGDFVTNTTSDATGNFSFSDVPNGNYTLSGVIWSTAMGGMWLTNVQEIEIENGVPVTNLSMAMRSNSSNDAEAILRMLNRTAISGATVSKTGSAKAGTTLVLTDENGDFVTNTTSDATGNFSFSDVPNGNYTLSGVIWSTAMGGMWLTNVQEIEIENGVPVTNLSMAMRSNSSNDAEAILRMLNRTAISGATVDKYVAPKTGVTLVLTKKMVSYVPGEVSKLNVAIVTGYTNYEKQLSISTNRINSNSDLNLVASYYTTSNLSEDIDLSQMDIIYIVMVTQSAEAIEDTVQDAVDNGAVVIGSNTYLPESNYDIPEEYADMAEFKKYLSEYWSGGASDDENFDNLIFYLAKEYYNRTDLTVKEPSGLQRAIYHPNMTSTPTEFFTADAGEYFAWYSNRTDGHSFDENAPTVGIAFYTSYYPNEMDPIDKLIAGFESRGVNVIACYGDADNQLDDFLNYNNETKVDAVISFLYRGTYFDLEELGVPVIDGVLNGYMNTSEWIETSNPLPVTNMLRIYRPESEGLIDPIMIAAEDTVIEDNETISKYIGHDTQIEWLINRTIAQCNLGIEPESDKKVAIIYYNHEGGKNNIGASYLEVAPSIVNLLNAMDSDGYDINESIIPNKTELVDLMLLQGRNIGSWAPGELESLVETGEVELIPEETYISWFNELPEERRSEVVETWGEAPGDLMVYGATNGSKYIVIPKISISDNVIVAPQPSRGWMDSYDTLYHDTELPPNHQYIAFYLWLQKEYDADVMVNMGRHGTVEWLPGKEFCLLSDEWPAIMTGDIPVVYPYVMDGTGEGMQAKRRGNAVIIDHLIPPVISAGLYGNYSLLNSEISSYQTSVTESESLKQAQLEEIVNLTIQLDLEDSVNMSLAQNESTIDDFLDELDDVLRELRSLSMPYGLHVLGEAPKGEELVGMVNSMLGSSYSEKVAVYNNSDSAATDLLTKVLLENVSVTEAQMQVLGTTSEDIGDDLQLAINYSALLLEADNEIEQVLKAMNGEYIEPGLGGDPILRPETLPSGSNFYAFDEQLVPTKQAWEEGKALVDEWLSEYYAENGECPTKVAYILWAGESTRHQGIMEAQILYMLGVQPVWNENSGKVTDVEIINSSELNRPRIDVVVQTSGLYRDSFPMKVQLIDKAVRLAYEEDEPENYVRINTDELKEVLNETIQNESLSLDIAQFRIFGPADGNYGTGMANAVSSSEIWNDTDALAELYINRMSYVYGQNIWGQTISEYIELQTGQNIEINSTILFENNLNDVGNIFHSRSSNTYGSLDTNDFYQYVGGLSNAITYESGEAPNAYVVNLQIADDQKIETLKDYIENELYARYYNPLWITGMQESGFEGATEMESFIENLWGWEALTSGVIDDDMWNKAYDTYFADSELSGWLNENNPYAYQSMTARMLETARKGSWDASGKDVEFLANEFIQSVVDYGVTCCHHTCGNLELNDWALEHSSLDEETLKEYEKLYEEATQKDIELPSETETTETSSNSEPDTYSKVYAGNESVIEAVNATNATVLTNTTTTEDAAQSAGSDGGKSSSGSSTSSSESSSSSTSKTQKAYEVTVNNEPESSETSGTTVIAIIGAVGMTSLVGVGYFKQNPDIFKNILNALKLLRRK,2110
8,PKM98778.1,Elusimicrobia bacterium HGW-Elusimicrobia-3,PHAL01000003.1,PKM98780.1,ketoacyl-synt,PF00109,"Beta-ketoacyl synthase, N-terminal domain",MSAKKETTQSPIAIVGIGCLFPKAENARRFWANIKSGVDAITEVPSSHWLPEEHYDKNPKKPDMTYARRGGFILPVDFDPSEFGLAPNALEATDSAQLLGLLTAKMALEDAGYGPGRDFDRSRVSVVLGVTGALELVIPLGARLGHPKWRKALGEFGIAGADAEAIIARMQEDYVPWQESSFPGLLGNVVSGRIANRFNLGGTNCVVDAACGSSLGAVHMATLELAAGRSSMVVTGGVDCFNDIFMYMCFSKTPALSASGDARSFDASADGTALGEGLGMMVMKRLEDAVKDGDRIYAVLKGVGSSSDGKGKAIYAPSSEGQARALRNAYAAAGVDPATVELAEAHGTGTTVGDGVELDALTEVYRDSKKEGTWCALGSVKSMIGHTKAAAGSAGLIKAALSLYNKTLPPTIKVNAPLKALAEGNTPFYLNADLRPWIKKDHPRRAGVSALGFGGSNFHAILEEHTPDKAQPDWDGDAQLAVFSGNNAGELKQALTAWQGLDWDGLRLAAARARAAFKPSAPARLGFVLERDADWRKTLASALSNLDSQKAASWTTPDGVYFSSAAPEKLAVLFPGQGAQYPGMQRDLACRFPEALNVLSAADAAFGGDKPLSDYLYPRAAFTPEAKQRQAEDLKDTRVAQPALGAAGLGAWRALAAFGLRPAAFAGHSYGELPALCAAGVYTDSDLFSLSRLRGALMAAGAGDRGGMIAVQAPLAEVEKAIKEEKLDLVIANKNTPAQFVLSGATPEIARASERLAARGLKCTVLQVSAAFHSKLVAGAQKDFAAALAKVKFSKPQTTVYANKSAAAYPEAADKAREVLASQLASPVEFTAMVEKMYADGIRVFLEVGPGARLTGMAAAILAGKEHTAFALDASSGKKNGVADLARALARLASLGCAVDLNAWEGGAEGAKDADRKVSKLAVKLTGANYRSSRPAAQAPRRQITTQNAPRPQQFAPAAPAVQAYASEALRVTQESMAALQKMQEQTALLHARFLEGQEAAQRSFQALLDQQQQFFTGNPVQPLPVLQPLPQRAAAPAAAPAPAPVQAAPAAAGPNVSKVLLEIVSAQTGYPSESLNPDMDMESDLGIDSIKRVAILSELQERLPQAPKITPEQLGTIRTLRQVAAHLAAGMPAASTAPVAAPAAAGPDASKVLLEIVSAQTGYPAESLNPDMDMESDLGIDSIKRVAILSELQERLPSAPRITPEQLGTIRTLRQVAAHLAAGMPAVIAAPAAAPAAAGPDASKVLLEIVSAQTGYPAESLNPDMDMESDLGIDSIKRVAILSELQERLPSAPRITPEQLGTIRTLRQVAAHLAAGMPAAAPAQTAASPAPKTAQDVIVREVLKAADFNPAAPREKAALDKNLPLWVTDDNSPLADGVVKALTGLGYKAAKVSLDSKPAGPLAGLVILAPAARLGKKDFWTADSERFLKRAFRLAQAAGPALRETGKRGGACLLTVSRLDGSFGLSGLKTEQDPAFGGLAGLAKTAAREWPEVSCRAVDASADWSHTVSVAQTIAEEAAFKGPVEMGISETGSRVVLLSASEQVSGGKLPLKKGDVVLITGGARGVTAEAAAALAAACSPALAILGRSPLPAAEEAWLAPCVTEGDIKKTLIARNPGLAPKAAGEQCRAILAAREIRAQLNRFEAAGSRAAYYQADIRDPQAVKAALDRINKELGPVRGLVHGAGVLADKLILDKTAEQFDSVFDTKVGGLRALLSALDLGALRVLALYSSSTARFGRTGQCDYAMANEVLNKAARLAARRLPDCRVVSFNWGPWDGGMVHDGLKALFAKEGVGVIGLAEGGKFLVDELSSDSPAVEVVVVARPAGAAPALPPAPGAAHGIKIEVSAQDFPVLRSHVINGKAVVPTAVITEWLAHAALHENPGLLFHGFNGLKIYKGIILANGSRAVTASAGKAAKRDGLFAVAAEIRGPGGELHAGAEILLASSLPRAAAPRPEFALKPYPRAVEKAYSDILFHGEEMRFIRAVAGFSPEGIALDSAVSLPPASWMRSPLRDRWLADPAALDAAFQGLILWTFENSGACSLPNSAASYRQFSARFPEAGVRIVARVTASAEHSARADIDFIDGKGNLVARMEGYECTVDKSLNGAFRKTATAY,2115
4,PKK84317.1,candidate division Zixibacteria bacterium HGW-Zixibacteria-1 Bacteria.,PGXB01000006.1,PKK84315.1,HYR,PF02494,HYR domain,MHCRYCPPPGTLRTEKRRRLWLSIMLLLFGFFIGAQLNAATVFTDKTDYPPDDTVLITGTDFWANETVTVQVTHYDGNTPATPDYDPWNTVANSYGIFDTYWVVPEDALSETLLVTAQGQTSGLIATTIFADANTILVPLTNMEDPFCPGDSFEYCVALYQRCPRNVYEPLPNRPILFFINDGTCGVDVSQEADDTVWTDENGVACFNTVLPDNEDPYTIRVKFRGEDKPYSYEPPNSACDPTERVALSTANVCEDVVLDYSSPACGGIPPVATCPGDTSVFLCSLGSVCIPGFGAADPDGDLESIVVSLGTLSSGTVCFTPTGAGSYTITLIATDSTGLADTCETVVTVALNNAPVCSLPSGGSYFICGDTTFSFPVSATDVDGNLVGCTKTSGPGTLSGGNWTFTTTGPGVYSAGLTCTDACGAACSGTVNITVTYNNAPVCNLPADGSYFVCGDTTFSFPVSATDVNGNLVGCTKTTGPGTLSGGNWTFTTTGPGVYSAGFICTDACGAACSGTVNITVNYNSAPVITCPANISVECNASTDPSNTGSPTVTDDNDPTPVVAYSDSETAGSCPQEKTITRTWTATDNCGAVSQCQQIITVEDNTAPVITCPANITIECNESTDPTSTGSATAVDNCDPAPVVAFSDVANNGTITRTWTATDACGNSSQCTQTITIDDTTQPVITCPANVTIACDASTDPSNTGSATATDNCDANSVITYTDSETAGSCPQEKTITRTWKATDDAGNFATCQQVITVEDNIAPVITCPATATVECDGSIDPSVTGLATAVDNCDASPQITYSDNNFGDTITRTWIATDACGNSSSCQQLIIFEDTTSPVLVSCPPDLTIQCDQSLAPSITGMATASDNCDPSPVVTFTDSETPGGCPQEKTITRTWIATDADGNSATICQQTITVIDTTPPAITCPANVEVECGQPTDPSSTGYATAIDNCDPSPIITYSDTRNNGVTTRLWTATDACGNSAQCTQTITVDDTTPPVITCPANVTIACDASTVPPNTGSATATDNCDTSPSITYTDSETAGSCPQEKTITRTWTATDAGGSGSSCQQVITVVDDTAPVITCPADVTIECDESIEPSNTGMATAVDNCDSAPALTYSDVDNGGNIVRTWTATDACGNSSSCQQLINFEDTTPPVLVSCPPDMTIQCDQSSAPSSTGQATSEDNCDPNPVVTYSDSETPGDCPQEKTISRTWIATDADGNSATICQQTITIVDTTPPAITCPASVEVECGQPNDPDHTGYATAVDNCDPSPIITFSDTRNNGVTTRLWTATDACGNSAQCTQTITVDDGTPPVITCPASITVECGTSTDPANTGSATATDNCDQNPAITKTDSESAGSCPQEKVITRTWKATDGSGNFAECQQTITVVDTTPPVITCPGAYVVGCSGSTDPGVTGNPTISDNCDPSPIVSYTDSLSGTTIIRKWTAADHCDNAAFCLQTITQAQNSPPVATCPGNTTMFLCALTDTALAGFTYSDPDDNIATIDLAGGTLDGNIARFTPVEGVNILTLIVQDECGEVDSCTTEVLVTLNNPPYAGVDFDTTVFKCTREEICLTGFGCTDSDDNLASCYAVGGVLSGGVICFTPNNGVNVIKLIAVDECGAADTALITVNAILNNAPFVTCPGFQTENVFELPAEICVTGFGCSDPDGNLTNCSVTVTDGDGSISGTFDGNSVCFTADAMGMYTIMLTATDQCGATSSCFTEVFVKKVSSCPIVRIEKTHNTFQGYFENVSITIENSTYDFEGFDFLIAYDASALSAVSVTAGAWIEDCEWEYFTYRFGVNGNCGSACPSGLLRIVAIAEMNNGAHSPLCYGPPDGAEYELAVMRFLVTNDRTFECQYVPISFFWNDCGDNAISGMNGEILYVNNIVYDFLGNVIWDEEDDVNYPEGNRIPYIGAPDLCLNPDPLKPSAVRCIEFVFGGVDIICADSIDAPGDLNLNGVANEIADAVVFTNYFVYGTKAFNVNVEGQRAASDVNGDGVILTVSDLVYLIRIICGDALPLPKVAPHVKAEFSIQNGVVSVEKPLGAAHIVIKGNAKVVLGKDVSHMEMAYNFDGVNTNVLIYSFTQDYSFSGEILVTDGEVVSIDAADYDGIACQAKFLPATFSLTGYPNPFNPVTNIEMNMPVAADWTIDIYNVAGRKIAEFSGHNEAGTVKIQWDASDQASGIYFFKAEAGQYSASRKMLLLK,2203
9,WP_102882412.1,Pseudomonas protegens,NZ_LUUE01000104.1,WP_102882417.1,AMP-binding,PF00501,AMP-binding enzyme,MQFSELMAVLSTLAIRLQRDGEDLLVQGDDEALDDALWDSLIQHKAQLLQQVSEQGGHWLSPAFRITPDMLPLVSLEQPAIDRIVAGVPGGAANVQDIYPLAPLQEGMLYHYLSAPQGDPYVLQAHFAFADRQRLQAFAEALQWVIERHDILRTAIVWESLDEPLQVVLRQAPLQCEALPLDAAGGDALAQLQQRYDSRHFRLDLRQAPLLRLVHAEDPVNSRQVALLLFHHMALDHAALDVVRQEIQACLLGQREQLPLPVPFRNHLAQARLGQSEERHAAFFRDMLGDIDEPTLPFGLGDVQGATGRIEEHRLPLDRQLSQRLRGQARQLGVSVASLMHLALGRVLGQLSGREAVVFGTVLLGRMEVGEGGERALGMFINTLPLRVDVGAQSVRAGVLATHARLSALLAHEHASLALAQRCSAVSAPTPLFSAMLNYRHSHRADGDQVQELVPGILVLGAQERTNYPLTVNIDDLGEDLQITALVDASLGAERISGYLLTTLESLALALQANPEAPLYSLEMLPASERRYLLQGLNTPLGQYPDSPLIHQQVEAQARVQPEALALLFQAQRLSYGELNRRANQVAHRLLALGVRADQRVAICVERGLEMIIGLLGILKAGGAYVPIDPAYPRERIAYTLEDSAPVALLVQADTQALVADLRVPLIDLDSRTLAHESPDNPDVPGLTPANLAYVIYTSGSTGLPKGVMVEHRNVARLFSATRDWFDFNWRDVWALFHSFAFDFSVWEIWGALIHGGQLLVVPQAVSRSPQACYALLCEARVSILNQTPSAFRSLIAAQGESGLKHSLRQVIFGGEALEPGMLKPWYARLENVGTQLVNMYGITETTVHVTYRPLQAADAQWVGSSPIGRRIPDLQLYVLDARREPLPTGVVGELYVGGAGVARGYLNRDQLNAERFIADPFSNRPGARLYKTGDLARWRTDGSLEYLGRNDDQVKIRGFRIELGEVQARLAACDGVGEAVVIAREQSPGDKRLVAYVIPRPGAAPGAAQLREQLRQSLAEYMLPSAFVLLQAWPLTTNGKLDRKALPAPDSAALARRDYQAPQGEVEQAIAKIWQELLQVPQVGRQDHFFELGGHSLLAVKLMERMRQVDLCADVRVLFGQPTLAALAAAVGGQREVQVPANRIAADCRRITPELLPLADLDQAAIDRVLAQVPGGAANVQDIYALAPLQAGILYHHLSSTEGDPYVLQVQFEFASDDVLQTFTLALQQVIQRHDILRTSVVWQGLDAAVQVVWRQAPLELEVLELDPARGTILGQLQAGFDPRHYRLDLGRAPLLRLVCARDADPQRWLGILLLHHLALDHSSLEVLVQEISAVLQGHGAQLPPAVPYRNYVAQARLGLGEPEHQAFFRQMLGDIDEPTLAFGLQDVNRDGSGIREQQLRLEPALCRRLRQQARSLGVSVASLMHLAWGRVLGPLSGRDDVVFGTVLLGRMHGGAGADRALGMFINTLPLRIGLGPQGVAEALRRTHQQLAQLLGHEHASLALAQRCSGVPAAQPLFNSLLNYRHSPQQAAGDQGPAAWDGIRVLASEERSNYPLALNIDDDGEGLRLTLQAVAQVNGERVCRYMECVLEHLAQALEQTPDMALQQIPLLPAAERRQLLVEFNATARDYPRGQTLHQLFEAQAQAHPQRVAAVEGDALLSYAELNTRANQLAHHLLELGVQPGDHLAILLPRSLDLLLSQLAISKCAAAYVPLDIHAPAQRQGFMVSDSRSVVLLTRSDEVLDCPARRVDLDRLRLNALPTHNPDLPQSSESVAYIMYTSGSTGTPKGVRVPHRAISRLVINNGYADFNPEDRVVFASNPAFDASTMDVWGALLNGGRVLVIDHHTLLDPLRFGQALSTLGATVLFVTTALFNQYVQLIPESLKGLRILLCGGERADPAAFRRLLAHAPQLRLVHCYGPTETTTYATTHEVRQLAVDAEHVAIGRPISNTRVYVLDQHQQPVPLGAQGEIVIGGDGVALGYLNRPELSAEKFIRDPFSDQPQALLYRTGDLGRWLDNGVLECLGRNDDQVKIRGLRIEPGEIEARLLSCPGVKEGVVLAREDEPGDKRLVAYYSVQADTPEPSAESLRQALQQQLPDYMVPLAYVRLDALPLTNNGKLDRKALPAPDQSALLSRGFVAPEGEVETALARIWSELLKVERVGRHDHFFELGGHSLLAVSLIERMRQIGLSADVRVLFGQPTLAALAAAVGSGREVQVPANRIGADCQRITPELLPLIELDQQAIDRVVASVPGGVANVQDIYPLAPLQEGILYHHLSAEQGDPYLLQSRLAFDSLERLQRFAGAMQQVIQRHDILRTAVLWEGLPQPLQVVWRQAELQVLEQVLDPADGDLLEQLQQRFDARHWRLDLIRAPLIRLVYARVPGQSRVLAILLFHHLALDHTAMEVIGEEMRALLFNHHERLGTPMPYRNYVAQARLGAGQAEHEGFFRQMLGDIDEPTLAFAVEDVQGDGRDIEEARVPVPDALSLRLREQARQLGVSAAALMHLAWGLVLGQVSNRRHVVFGTVLMGRMQGGEGADRALGVFINTLPLRVDVDAGSVRAGVRATHARLSALLAHEHASLALAQRCSGVPASSPLFSALLNYRHSVADAGRGAGLDIWQGIELLGGEERSNYPLSLSVDDLGQGFSLSLLALPVIGAQRMAGYMLQVLEQLADALEWSPDLDLVQLSVLPTAERQQLLEGFNASAADYPRGQTLHGLFEARVQAAPEAVALVQGPLRLSYRQLNQRANQLARQLLELGAGPDERVALCLPRGPQLLTAMLAILKAGASYVPIDPSHPPERIAYLLQDSAPLAVLVQGATRELPGTPGLVRIDLDGCVWQQAPLDNPQVPGLTPAHLAYVIYTSGSTGQPKGVMVEHQSLENLVQWHCATFDLGPGRHSSSVAGLGFDAMAWEVWPTLCSGATLHLPPAEVGSQDLDALLGWWRAQPLDISFLPTPVAEYAFSQGQGHPTLSTLLIGGDRLRQFPADPGFAVINNYGPTEATVVATSGPISVGGSLHIGRPMANARIYLLDELQRPVPLGVIGELYVGGAGVARGYLNRDALTAERFLDDPFCAEPQARLYRTGDLARWRADGSLDYLGRNDDQVKVRGMRIEPGEIEAALLSHPALKEALVLVREGRLLAYFTEHAEVSNQELDLQDLRDHLQGRLPDYMLPVAYVRLLALPLTANGKLDRKALPQPDQDAWLSREFEAPQGEVENALAQIWSELLQVQQVGRHDHFFELGGHSLLAVSLIERMRQIGLGADVRVLFNQPTLAALAAAVGSGREVQVPANLIGADCQRITPELLPLIELDQDAIERIVATVPGGVANVQDIYPLAPLQEGILYHHLSARQGDPYLLQSHLAFADRQRLEDFTQALQRVGERHDILRTAVLWEGLKQPLQVVWRRARVAVEEVILDPAEGDILEQLQARFDARHWRLELTQAPLMRLVHAQDPVRQRTVAILLFHHIVLDHTALEVVREEIQACLLGQEPAGTAIPYRNYVAQARLGGSREEHEAFFREMLGDIDEPTLPFGLQDVQGDGEAIEELQRVLDAELSARLRAQARLLGVSAASLFHLAWARVLSVTSGQERVVFGTVLLGRLQGGLGADRALGMFINTLPLRVDLDHSGTRAAVKATHARLSALLGHEHASLALAQRCSAVAAPLPLFSAMLNYRHGSDAAPNPAMQQAWQGIQTLRSEERTNYPLSLNVDDLGQGFRLTAMTLARIGAERICGYMEQALHALVDTLEQAPQRPLRQVPILPPEERRQLLHACNATTRDYPLEQTLHGLFEAQVVRTPEALAVQAGEQRLSYHQLNQRANQLAGHLLQLGVGPDTRVAICVERGLEMVIGLLAILKAGGAYVPIDPAYPAERIAYMLEDSAPLAVLVQAGGRPLPGELKVPLVELDRWVWSEAPQANPQHPGLSPSHLAYVIYTSGSTGQPKGAMNEHRAVVNRLLWMQEQYRLTADDAVLQKTPFSFDVSVWEFFWPLFTGARLVMARPEGHKDPAYLRQVIRDEGISTLHFVPSMLDVFLAHGQEVEDLGLRQVMCSGEALPGSLVRRFKQQLPQVGLYNLYGPTEAAVDVTAWDCAGPLHSTPDNTPIGKPIANTRIYLLDGQMQPVPRGVVGELYIGGVQVARGYLNREQLTAERFLKDPFSEAPGARLYRTGDLGRYRADGAIEYLGRNDDQVKIRGLRIELGEIQARLTQLDGVKEAVVLAREDVPGDLRLVAYYTRHETHRQLPIDSLRAQLREHLPDYMVPALFVHLEALPLSPNGKLARKDLPVPGRDAALVREYEAPIGDTEITLARLWAELLNVERVGRHDHFFELGGHSLLAVSLISRMREEGMEADVRTLFEQPTLAGYAAMTERMEIVL,4371
8,WP_102882412.1,Pseudomonas protegens,NZ_LUUE01000104.1,WP_102882416.1,AMP-binding,PF00501,AMP-binding enzyme,MSVTELLATLKEKDVQLVLKGEQLVVQGNKQALSEPALLARLREYKPQLIELIKAGKYSATKAGQVQVPANGITPATRHITPDLLPLADLSQEAIERIVATVPGGVANVQDIYPLAPLQEGILYHHVSAVQGDPYVMQAHFAFASRERLEAFAEALRGVIARHDILRTAVLWDGLEQPMQVVWREAALVLQEVETDPGAGDVMAQLHGRFDARHFRLDISQAPMLRLVHAWDAAGQRIVAMLLFHHMALDHSALDVVRHEMQALLMGQGERLGPALAFRNYVAQARLGTREEEHEAFFRQMLGDIDEPTLAFGLQDVQGDGRAIEEASLTLPEPLSQHLRARARQAGVSAASLFHLAWGRVLATLAGKRKVVFGTVLMGRMQGAEATDRALGIFINTLPFRLDVDERPLDEALKATHARLTTLLRHEHAALALAQRCSGVSAPTPLFSALLNYRHSGAAVSTEAQAAWAGISTLHSEERTNYPLTLSVDDLGAGFGLTLLASTQVDPRPILDYLLCTLEHLAQALEQTPGLALAQLPILSRDQRQQLLEGFNHSAVDYPRGQTIHERIQAQAARTPEAVAAWYQSRALSYAQLNQQANVLARQLRELGVQPDDRVAIVARRGLETLVGLLAILKSGACYVPIDPTHPAERLDYLLQDSGPRAVLTQADLLGRLPPVAVPVIELDQGLWQDPAQDNLEVTGLTPAHLAYVIYTSGSTGLPKGVMVEHRTLCNLVDWHCQAFDLHAGSHTSSLAGFGFDAMAWEVWPALCVGATLHLAPAHEGSEDVDALLAWWRSQPLEVSFLPTPVAEYAFSQELQHPTLRSLLIGGDRLRQFSHQQPFALINNYGPTEATVVATSGPIAAGGSLDIGRPIANARIYLLDELQRPVPIGVAGELYVGGAGVARGYLNRNELTAERFLDDPFSDQPGARMYRSGDLARWRADGRIEYLGRNDDQVKIRGVRIELGEIESRLNPFPGIKEAVVLVREDQPGNPRLVAYFTAHEGAAALSVADLRAHLLAQLPDSMVPMAYVQLDALPLTANGKLDRKALPAPDQAALISREYQAPRGPTETTLADIWQEVLHLPRVGRHDHFFELGGHSLLAMRMVSQVRQRLGVELALGELFANAELCAVAAVLDRAGRSQLPEIFPASQDHDLPLSFAQQRLWFLAQMDGAGSAYNIPIGLGLRGRLDRPALQQALQAIVARHATLRSRFVLGEDQPQVLIGAIEEALELGFEDLRDAPRNLAERVRAEAAQAFDLERGPVIRGRLLALADDHHVLLLTLHHIVADGWSMGVLTRELVALYQAFSQGRPDPLPPLAVQYSDFALWQRRWLSGEVLQQQGDYWRQTLADAPTLLTLPYDRPRPPHQDFSGGSVEILLDGPLSAQLKRLSQRHGCTLYTTLLAAWGLLLGRLSGQTDLLIGIPVANRMRAEVEGLIGLFVNTLALRLDLDAEQSVAALLAQVRARSFAAQAHQDLPFEQVVEIVRPQRSLSHSPLFQVVLTWLDDFAQDLVLDELTLEGVAGATQVAKFDLTLSLGESQGQIRGALDYATALFDAATVQRYVGYLVQVLQAMVADDQQRLAQVQLLEEGERRQLLEAFNASTQDYPRGMTLHQRFEVHARQQADATALQAGEQSLSYQQLNTRANQLAHHLRGLGVGPDSRVAICAPRGLELAVGLLAIVKAGGAYVPIDPSHPPERIAYLLQDSAPLAVLVQGATRALVGDPSVAVIDLQQPDWQQQSLANPQVPGLCSEHLAYVIYTSGSSGLPKGVMVAHGTLENLVDWHCQAFDLGPGRHASCVAGLSFDAMAWEFWPTLCAGATLHLPPASIGHQDLDQLLQWWRAQPLDLSFLPTPVAEYAFSQSLGHPTLRTLLIGGDRLRQFSQPQGFAVINNYGPTEATVVATSGLMEAGGPLDIGRPIANARIYLLDELQRPVPIGVAGELYVGGAGVARGYFNRHELTAERFLDDPFSDQPGARMYRSGDLARWRADGRIEYLGRNDDQVKIRGVRIELGEIESCLKRLPGIKEALVLAREDRPGQTRLVAYFTATGAVALTPAALRSQLLGHLPEYMVPAAYVGLEALPLTANGKLDRRALPRPELDALLTQDYVAPQGASEIALAEIWSELLQVQQVGRHDHFFELGGHSLLAMRMLSQVRQRLGVELALAELFANARLSAVAQALERAERSSLPDLLPAPRNQPLPLSFAQQRLWFLAQMEGANTAYNIPIGLRLRGQLDGDALQRALERIVARHETLRSRFAQYADEAEVLIAPVEAGLGLLLENLRGHPQADKALQALVQGEASAPFDLQRGPLIRGRLISLADDHHVLLLTLHHIVSDGWSMGVLTRELVALYAAFSRGLPDPLPPLAVQYSDFAHWQRRWLSGAVLEQQAQYWRQALEGAPPLLMLPGDRPRPARQDYAGSSVEVRLDAALTAGLRALSQRHGTTLYMTLMAAWGLLLGRLSGQAEVVIGTPVANRMRAEVEGLIGLFVNTLALRLDLGAAPRVEALLAQVKARTLEAQAHQHLPFEQVVEILRPVRSLSHSPLFQTLLTWQNGDGPQLVLGDLRLEAIHEASHFAKFDLSLSLGEVQDRIEGSLEYATALFDGSTMRRYVGYLKRVLQAMVADDQMLLEQVPLLDAAERRQLLHGVNATARDYPLEQTLHGLFEAQVLRTPEALAVQAGEQRLSYRQLNQRANQLAGHLLQLGVGPDTRVAICVERGLEMVIGLLAILKAGGAYVPIDPAYPAERIAYMLEDSAPQALLVQGATRALPGSPTVPRVDLDQPLWARQPRVNPRVNGLTPGHLAYVIYTSGSTGQPKGAMNEHRAVVNRLLWMQEQYRLTADDAVLQKTPFSFDVSVWEFFWPLFTGARLVMARPEGHKDPAYLRQVIRDEGISTLHFVPSMLDVFLAYGDTRDCSGLRQVMCSGEALPGSLVRRFKQQLPQVGLHNLYGPTEAAVDVTAWDCAGPLHSTPDNTPIGKPIANTRIYLLDGHMQPVPRGVVGELYIGGVQVARGYLNREQLTAERFLKDPFSEAPGARLYRTGDLGRYRADGAIEYLGRNDDQVKIRGLRIELGEIQARLTQLDGVKEAVVLAREDVPGDLRLVAYYTCAAGRPALAVEQLRQALLEHLPDYMVPALFVHLEALPLSPNGKLARKDLPAPGLAAASVREYEAPVGEVEILLAGLWAELLNVERVGRQDHFFELGGHSLLAVSLIGRMRRAGLSADVRVLFGQPTLAALAAAVGRGREVQVPDNLIYRDCPRITPELLPLLTLDQAAIDRVVATVPGGTANVQDIYPLAPLQAGILFHHLAAGQGDPYVLQAQFAFDTAQRLQTFVRALQGVIERNDILRSAVLWEGLDEPLQVVWRQAPLEGDEIVLDPGQGDILGQLQARFDSTRYRLDIARAPLLRLVYARDPVNQRLVALLLFHHLVMDHVALEVLQHELQAFLLGQQQRLGDPVPYRNYVAQARLGIGEAEHEAFFREMLGDIQQPTLPLGLQDVQGASAPLNEARQPLDRLLSRRLRLQARQLGVSAASLMHLAWGRVLGCLANQQQVVFGTVLLGRMQGGEGAERALGVFINTLPLRVDLGDLPVRHALLATHERLAQLLGHEQAPLALVQRCSAVEAGTPLFSSLLNYRHSAPSAGLPGQADAAWEGMQLLNAQERSNYPLTLSIDDLGDGFMLTAVVAGIDAQRICHYLHEALDNLLQALEQTPDLAIGQVPVLPAAERQQVLVNFNATARDYPRQQTLDQRFEEQVQARPQQVAAVHGEQVLSYARLNTRANQLAHHLLGLGVQPGDRVALLLPRSLDLLLAQLAASKCGAAYVPLDINAPAERQVFMLQDSGARVLLAHSAQALEGALPEAQLLRVDLDRLRLDRLPGHNPALAQSSEAVAYIMYTSGSTGVPKGVLVPHRAITRLVINNGYADFNPGDRVAFASNPAFDASTLDVWGPLLNGGRVVVVDQQTLLDPEAFAELLKASGATLLFLTTSLFNQYVQLMPQAFSGLRMLLCGGERADPVAFRRMQAEVPGLRLVNGYGPTETTTFAVTHEPKALAADADSVPIGRPLSNTCVYILDAQGQPLPIGVVGEIYIGGQGVAKGYLNRPELSVEKFLPDPFCSEAANPGSKPLMYRTGDLGRWQENGLLEYLGRNDQQVKIRGFRIEPGEIEVRLASFPGLRDGVVLVREEAPGDLRLVAYYTLQPRAPEPAVEALRNHLLAQLPEYMVPQAYVRLPALPLTNNGKLDRNALPAPTPAAQVTACFEAAQTPLEQTLAAHWAQVLKQEQVGRHEHFFEHGGHSLLAIQLVNRLQQAGLDVSLAQLFQHPSVAAMARLLEARPATPQQAPEWVTVRSGSGPALFLVHEFTGLDAYFPALGQHLEGDFPIYGLPGVALGQPQLRTLECLATRLLEVMRRVQPEGPYRLAGWSFGGVLAYEIAQQLLGQDQQVAFLGLIDSYVPRLTDQGKARWSASDPRKQHLLLQCSAYWSAQGPAGVQPLALVEQLRQALDRLDFPELLQRCREQGLLFEQLASAAPETLGHYLDREVAHGHALAHYRLHPISVPVHLFCAAQRPSALSRRSPTLGWGEVLPGPCLHCISVPGDHLSMMKAPHIHELGQAMSQAIEQAGVAASTGATPHQPLLRIQSGRCGQTPIFCVPGAGDSVTGFIGLTEALGPDWPIFGLQARGLDGQGVPHTRVEAAARYYLQAIEQEYPQGPLHVIGHSFGGWVAFEMAGALQAAGREVASLTLIDSEAPGGHGVVGRPYTSTAALLRLIESMQLACGQSLGIDPQLFAAEDDAMQMHLLHAGMVRVGLLSQRADPRAMQGPARTFASALRTRYQPQRPYRGPVRLVLADDPRLDAAGNLREQEAMVQGWRGQVTELGLWQGPGNHFSLLKAPHVQHLAAWWRDGLALPQGEAVS,4907
