Query,Genus/Species,Nucleotide_acc,start,end,dir,AA_seq
WP_009894165.1,Burkholderia thailandensis,NZ_PYIS01000036.1,3939,3348,-,MATTGLFPVQLRVATPNLGAPVLWLYLLVNAVEKTVSGFARITQSVYPPPHFRARVVGQFHQVRLDPQSSPSIALTLTGSPTGPVAPQVVILELNGLLNDDWQSGTANYRYFYESRWHSIEHAIVTKDNSLIPIDAPHEHAGTLYGVGLQEARASGDLSRMKALAQQADQQLADQDAIAAELKKLEAEIARLEARR
WP_009894165.1,Burkholderia thailandensis,NZ_PYIS01000036.1,4630,3991,-,MSEDLRVGLFPVRYIVGTGLPGAPQLVLNLVVDTVEHSVVGAAAISQAVSPPLNFHADVWGTYVFRLGPPPRRDGRGAIVQIALQGNQGGPHSNSMITFYADLLLKGDGKTGVASYRYYSNGTWHEVENVPVKADPELVPLEPGPVIGASSRTAYGPVPLYGVTIQYAAVSGDLAHMKTLATYARQQLESRDDIAAALSALKAEIAKLESRQ
WP_009894165.1,Burkholderia thailandensis,NZ_PYIS01000036.1,4888,5245,+,MTVCLIHVFLAENERWPTAPRSLLQQRSASGCRICAGSEIASMNDAVAAARQNGVTCRAVRRARFSIRYPLEPVHRRSTAVTRLSPCARQCGGALPCCRLVRVLRVVRLRAFAIYQNW
WP_009894165.1,Burkholderia thailandensis,NZ_PYIS01000036.1,4894,5245,+,VCLIHVFLAENERWPTAPRSLLQQRSASGCRICAGSEIASMNDAVAAARQNGVTCRAVRRARFSIRYPLEPVHRRSTAVTRLSPCARQCGGALPCCRLVRVLRVVRLRAFAIYQNW
WP_009894165.1,Burkholderia thailandensis,NZ_PYIS01000036.1,4900,5245,+,LIHVFLAENERWPTAPRSLLQQRSASGCRICAGSEIASMNDAVAAARQNGVTCRAVRRARFSIRYPLEPVHRRSTAVTRLSPCARQCGGALPCCRLVRVLRVVRLRAFAIYQNW
WP_009894165.1,Burkholderia thailandensis,NZ_PYIS01000036.1,4907,5018,+,MFSSLKMNDGRQPRDLSCSSEVHPAVVSVQDRKLRR
WP_009894165.1,Burkholderia thailandensis,NZ_PYIS01000036.1,4909,4717,-,MNQAHGHPITPYGVAIHQAIADGDLAQMKSLRTQAQALLGQQGNLATALELLEVEIAKLERRK
WP_009894165.1,Burkholderia thailandensis,NZ_PYIS01000036.1,5014,5245,+,MNDAVAAARQNGVTCRAVRRARFSIRYPLEPVHRRSTAVTRLSPCARQCGGALPCCRLVRVLRVVRLRAFAIYQNW
WP_009894165.1,Burkholderia thailandensis,NZ_PYIS01000036.1,5018,5132,+,MMRSPPRGKTVSRAVLFAARDFPFVILLNRCIVGPRR
WP_009894165.1,Burkholderia thailandensis,NZ_PYIS01000036.1,5021,5132,+,MRSPPRGKTVSRAVLFAARDFPFVILLNRCIVGPRR
WP_009894165.1,Burkholderia thailandensis,NZ_PYIS01000036.1,5055,4905,-,VTPFCRAAATASFIDAISDPAQIRQPDALRCCRRDRGAVGHRSFSARKT
WP_009894165.1,Burkholderia thailandensis,NZ_PYIS01000036.1,5088,4905,-,MENRARRTARHVTPFCRAAATASFIDAISDPAQIRQPDALRCCRRDRGAVGHRSFSARKT
WP_009894165.1,Burkholderia thailandensis,NZ_PYIS01000036.1,5107,5245,+,VHRRSTAVTRLSPCARQCGGALPCCRLVRVLRVVRLRAFAIYQNW
WP_009894165.1,Burkholderia thailandensis,NZ_PYIS01000036.1,5137,5245,+,LSPCARQCGGALPCCRLVRVLRVVRLRAFAIYQNW
WP_009894165.1,Burkholderia thailandensis,NZ_PYIS01000036.1,5145,5394,+,VRPPVRRSASMLSIGPRTKGSSPARFRYLPELVVARRTCGRRDARCGAPLARCPAAPSRRGPLRRGVPRNARRTASASPLLA
WP_009894165.1,Burkholderia thailandensis,NZ_PYIS01000036.1,5157,5394,+,VRRSASMLSIGPRTKGSSPARFRYLPELVVARRTCGRRDARCGAPLARCPAAPSRRGPLRRGVPRNARRTASASPLLA
WP_009894165.1,Burkholderia thailandensis,NZ_PYIS01000036.1,5175,5394,+,MLSIGPRTKGSSPARFRYLPELVVARRTCGRRDARCGAPLARCPAAPSRRGPLRRGVPRNARRTASASPLLA
WP_009894165.1,Burkholderia thailandensis,NZ_PYIS01000036.1,5177,5051,-,MEALRRTGGRTGTTALPPWTDDAPVQEDNEWKIARGEQHGT
WP_009894165.1,Burkholderia thailandensis,NZ_PYIS01000036.1,5178,5394,+,LSIGPRTKGSSPARFRYLPELVVARRTCGRRDARCGAPLARCPAAPSRRGPLRRGVPRNARRTASASPLLA
WP_009894165.1,Burkholderia thailandensis,NZ_PYIS01000036.1,5238,5394,+,LVVARRTCGRRDARCGAPLARCPAAPSRRGPLRRGVPRNARRTASASPLLA
WP_009894165.1,Burkholderia thailandensis,NZ_PYIS01000036.1,5244,5394,+,VARRTCGRRDARCGAPLARCPAAPSRRGPLRRGVPRNARRTASASPLLA
WP_009894165.1,Burkholderia thailandensis,NZ_PYIS01000036.1,5258,5405,+,VRPARCALRRATRAMPGRAVASRAVASRGAAKRPADGQRKPVIGVNGP
WP_009894165.1,Burkholderia thailandensis,NZ_PYIS01000036.1,5279,5405,+,LRRATRAMPGRAVASRAVASRGAAKRPADGQRKPVIGVNGP
WP_009894165.1,Burkholderia thailandensis,NZ_PYIS01000036.1,5293,5197,-,VARRNAHRAGRTSGAPLPILVDSESAQANYP
WP_009894165.1,Burkholderia thailandensis,NZ_PYIS01000036.1,5300,5405,+,MPGRAVASRAVASRGAAKRPADGQRKPVIGVNGP
WP_009894165.1,Burkholderia thailandensis,NZ_PYIS01000036.1,5377,5197,-,LRWPSAGRFAAPRDATARDATARPGIARVARRNAHRAGRTSGAPLPILVDSESAQANYP
WP_009894165.1,Burkholderia thailandensis,NZ_PYIS01000036.1,5427,5532,+,LRIARPLPRVERKEPDCIGGACGAPNCSTYQFNR
WP_009894165.1,Burkholderia thailandensis,NZ_PYIS01000036.1,5465,5225,-,LRSTLGRGRAIRKEIRRAVALGSVHANNGLALAVRRAFRGTPRRNGPRRDGAAGHRASGAPQRASRRPHVRRATTNSGR
WP_009894165.1,Burkholderia thailandensis,NZ_PYIS01000036.1,5480,5225,-,MQSGSLRSTLGRGRAIRKEIRRAVALGSVHANNGLALAVRRAFRGTPRRNGPRRDGAAGHRASGAPQRASRRPHVRRATTNSGR
WP_009894165.1,Burkholderia thailandensis,NZ_PYIS01000036.1,5545,5989,+,MTDIVDHARGALRAQPFSMLLGTELVHIGGDEASLRLPIRDELRQQYGFVHGGVISYLADNALTFAGALALGPRVVTGEYKINYLRPAVVGTLIARAKLIYAGRNQATCQCHVFVIDGDHERLVAVAQGTINRVGDGREPDAVEEKA
WP_009894165.1,Burkholderia thailandensis,NZ_PYIS01000036.1,7269,7389,+,VSIGARAWAPTPIPCKASDSGPLTARANGPAATRHRIAR
WP_068184797.1,Chelatococcus asaccharovorans,NZ_QJJK01000021.1,27474,27633,+,MPLHNPPNLPALFSVMTNEELLVQWNEVLNPLVLTESEAVLKQEIQRRGLPI
WP_068184797.1,Chelatococcus asaccharovorans,NZ_QJJK01000021.1,27507,27633,+,LFSVMTNEELLVQWNEVLNPLVLTESEAVLKQEIQRRGLPI
WP_068184797.1,Chelatococcus asaccharovorans,NZ_QJJK01000021.1,27519,27633,+,MTNEELLVQWNEVLNPLVLTESEAVLKQEIQRRGLPI
WP_068184797.1,Chelatococcus asaccharovorans,NZ_QJJK01000021.1,27534,27633,+,LLVQWNEVLNPLVLTESEAVLKQEIQRRGLPI
WP_068184797.1,Chelatococcus asaccharovorans,NZ_QJJK01000021.1,27647,27809,+,MNTAQETLGAFCGLVVTLAVLVWYWGTQSLVGNSRVSVSPDKISAHCDEDHSF
WP_068184797.1,Chelatococcus asaccharovorans,NZ_QJJK01000021.1,27662,27482,-,LCSIHPVSLHQIGRPRRWISCFSTASDSVKTSGFRTSFHCTSNSSLVMTENNAGRLGGL
WP_068184797.1,Chelatococcus asaccharovorans,NZ_QJJK01000021.1,27908,28007,+,VSCGVHGRPPVHLDRADHARTAGCDPPRGGNR
WP_068184797.1,Chelatococcus asaccharovorans,NZ_QJJK01000021.1,28003,28549,+,MRIQAPFVLTVPRIIPADGRILYFGRDRTAFGFLSHFFPSPIDLDGETWPTVEHFYQAQKSDDPDYRDAIRATLSPGFAKRLAAPPTAPRRISQNSWFKRNGREPRSDWHDVKADIMRRADRAKFEQNADLAAMLLETGNAELIEDSPGEPFWGVGPDGNGGNWAGRILMEIRRSMVSGRE
WP_068184797.1,Chelatococcus asaccharovorans,NZ_QJJK01000021.1,28545,28674,+,VTDPIALVDQSGTGEAAPGQDHAVSYGSRLAQAPGCMVEFRH
WP_068184797.1,Chelatococcus asaccharovorans,NZ_QJJK01000021.1,28759,29074,+,MSDTKVILSPAVRASFGNSDKPEKKAVFRAATSKLEKKAAAVAETITVPAGIEFARFEHGGRTYALSARIIVEVEALENRVPNIVIRSSQSPAGRKSSPPSRRS
WP_068184797.1,Chelatococcus asaccharovorans,NZ_QJJK01000021.1,29137,29389,+,LKNHESLSCPGSAKRRYAPHCIRDKAHQPVTNSFQTGSKNLRLDARVRHTPSFRRFCTNLRKQRWICELWFLQPRALERRHEI
WP_068184797.1,Chelatococcus asaccharovorans,NZ_QJJK01000021.1,29147,29318,+,MRAYLVPDQQSDATRRIASGTRPINLLRTLFKQAPRTYDWMHASATRRVFGAFAQT
WP_068184797.1,Chelatococcus asaccharovorans,NZ_QJJK01000021.1,29160,29340,+,LSRISKATLRAALHPGQGPSTCYELFSNRLQEPTTGCTRPPHAEFSALLHKLKEATVDL
WP_068184797.1,Chelatococcus asaccharovorans,NZ_QJJK01000021.1,29196,29340,+,LHPGQGPSTCYELFSNRLQEPTTGCTRPPHAEFSALLHKLKEATVDL
WP_068184797.1,Chelatococcus asaccharovorans,NZ_QJJK01000021.1,29336,29441,+,VNYGSFSRVRWNGAMRSDGNRAVAGGIEKRAGDG
WP_068184797.1,Chelatococcus asaccharovorans,NZ_QJJK01000021.1,29440,30244,+,MRDVHIKHFDEKFQYLFSNHPSIKNYAGLAKALSVAPPLVSGWKNGTPYTHPSHIPIRHIGSVCDHLFVSQEVLELEDFQQFKTRAGERPHPSLWDSLVLSAPFSPRLQIIGEGGKRADGPTLRPLTRGIYDPDDLEVDVPIFRNGESVIIRLDAEPDWHVALFCKDRVGWQRLHPTLRRRETRTDGIFYYPLQNDPVRARYARLDAVPGAQVLVAVITGDALPEPMLEAIAAATDLPSALQHLARSLGVAVTSTSEMIQLRYHVEP
WP_068184797.1,Chelatococcus asaccharovorans,NZ_QJJK01000021.1,29455,29341,-,MHISHHPSPARFSIPPATALLPSDLMAPFQRTRLKEP
WP_068184797.1,Chelatococcus asaccharovorans,NZ_QJJK01000021.1,29460,29352,-,LICTSRITHLRPAFRFRPRQPCCRQISWRRSNARG
WP_068184797.1,Chelatococcus asaccharovorans,NZ_QJJK01000021.1,29464,29341,-,MLDMHISHHPSPARFSIPPATALLPSDLMAPFQRTRLKEP
WP_068184797.1,Chelatococcus asaccharovorans,NZ_QJJK01000021.1,33702,33240,-,MALTVRAFLKFILSAFAIGLGGMGASATEGDRHEVTTLSNLIGRLRSDAALRARFAGNPRGTLSEHGIDPSPYNLPDAMNAEQMGRLLAQNSPALAPNDEPPPAPQRPAAPAAVYGPPPRTPVQEPAPPVPQEKQPLRGIHTIIYGPPPGPRK
WP_068184797.1,Chelatococcus asaccharovorans,NZ_QJJK01000021.1,33788,33692,-,LCGQHIIQDHDIWIAASGRPVASRLRGSIWP
WP_068184797.1,Chelatococcus asaccharovorans,NZ_QJJK01000021.1,33791,33692,-,MLCGQHIIQDHDIWIAASGRPVASRLRGSIWP
WP_068184797.1,Chelatococcus asaccharovorans,NZ_QJJK01000021.1,34379,33911,-,MVRIFVDMDGVLANFDAHHEAVFGIRPDKKVDNVNWQQVRDHKGFYAGIPPMDDMMELWNFVTKHDPYRIVLTGIPYSVEEAESNKRGWIAKHLGDHVEVRCCKSRDKSLHAEPGDILIDDWDKYRHLWVKRGGTWITHTSATNTIAELTKIFGD
WP_068184797.1,Chelatococcus asaccharovorans,NZ_QJJK01000021.1,34388,34496,+,LFAGSSPVGISVFDSGALQNADFQKYPRARRGDHA
WP_068184797.1,Chelatococcus asaccharovorans,NZ_QJJK01000021.1,34488,34995,+,MLDEFPKQVGAMLAAVLTFGPVEAVADSCHSNCDSRYYFCMQGSGVDERGCSTQQTICYMSCRSEAYQAIAYSPRTDHHGYAYSRASRAEAEAAAMDYCRRGTSADGNDCRVVMWSRNACAALATATGGFFGAAWGDPRANAEARALKQCGDGGGKACAIARTVCPDR
WP_068184797.1,Chelatococcus asaccharovorans,NZ_QJJK01000021.1,35754,35046,-,MKKIVALTLVTAAMALAGCDMPDKLEKPNPVAEWTWTGNPKLDNGGTISLNLGGDGNFKARSTPPGEEARSVEGRWTVGESWNEKACGDRISLSDEDRLTRTADGKVENHRVSRASIGLLYWVAKGAELPSGAKIVSKQNMTDSGASNPFDASLRTVVANNLLPHSIPPLPDHAKGEFWLVEENAELVRTGRAAVASGSLVQYPFALLAECFGSPDKDAKVRLMFRSRNLTAAAS
WP_068184797.1,Chelatococcus asaccharovorans,NZ_QJJK01000021.1,37731,37848,+,LSKSASFLPRRARQSADWRHADRVWRWPSRPTRGLTSR
WP_068184797.1,Chelatococcus asaccharovorans,NZ_QJJK01000021.1,37826,37712,-,VGREGHRQTRSAWRQSADCRARRGRNDALFDKLAPGS
WP_068184797.1,Chelatococcus asaccharovorans,NZ_QJJK01000021.1,37828,37645,-,VWDGKAIAKLDPRGANPPTAALDEEETTRFLTNLRRVLDDKQRKWAGAVTAGAAEYTVTA
WP_068184797.1,Chelatococcus asaccharovorans,NZ_QJJK01000021.1,37843,37645,-,VTSVLVWDGKAIAKLDPRGANPPTAALDEEETTRFLTNLRRVLDDKQRKWAGAVTAGAAEYTVTA
WP_095987964.1,Cystobacter fuscus,NZ_CP022098.1,6798189,6798285,+,MESRREASRSTDSCRNPTCPTVKGSTLNGIR
WP_095987964.1,Cystobacter fuscus,NZ_CP022098.1,6799135,6799231,+,LSFKPPMPELPASERNAPGVHARVRGRSSPG
WP_095987964.1,Cystobacter fuscus,NZ_CP022098.1,6799155,6798363,-,MGGLKDKVVIVTGASSGIGRATALALADEGAKVIASARREAQGQELIARIRERGGEATWVSADLLVERDIEALVETALSTYGRLDGAFNNAGGGLSKPFLDTTTEDYEAILNTNLRGAFWCMKYELRAMLAGGGGSIVNCASVSASRSMPGLSAYSASKAALVALTQCVAVEHAQKGVRVNAVSPGIIESEMATAGWRLNERMGRAFAASLHPMNRVGTPEEVAGLVAFLLGPQSSFITGQDFAVDGGFTAASVSATLMNRPR
WP_095987964.1,Cystobacter fuscus,NZ_CP022098.1,6799181,6799277,+,MHREFTPACAEDQVLADRGDESAGTWRERRR
WP_095987964.1,Cystobacter fuscus,NZ_CP022098.1,6799280,6799142,-,LLPPPLTPCPSRLVSAVSQDLIFRARGRELPVHFSRMQGVPAWVV
WP_095987964.1,Cystobacter fuscus,NZ_CP022098.1,6799311,6799194,-,MRTFRTLGFTLATAASHAMSQPTRLRGQPGLDLPRTRA
WP_095987964.1,Cystobacter fuscus,NZ_CP022098.1,6799443,6799194,-,LLDQSSSWAPGIEKRALPVGPLASTFLIQPAHCLRRQVSSFPHTMRTFRTLGFTLATAASHAMSQPTRLRGQPGLDLPRTRA
WP_095987964.1,Cystobacter fuscus,NZ_CP022098.1,6801002,6800900,-,VNRGGRLFSSAAKRREVEEDDPPPPEHRVKLWD
WP_095987964.1,Cystobacter fuscus,NZ_CP022098.1,6801023,6800900,-,VNLDNLTVNRGGRLFSSAAKRREVEEDDPPPPEHRVKLWD
WP_095987964.1,Cystobacter fuscus,NZ_CP022098.1,6804584,6804749,+,VSCLVSGPSPVSPAAPRGESRPVAFVALPSQALQPGPILGEDCAPFSPLQDVSP
WP_095987964.1,Cystobacter fuscus,NZ_CP022098.1,6804633,6804825,+,VVSPARLPSSHFHPRHCNPDPSWAKTARRSALFRMSHRDFRPSPAVHLPPAADPSRRDSGTRR
WP_095987964.1,Cystobacter fuscus,NZ_CP022098.1,6804636,6804825,+,VSPARLPSSHFHPRHCNPDPSWAKTARRSALFRMSHRDFRPSPAVHLPPAADPSRRDSGTRR
WP_095987964.1,Cystobacter fuscus,NZ_CP022098.1,6804651,6804825,+,LPSSHFHPRHCNPDPSWAKTARRSALFRMSHRDFRPSPAVHLPPAADPSRRDSGTRR
WP_095987964.1,Cystobacter fuscus,NZ_CP022098.1,6804686,6804587,-,LQCLGWKCDEGNRAGLTTRGRGRDGRWTRNEA
WP_095987964.1,Cystobacter fuscus,NZ_CP022098.1,6804828,6804720,-,LSSTGAGVSAGGVCSRRKVDSRAGTEITVRHPEEG
WP_095987964.1,Cystobacter fuscus,NZ_CP022098.1,6804912,6804720,-,LAAAARSAAAAARSAASAAAAARCSLAALSSTGAGVSAGGVCSRRKVDSRAGTEITVRHPEEG
WP_095987964.1,Cystobacter fuscus,NZ_CP022098.1,6804921,6804720,-,MRALAAAARSAAAAARSAASAAAAARCSLAALSSTGAGVSAGGVCSRRKVDSRAGTEITVRHPEEG
WP_095987964.1,Cystobacter fuscus,NZ_CP022098.1,6804924,6804720,-,VMRALAAAARSAAAAARSAASAAAAARCSLAALSSTGAGVSAGGVCSRRKVDSRAGTEITVRHPEEG
WP_095987964.1,Cystobacter fuscus,NZ_CP022098.1,6804933,6804720,-,MASVMRALAAAARSAAAAARSAASAAAAARCSLAALSSTGAGVSAGGVCSRRKVDSRAGTEITVRHPEEG
WP_095987964.1,Cystobacter fuscus,NZ_CP022098.1,6804936,6804720,-,LMASVMRALAAAARSAAAAARSAASAAAAARCSLAALSSTGAGVSAGGVCSRRKVDSRAGTEITVRHPEEG
WP_095987964.1,Cystobacter fuscus,NZ_CP022098.1,6804981,6804720,-,VARSGAAREISWASSLMASVMRALAAAARSAAAAARSAASAAAAARCSLAALSSTGAGVSAGGVCSRRKVDSRAGTEITVRHPEEG
WP_095987964.1,Cystobacter fuscus,NZ_CP022098.1,6804999,6804720,-,LPSGPVVARSGAAREISWASSLMASVMRALAAAARSAAAAARSAASAAAAARCSLAALSSTGAGVSAGGVCSRRKVDSRAGTEITVRHPEEG
WP_095987964.1,Cystobacter fuscus,NZ_CP022098.1,6805023,6804720,-,LGGGGGTGLPSGPVVARSGAAREISWASSLMASVMRALAAAARSAAAAARSAASAAAAARCSLAALSSTGAGVSAGGVCSRRKVDSRAGTEITVRHPEEG
WP_095987964.1,Cystobacter fuscus,NZ_CP022098.1,6805044,6804720,-,VAFQTSGLGGGGGTGLPSGPVVARSGAAREISWASSLMASVMRALAAAARSAAAAARSAASAAAAARCSLAALSSTGAGVSAGGVCSRRKVDSRAGTEITVRHPEEG
WP_095987964.1,Cystobacter fuscus,NZ_CP022098.1,6805045,6805744,+,MGLGLIFITGNASTVTLNGLATAERKSEHWIYSAQASGSYGESRAPTLEGQAQAPNQVVALNAALQLRADHRFTPQISGYILGRGETDHVKSVEFRGSGEAGIGVIWWDVKRQDGSESFLRTDLALSYARETRFQYYPTRTDLPDVSLGGPRAGLAFRHGITKDVAFVDELSVLPSLIEGSRLLVTNQAQLNVRLTRALAIATTFLVQYDSMPAPGKFPTDTSLSVSAAVTF
WP_095987964.1,Cystobacter fuscus,NZ_CP022098.1,6805062,6804720,-,MRPRPTVAFQTSGLGGGGGTGLPSGPVVARSGAAREISWASSLMASVMRALAAAARSAAAAARSAASAAAAARCSLAALSSTGAGVSAGGVCSRRKVDSRAGTEITVRHPEEG
WP_095987964.1,Cystobacter fuscus,NZ_CP022098.1,6805068,6804720,-,MKMRPRPTVAFQTSGLGGGGGTGLPSGPVVARSGAAREISWASSLMASVMRALAAAARSAAAAARSAASAAAAARCSLAALSSTGAGVSAGGVCSRRKVDSRAGTEITVRHPEEG
WP_095987964.1,Cystobacter fuscus,NZ_CP022098.1,6805768,6805999,+,LNHQGFLSSGAHPFRRGVPMTTKPEKKFPRTEILDRLSERTRKVLELEEKNLENVTGGVERGNASIYGLPPPPDLR
WP_095987964.1,Cystobacter fuscus,NZ_CP022098.1,6805825,6805999,+,MTTKPEKKFPRTEILDRLSERTRKVLELEEKNLENVTGGVERGNASIYGLPPPPDLR
WP_095987964.1,Cystobacter fuscus,NZ_CP022098.1,6805896,6805800,-,LRVRSLSRSRISVRGNFFSGFVVMGTPLRNG
WP_095987964.1,Cystobacter fuscus,NZ_CP022098.1,6805897,6805999,+,VLELEEKNLENVTGGVERGNASIYGLPPPPDLR
WP_095987964.1,Cystobacter fuscus,NZ_CP022098.1,6805965,6805800,-,MEAFPRSTPPVTFSRFFSSSSSTLRVRSLSRSRISVRGNFFSGFVVMGTPLRNG
WP_095987964.1,Cystobacter fuscus,NZ_CP022098.1,6806050,6805786,-,LQDGRRHGGERAVRGRTSAQVRRGRQAVDGGVSTLDASRHVLQVLLLQLEHLARALAQPIQDLGARELLLGLRRHGDSPAEWVSPRG
WP_095987964.1,Cystobacter fuscus,NZ_CP022098.1,6807310,6808003,+,MPELTSEGHRAVAELAQRHGVSGEAVRVLLEALAVGGGTQAQFNHPELGGLGQWSQGGMLMVGNMFDHALKARVDALCVELARRMRMEPLLAPATSGASWWPAEFGEPTSSGAQGTLRYAYFPDHRRLVIQRSGQVTIHDTGEHRISGVSQQQGAGQSLTLTSQYGPIRLSELPVIAPAPVGPTNPPAIPATAPSTDPLSLIERLAELRDKGALTEEEFAAKKAELLSRL
WP_095987964.1,Cystobacter fuscus,NZ_CP022098.1,6808038,6808239,+,VCRDRESWTRPAPMGCGRAFEQIPSGWHLEASCPDPPSRSEHRCPGAALREGVSAKRLALGGAPRW
WP_095987964.1,Cystobacter fuscus,NZ_CP022098.1,6808077,6808239,+,MGCGRAFEQIPSGWHLEASCPDPPSRSEHRCPGAALREGVSAKRLALGGAPRW
WP_095987964.1,Cystobacter fuscus,NZ_CP022098.1,6808096,6808285,+,LSRYLQDGTWRRLVPIHLLAQSIDAPARRSGKVCPQNALPWGARLDGDGLIPPPTALRSPAS
WP_095987964.1,Cystobacter fuscus,NZ_CP022098.1,6808115,6808247,+,MALGGVLSRSTFSLRASMPRRGAQGRCVRKTPCPGGRASMVTG
WP_095987964.1,Cystobacter fuscus,NZ_CP022098.1,6808122,6808239,+,LEASCPDPPSRSEHRCPGAALREGVSAKRLALGGAPRW
WP_095987964.1,Cystobacter fuscus,NZ_CP022098.1,6808133,6808247,+,LSRSTFSLRASMPRRGAQGRCVRKTPCPGGRASMVTG
WP_095987964.1,Cystobacter fuscus,NZ_CP022098.1,6808288,6808183,-,LLGSGGAERRRRWDQPVTIEARPPGQGVLRTHLP
WP_095987964.1,Cystobacter fuscus,NZ_CP022098.1,6808367,6808817,+,MNSRPEIEQRVTTSAPTVRVTAEDMQRLRVVVDRHLDGSLAAAAEQLDGELERAVVEPQDQIPPDVVTMRSRILFEDLDTGRRREATLVYPEEADIEQSKLSVLAPAGLAVLGLKKNDIIEWPLPNARRTRFRIVEILYQPEASGDFHL
WP_095987964.1,Cystobacter fuscus,NZ_CP022098.1,6808836,6809064,+,MADNNRWANLVNTAFLLDQAPRSPGPEGLRPALAMIESALEVFPATVDPVEDFEGYAVRRLLLALNAALSESVRS
WP_095987964.1,Cystobacter fuscus,NZ_CP022098.1,6810189,6810285,+,LRQRRSMIRRERRLATGKHVRELPITLDKPL
WP_095987964.1,Cystobacter fuscus,NZ_CP022098.1,6811405,6811537,+,VAPVPGHEPGQPLFQGQTRIFPGPGDEGDGSSARDGLRPLGHA
WP_095987964.1,Cystobacter fuscus,NZ_CP022098.1,6811531,6811396,-,MAQGPQAITCRRAVSLVTWTREDTCLPLEQGLPRLVAWYRGHQG
WP_095989616.1,Cystobacter fuscus,NZ_CP022098.1,9331338,9331473,+,MRISRRRWTHSSTPGRRRCARIILHSSLTPCRWSPKHPARSRGR
WP_095989616.1,Cystobacter fuscus,NZ_CP022098.1,9331358,9331487,+,VDAFVDPWEEAMRPHHPSQFTHTLPMESEASGSVARPVTAEA
WP_095989616.1,Cystobacter fuscus,NZ_CP022098.1,9331391,9331487,+,MRPHHPSQFTHTLPMESEASGSVARPVTAEA
WP_095989616.1,Cystobacter fuscus,NZ_CP022098.1,9331511,9331409,-,LSLLVLHCLCLRRHRPRDRAGCFGLHRQGVSEL
WP_095989616.1,Cystobacter fuscus,NZ_CP022098.1,9331514,9331835,+,MSVVYNLGLATRVPLGEGRTFTVGERTVAVFRTRSGALLATQAECPHQRGPLADGLLGGNVLVCPLHGYKFDIKTGLAVGHACGSLKTYTVELSDREEILLRVEDS
WP_095989616.1,Cystobacter fuscus,NZ_CP022098.1,9331831,9332674,+,MNGLEGVRVALLEGRMTGELATLVRRHGGEPYCVPAVREQQSASAEQEVAALLGVLMHEASPVVVLLTGAGVEALSQAAERLGRKPELLERLRRATLVCRGSKPHAALRKEGLEPSIGVKEPYTTEHVIEALDPLDLEDRCVVLLHYGERNLPLLQALAGRRARIQETCLYEWRLPEDLGPLQSLVQEIIERRVGAIAFTSQVQARHLFQVASEMGRAEALRSALRNDTVVAAVGPTCASALEASGVTPHVVPERPKMGAMIVSLARFISDAGASHESKA
WP_095989616.1,Cystobacter fuscus,NZ_CP022098.1,9332657,9332819,+,MNPKPEAEAPGGHLPTLIACFMHFDLSFTLWVLLGSLGVFAAEDVGLSAAQKT
WP_095989616.1,Cystobacter fuscus,NZ_CP022098.1,9332829,9333603,+,MNQGKVYLIGAGPGDPKLLTLRAVEALAESDVILMDQLVSHEVLAHARQGVDVIDCGKRAGHHCMDQKEIQRLLIERARRGQIVARLKGGDPFIFGRGGEEAEALVEAAIAWEVIPGISSGIAAAAYAGIPLLHRSHASSVAFVTGHAGHEHAVGSQGADTLVIFMCGSTILQIARELMEGGRAPSTPLAIILSGTRSNQAIYTGTLMELVRMERIELASPVLAVVGDVTTLAKKLHWFGPPPKPLRLLAAPVTAGS
WP_095989616.1,Cystobacter fuscus,NZ_CP022098.1,9334056,9334173,+,LAYPRCGATCMMAGARGPQRSSCRAQNAGITWPPASAP
WP_095989616.1,Cystobacter fuscus,NZ_CP022098.1,9334057,9333664,-,MTSLSACQQCRGFVPPGSTTCVHCGTALTAAEPRGGTGLTALLGLASAGMTAITLMACYGMPPCDEPAPDGGSDRYHCYDPAPHCASPATDGGLTGADGGMTGSDGGELPPCDDVFPSPGDAGTGSDAGH
WP_095989616.1,Cystobacter fuscus,NZ_CP022098.1,9334233,9334119,-,MDIPSAGARTGHTPRPLTRLSWSGSGRPSDSGVLRAA
WP_095989616.1,Cystobacter fuscus,NZ_CP022098.1,9336056,9335510,-,MSRTNKGIPGARSVHHLAYTVPNLDQAVDFFVKVLGAELLYRIGPVEDQTGDWMTRHLNVHPRASTHIAMLRFGPVSNLELFEYTSPDQRRELPRNSDWGGHHLAIGVDDVDAAVDYLRSVPGVKVLDEPQTITEGPIAGDRWVYFLTPWGMQMEVLHMPRGMPYEEDTDARLFESSEPWA
WP_095989616.1,Cystobacter fuscus,NZ_CP022098.1,9336861,9336078,-,MIERFAIVTGASSGIGKATAIALAEKGFDVGIGYNSNAEGARRVAAEVEAHGVRALPFRMDLTNPADAAGAVEQAIRVLGGVDVFVNNAGVNRRASFLEETAEDWQRILTINTTGPFLCAQVAARHMVSQGRGGRIVNVTSVHELVPIMGGSAYCASKGGLGLLTKVMALELARYGITVNAVSPGETATPMNGVPDSRDAAEISRPEIPIGRPGRSREVAALIAHLAGPDAAYITGVTLSVDGGLMLMSAIPNQEYADRL
WP_095989616.1,Cystobacter fuscus,NZ_CP022098.1,9337637,9336857,-,MIRRTLEAWNGSSRQRSGGVQWLVNRELIPEALGMLMIQELSGGSGLPVHGLPGAESVTFLLSGKGDWLGDGTSWPLKAGEGVFNPPGTPRAFEAGRDGNTVLLVVYGGSNDPRDAEPHAVHGGSGCGCRISRTADQESHSPLGEAGGFIDMGVHWLATTQTVGTRSVVVATSTFTPGGSHQLHRHPHADEFFLVLQGGGEHLTKDGPVRLNPGDLAYIPAGEWHGFQTDPGVTTRTVYGYLGAGSLAQAGYELLEEET
WP_095989616.1,Cystobacter fuscus,NZ_CP022098.1,9339078,9338694,-,MILSTIEKTSRTRERGEEIHWRCLARRGMLHSECEALDYVRLAPGTEFALRGSEGTESAWFVIAGTGSLLASDSDPAERPLGAGDLVLLPAGTDARITSGRDGLELLWLAVMPHAITQSLPMRRPVA
WP_095989616.1,Cystobacter fuscus,NZ_CP022098.1,9339194,9339074,-,LKYGVSVTLPLGTGMTVTAGSNGLEYFQAILEVPGGGAR
WP_095989616.1,Cystobacter fuscus,NZ_CP022098.1,9339260,9339074,-,VEHTLFTLRGSGESASGEATVPLKYGVSVTLPLGTGMTVTAGSNGLEYFQAILEVPGGGAR
WP_095990905.1,Cystobacter fuscus,NZ_CP022098.1,11213945,11214116,+,LQPDKVLVQLGEWPEADGELRPYRQLARVLEPHLYQEARPVLPAEVMRRWERRFLD
WP_095990905.1,Cystobacter fuscus,NZ_CP022098.1,11213966,11214116,+,VQLGEWPEADGELRPYRQLARVLEPHLYQEARPVLPAEVMRRWERRFLD
WP_095990905.1,Cystobacter fuscus,NZ_CP022098.1,11221726,11221537,-,MTTKVEKKLPRTQVIERQKERTREVLEIEEGSLDTVRGGSARYALPPPPPTPPPSDVIKDQL
WP_095990905.1,Cystobacter fuscus,NZ_CP022098.1,11221913,11221784,-,VTPSGRLPPPRGSRSSAGRMTPRIPGLLGHGPGRRVSRGRSI
WP_095990905.1,Cystobacter fuscus,NZ_CP022098.1,11223702,11223822,+,VLHQGGGGNRSSPVLTKGGLIHQYANLLHRGHFREDFKL
WP_095990905.1,Cystobacter fuscus,NZ_CP022098.1,11223721,11223925,+,VETGAVRFSPKADLSTNTRTYCTEGTSGKISNCEISNGGRRKLENRASSPPKGRGRGGDARGGGRSW
WP_095990905.1,Cystobacter fuscus,NZ_CP022098.1,11223815,11223710,-,LKSSLKCPRCNKFAYWWISPPLVRTGLLRFPPPP
WP_095990905.1,Cystobacter fuscus,NZ_CP022098.1,11223863,11223710,-,MLCSPTSSGLRWRFHNLKSSLKCPRCNKFAYWWISPPLVRTGLLRFPPPP
WP_095990905.1,Cystobacter fuscus,NZ_CP022098.1,11223866,11223710,-,LMLCSPTSSGLRWRFHNLKSSLKCPRCNKFAYWWISPPLVRTGLLRFPPPP
WP_095990905.1,Cystobacter fuscus,NZ_CP022098.1,11223935,11224358,+,MQPGESLFVHPGLKVRPCEWGYGVFTDQAIAEGTILEECHYLKAPFRTLRTSPLTDYVFNIEWGPHEEDQGGEWVALVFGFGSIYNHAQEPNVSYYRGYQRGPAPKDVFTFYALRDIEPGEQLCISYGENWWNTRGQQMP
WP_095990905.1,Cystobacter fuscus,NZ_CP022098.1,11224463,11224574,+,MNRGVAPRASCSATMDGASPSQPPGSGTRRRERRRT
WP_095990905.1,Cystobacter fuscus,NZ_CP022098.1,11224475,11224574,+,VAPRASCSATMDGASPSQPPGSGTRRRERRRT
WP_011604154.1,Frankia alni ACN14a,NC_008278.1,3275833,3275656,-,VIGLGAAGAVAAETGRDGAARCAGRRCAGRRCAGRRCAGRRYAGRRTAAARGCTASSA
WP_011604154.1,Frankia alni ACN14a,NC_008278.1,3276723,3275829,-,MELRQLEYFVAVAEEENFTRAAERVHISQSGVSAQIRQLERELGAELFDRSARTVTLTVAGKAALEHARAALAAAGAVSQAVGEVTGLIRGRLDLGMIIGCTITPLFDALAAFHRAHPGVTVSLLEDSSDRLADQVRAGALDLALIGTAEATVEGLESLTIVSERIVAAVPPDHPLARSRRVTLRDLESYPIVCMPPGTGLRAVFDEACAVQRRRPPIALQASAADALADLAARGLGVAILSASMAADYADRLTARTVDDVEAPARLALIWRGGHGPAVREALAHLRRAFRDPTPAL
WP_011604154.1,Frankia alni ACN14a,NC_008278.1,3276731,3276875,+,MLVIARAICGASASMAARGASPTGLPPPARRGCRTPAVGRLVTGRQA
WP_011604154.1,Frankia alni ACN14a,NC_008278.1,3276773,3276875,+,MAARGASPTGLPPPARRGCRTPAVGRLVTGRQA
WP_011604154.1,Frankia alni ACN14a,NC_008278.1,3277725,3276921,-,MTITARYADPAATLHVTSEIVTLQLAHRSVRRFTPRPVTDDELAALVAAAQSASTSSNLQAWSVVAVRDPQRKARLAALAGNQRFIDQAPLFLIWVADLSRVHRLADAAGTGGVPEGTDYLESTILGFVDAALAAQNAVVAAESLGLGTVFVGAVRNRPEQIAAELGLPPHAAAAFGLAVGTPDPTEHAGIKPRLPQGAVLHHERYDAAAADAHIPAYDERLGAYNARHGLPGTWSERVLARLAGPQSLSGRHRLREALANLGLPSR
WP_011604154.1,Frankia alni ACN14a,NC_008278.1,3277769,3278404,+,XXXXXXXXXXXXXXXXXXXXXXXXXXXXXXXXXXXXXXXXXXXXXXXXXXXXXXXXXXXXXXXXXXXXXXXXXXXXXXXXXXXXXXXXXXXXXXXXXXXXXXXXXXXXXXXXXXXXXXXXXXXXXXXXXXXXXXXXXXXXXXXXXXXXXXXXXXXXXXXXXXXXXXXXXXXXXXXXXXXXXXXXXXXXXXXXXXXXXXXXXXXXXXXXXXX
WP_011604154.1,Frankia alni ACN14a,NC_008278.1,3278460,3278625,+,VTRAVTGPRHPGRSPACGGGAAVAPVSASSYGFGNCCCLASGCGNVGPVRVMSR
WP_011604154.1,Frankia alni ACN14a,NC_008278.1,3278518,3278614,+,VPPSLPCRLRPMASATVAVSPAAVGTSVPCE
WP_011604154.1,Frankia alni ACN14a,NC_008278.1,3278621,3279437,+,MSEHSVAQTLEQALQIVQVGEDDFQSVSLVDTGGYPLYGGQILALALRAAAMTIEPDRRPHSLHGYFLRAGRLDAPVTLHVDRDRDGRSFSARRVVALQDDKVIFSMVTSFTRGTGDFVLDAAPRLGRTYTEPPDKHRMLLLDLCEFTPRRQQGDRFFFPDHAEILPVGPLSDDWLTHTCAIAYMSDIGTGFGQLADPGIASTESSVSHSIWFHAPARADDGMTLEMWPSSAASGLGLYSGSVRDAAGNLVLAIAQEQLIRSRRPTPDAAA
WP_011604154.1,Frankia alni ACN14a,NC_008278.1,3280309,3279433,-,MTSGEPLESGVEGSGDATWWTTLAGERRPVDLKIDQPHSARMYDYYLGGKDNFPADRAAAEQALAAFPNARVASHANRAFMVRTTRHLAGEAGVRQFLDIGTGIPTSPNLHEVAQAVAPDARVVYADNDPIVLTHARALLTSTPQGTTAYLDVDLRDPASILAAPELRAALDLTRPVALSLIAIMHFIPDADDPRGLLGRLLRELPSGSYLTLTHATADHDEGMERLAAAYRAGGIPAQARTRAEVARFFDGLELLDPGLQIVHRWRPDGAAPTDLTDAQVSFYGAVARKP
WP_011604154.1,Frankia alni ACN14a,NC_008278.1,3282026,3282203,+,VIRPSSSPTPVPVHHRRWGVRRLRTGGHPREPSTARGWGPHGRCRPDPVDHAGLSGRR
WP_011604154.1,Frankia alni ACN14a,NC_008278.1,3282045,3281694,-,MTRGESPEQRPDPRLPRGPDWDAQVGPRRADDIAARLAAEEAGEETGDETLIAPAGWLPTGPPPPPAGPSSVPPWQQGPPPAPTPVYGGPPLPAWDDGGRPPARRGRGWLRRLFRR
WP_011604154.1,Frankia alni ACN14a,NC_008278.1,3283047,3282186,-,MSSSLDPNDFTPSHILIQLSDTHIVREGELLHGRVDSHAGLRTALEQIEASTLKVGALLLTGDLADSGDLVAYQRLRDLVEPVAERLGAPVLYAVGNHDARGPFRAGLLGAEPTEEAYDYVHWVDDLRIIVLDTTEPGEHGGFLGTAQLRWLADELATPAPGGTVLALHHPPVPSPIAMVNKYLLAEPANLADVLAGTDVRIVLTGHAHHSSAGVIGGVPVWVAGATAYSARTLGPADRLTGMVGGEYTRVDVYPDSAVATAIPLTPTEVIYDVTLDEIAQLSAAH
WP_011604154.1,Frankia alni ACN14a,NC_008278.1,3285555,3285807,+,VVEPRACSLGEGGRRAPGTVVPGDCVLPVRRYVGSVRCAGERPTTVGKRMAVTYRNEFAGPVSVWRDLPWSGPRSDARSVYRW
WP_011604154.1,Frankia alni ACN14a,NC_008278.1,3285579,3285807,+,LGEGGRRAPGTVVPGDCVLPVRRYVGSVRCAGERPTTVGKRMAVTYRNEFAGPVSVWRDLPWSGPRSDARSVYRW
WP_011604154.1,Frankia alni ACN14a,NC_008278.1,3285702,3285807,+,MAVTYRNEFAGPVSVWRDLPWSGPRSDARSVYRW
WP_011604154.1,Frankia alni ACN14a,NC_008278.1,3286341,3286482,+,MNGPFFDGTRNLPSGYAGRTTVFRCSFIPAVGRRPPATGCAVRVGG
WP_011604154.1,Frankia alni ACN14a,NC_008278.1,3286343,3285857,-,MSELGCRPDGISSPEQVLLAAGVPFTAVDHEPIVGPADAELLGFPTERLLKTMVFRNADRGFVLAALPVTGRVNYGRLARAAGTSRAKLSQAAAEDLRDLGMEPGGASPVCAVPGVVVVFDAAVRRMGVVCCGSGRADRTIQVDVDHLIELVKPIFDDLSR
WP_015929579.1,Methylobacterium nodulans ORS 2060,NC_011894.1,3036528,3036726,+,XXXXXXXXXXXXXXXXXXXXXXXXXXXXXXXXXXXXXXXXXXXXXXXXXXXXXXXXXXXXXXXXXX
WP_015929579.1,Methylobacterium nodulans ORS 2060,NC_011894.1,3036532,3036421,-,VRHGLRRGATADGVGWRKRRAMCGSYVSVHEAPQFP
WP_015929579.1,Methylobacterium nodulans ORS 2060,NC_011894.1,3036809,3036923,+,MGFRRSVSRHLHHPRSAACRAWGRSGRRGRPHRTPRR
WP_015929579.1,Methylobacterium nodulans ORS 2060,NC_011894.1,3036827,3036923,+,VSRHLHHPRSAACRAWGRSGRRGRPHRTPRR
WP_015929579.1,Methylobacterium nodulans ORS 2060,NC_011894.1,3037034,3036881,-,VRATGARPAAIPKHARRPPASACPTPPPSASSTRPSRSPTRGSMRPSATT
WP_015929579.1,Methylobacterium nodulans ORS 2060,NC_011894.1,3037045,3037168,+,MALSLTRRDGQRHGLCVAQAAPAVFHFGRFRGLKRPSTPP
WP_015929579.1,Methylobacterium nodulans ORS 2060,NC_011894.1,3037064,3036881,-,LSGTAPSAGRVRATGARPAAIPKHARRPPASACPTPPPSASSTRPSRSPTRGSMRPSATT
WP_015929579.1,Methylobacterium nodulans ORS 2060,NC_011894.1,3037084,3036841,-,VALPVSPCQGQRHQRAGCELRAPGPLPSPSTRVVLQRRHARHPHHRRVLRGPAGHRRGVRCGRPRRPERPHARHAADRGW
WP_015929579.1,Methylobacterium nodulans ORS 2060,NC_011894.1,3037123,3036841,-,VKDSRRGLRHTEAVALPVSPCQGQRHQRAGCELRAPGPLPSPSTRVVLQRRHARHPHHRRVLRGPAGHRRGVRCGRPRRPERPHARHAADRGW
WP_015929579.1,Methylobacterium nodulans ORS 2060,NC_011894.1,3037411,3037513,+,LARSSPASVLKTPPQAARDRMRTGGVLRPDMPA
WP_015929579.1,Methylobacterium nodulans ORS 2060,NC_011894.1,3037424,3037142,-,MSEPKNEKPAPEMNKVESVFFQFAHVLFNGMVSADSLQGQAPLAPKPWQILDISFPRPIVRMTFFSERRARATCETMNAKARRERFKVAWMGA
WP_015929579.1,Methylobacterium nodulans ORS 2060,NC_011894.1,3037682,3037802,+,LHGVWIQMGLHGQPIPPGFLACSCSPRLHVEIFLINKHC
WP_015929579.1,Methylobacterium nodulans ORS 2060,NC_011894.1,3037703,3037802,+,MGLHGQPIPPGFLACSCSPRLHVEIFLINKHC
WP_015929579.1,Methylobacterium nodulans ORS 2060,NC_011894.1,3037746,3037641,-,MLKTREELVGHEAPSESRHRAMYDAARRPAGGRI
WP_015929579.1,Methylobacterium nodulans ORS 2060,NC_011894.1,3037897,3038086,+,MGAALMIRRDLVSSDDLRRLARRERNRRTATRMLAIANALEGLSQAEAAPLGRAGAPSPALQ
WP_015929579.1,Methylobacterium nodulans ORS 2060,NC_011894.1,3037912,3038086,+,MIRRDLVSSDDLRRLARRERNRRTATRMLAIANALEGLSQAEAAPLGRAGAPSPALQ
WP_015929579.1,Methylobacterium nodulans ORS 2060,NC_011894.1,3037930,3038086,+,VSSDDLRRLARRERNRRTATRMLAIANALEGLSQAEAAPLGRAGAPSPALQ
WP_015929579.1,Methylobacterium nodulans ORS 2060,NC_011894.1,3037974,3037806,-,LRSRRARRRRSSLLTRSRRIIRAAPIASSRQPRAAGNHNHASAHNRESPFIRSPV
WP_015929579.1,Methylobacterium nodulans ORS 2060,NC_011894.1,3037983,3037806,-,VRRLRSRRARRRRSSLLTRSRRIIRAAPIASSRQPRAAGNHNHASAHNRESPFIRSPV
WP_015929579.1,Methylobacterium nodulans ORS 2060,NC_011894.1,3037989,3037806,-,VAVRRLRSRRARRRRSSLLTRSRRIIRAAPIASSRQPRAAGNHNHASAHNRESPFIRSPV
WP_015929579.1,Methylobacterium nodulans ORS 2060,NC_011894.1,3037995,3037806,-,MRVAVRRLRSRRARRRRSSLLTRSRRIIRAAPIASSRQPRAAGNHNHASAHNRESPFIRSPV
WP_015929579.1,Methylobacterium nodulans ORS 2060,NC_011894.1,3038010,3037806,-,LAIASMRVAVRRLRSRRARRRRSSLLTRSRRIIRAAPIASSRQPRAAGNHNHASAHNRESPFIRSPV
WP_015929579.1,Methylobacterium nodulans ORS 2060,NC_011894.1,3038048,3038381,+,LVGLERQALPYSSASPHARERQSSKAKEGRPCGAARGLGRSMPRCDANAAGHLRCAMLRGAPLDLMRLGHRRSLPGPAVGFSARRSRARKIAYPLRRDAPHAEDVFIYSC
WP_015929579.1,Methylobacterium nodulans ORS 2060,NC_011894.1,3038069,3037739,-,LALQPDQAGPLQPGSGPPEHWRSPACAWRCAGCARGAPGAAGRRYSPDRAGSSGLRPSRPPASRGQQGITTTLQPTTGRVPSSARRYKSLTMFVDEKYFNMQTRGAAAC
WP_015929579.1,Methylobacterium nodulans ORS 2060,NC_011894.1,3038099,3037739,-,VRRRATVRQGLALQPDQAGPLQPGSGPPEHWRSPACAWRCAGCARGAPGAAGRRYSPDRAGSSGLRPSRPPASRGQQGITTTLQPTTGRVPSSARRYKSLTMFVDEKYFNMQTRGAAAC
WP_015929579.1,Methylobacterium nodulans ORS 2060,NC_011894.1,3038114,3037739,-,LPLARVRRRATVRQGLALQPDQAGPLQPGSGPPEHWRSPACAWRCAGCARGAPGAAGRRYSPDRAGSSGLRPSRPPASRGQQGITTTLQPTTGRVPSSARRYKSLTMFVDEKYFNMQTRGAAAC
WP_015929579.1,Methylobacterium nodulans ORS 2060,NC_011894.1,3038127,3037806,-,LPYWIASRAREATRYCKAGLGAPARPSGAASAWLRPSRALAIASMRVAVRRLRSRRARRRRSSLLTRSRRIIRAAPIASSRQPRAAGNHNHASAHNRESPFIRSPV
WP_015929579.1,Methylobacterium nodulans ORS 2060,NC_011894.1,3038140,3038239,+,LRSGPRSREEHAPLRCQRGGASALCHAARCAA
WP_015929579.1,Methylobacterium nodulans ORS 2060,NC_011894.1,3038171,3038381,+,MPRCDANAAGHLRCAMLRGAPLDLMRLGHRRSLPGPAVGFSARRSRARKIAYPLRRDAPHAEDVFIYSC
WP_015929579.1,Methylobacterium nodulans ORS 2060,NC_011894.1,3038191,3038095,-,LASQRGMLLPRPRAAPQGRPSFALLDCLSRA
WP_015929579.1,Methylobacterium nodulans ORS 2060,NC_011894.1,3038216,3038381,+,MLRGAPLDLMRLGHRRSLPGPAVGFSARRSRARKIAYPLRRDAPHAEDVFIYSC
WP_015929579.1,Methylobacterium nodulans ORS 2060,NC_011894.1,3038218,3038095,-,MAQRRCPAALASQRGMLLPRPRAAPQGRPSFALLDCLSRA
WP_015929579.1,Methylobacterium nodulans ORS 2060,NC_011894.1,3038243,3038381,+,MRLGHRRSLPGPAVGFSARRSRARKIAYPLRRDAPHAEDVFIYSC
WP_015929579.1,Methylobacterium nodulans ORS 2060,NC_011894.1,3038258,3038159,-,MTESHQIKRRTSQHGTTQMPRRVGIAAGHAPP
WP_015929579.1,Methylobacterium nodulans ORS 2060,NC_011894.1,3038282,3038381,+,VGFSARRSRARKIAYPLRRDAPHAEDVFIYSC
WP_015929579.1,Methylobacterium nodulans ORS 2060,NC_011894.1,3038340,3038550,+,MRPTRRMCLSIAADSEALPFALPGTPPRRGFFVSGLVVRPQHIPPRHLVVLRQGPAYPMPQPVLVRIRV
WP_015929579.1,Methylobacterium nodulans ORS 2060,NC_011894.1,3038358,3038550,+,MCLSIAADSEALPFALPGTPPRRGFFVSGLVVRPQHIPPRHLVVLRQGPAYPMPQPVLVRIRV
WP_015929579.1,Methylobacterium nodulans ORS 2060,NC_011894.1,3038391,3038550,+,LPFALPGTPPRRGFFVSGLVVRPQHIPPRHLVVLRQGPAYPMPQPVLVRIRV
WP_015929579.1,Methylobacterium nodulans ORS 2060,NC_011894.1,3038451,3038550,+,VRPQHIPPRHLVVLRQGPAYPMPQPVLVRIRV
WP_015929579.1,Methylobacterium nodulans ORS 2060,NC_011894.1,3038468,3038330,-,MCCGRTTSPETKKPRRGGVPGRAKGKASLSAAIDKHILRVGRISS
WP_015929579.1,Methylobacterium nodulans ORS 2060,NC_011894.1,3038473,3038368,-,VGCAAAAQRALKRKSPAAAVCRAGRKAKPRYQQL
WP_015929579.1,Methylobacterium nodulans ORS 2060,NC_011894.1,3038549,3038786,+,VGQHGAHSRHAAPSVRCYSMREGPPSRLRAFSISRVLGETTKTRSCGRAPRERLRQAVRNWSNRAQAFRSASATFNAF
WP_015929579.1,Methylobacterium nodulans ORS 2060,NC_011894.1,3038596,3038794,+,MLLDAGGSAFTPAGFLNIPSVGRDDENPLMRQSAKGTPSPGCSKLVKSSSGFQVSVSHVQRVLKK
WP_015929579.1,Methylobacterium nodulans ORS 2060,NC_011894.1,3038606,3038786,+,MREGPPSRLRAFSISRVLGETTKTRSCGRAPRERLRQAVRNWSNRAQAFRSASATFNAF
WP_015929579.1,Methylobacterium nodulans ORS 2060,NC_011894.1,3038628,3038439,-,VKADPPASSNILRSALHAGNARHAGPLYSDPYQDRLGHGIGRPLPKHYQVAGWDVLRPHNEP
WP_015929579.1,Methylobacterium nodulans ORS 2060,NC_011894.1,3038646,3038439,-,LRKPAGVKADPPASSNILRSALHAGNARHAGPLYSDPYQDRLGHGIGRPLPKHYQVAGWDVLRPHNEP
WP_015929579.1,Methylobacterium nodulans ORS 2060,NC_011894.1,3038654,3038786,+,VLGETTKTRSCGRAPRERLRQAVRNWSNRAQAFRSASATFNAF
WP_015929579.1,Methylobacterium nodulans ORS 2060,NC_011894.1,3038657,3038786,+,LGETTKTRSCGRAPRERLRQAVRNWSNRAQAFRSASATFNAF
WP_015929579.1,Methylobacterium nodulans ORS 2060,NC_011894.1,3038683,3038794,+,MRQSAKGTPSPGCSKLVKSSSGFQVSVSHVQRVLKK
WP_015929579.1,Methylobacterium nodulans ORS 2060,NC_011894.1,3038685,3038439,-,MSGFSSSRPTLGILRKPAGVKADPPASSNILRSALHAGNARHAGPLYSDPYQDRLGHGIGRPLPKHYQVAGWDVLRPHNEP
WP_015929579.1,Methylobacterium nodulans ORS 2060,NC_011894.1,3038700,3038439,-,LALCRMSGFSSSRPTLGILRKPAGVKADPPASSNILRSALHAGNARHAGPLYSDPYQDRLGHGIGRPLPKHYQVAGWDVLRPHNEP
WP_015929579.1,Methylobacterium nodulans ORS 2060,NC_011894.1,3038736,3038439,-,LTNFEQPGEGVPLALCRMSGFSSSRPTLGILRKPAGVKADPPASSNILRSALHAGNARHAGPLYSDPYQDRLGHGIGRPLPKHYQVAGWDVLRPHNEP
WP_015929579.1,Methylobacterium nodulans ORS 2060,NC_011894.1,3041215,3041806,+,MTIDTRSDLKRGSQAERSDILGSAAVWVTRSTFAYLSGAVCVARAVAAGLVMPRFDTRAMTAHLAEIARMVAPGAHADLVLSGAGWHISRTLVVPENITLLTLPPYSSELNLADHLAVFASEQARQPDLCFLRGYCRGLLRGMEQLLRGPQSDPIHHVMRMGVRVIVYGGWYNMYSRAVVLQMGSHPRRLDPPMAG
WP_015929579.1,Methylobacterium nodulans ORS 2060,NC_011894.1,3041882,3042383,+,MRIIARIIRKLLALLAPTTVSIAASEVPKAATPAQHTPSVSQLVKRLSDQPVLRARFAADPRAVLTEAGIDSASLNLGDRLSDAEIEQLIGRWRTVEISARLAASEEVSQGPTAEPSLDKSRNPAPVDGHPPGMQPSPSVKKPDNAGARQTPPVPVYGPPPGLRRP
WP_015929579.1,Methylobacterium nodulans ORS 2060,NC_011894.1,3043757,3043892,+,LTGSPPQPASPKCAHVVMTWKPGFGLSFKGVVGTSWAGDGQCSG
WP_015929579.1,Methylobacterium nodulans ORS 2060,NC_011894.1,3043872,3044175,+,XXXXXXXXXXXXXXXXXXXXXXXXXXXXXXXXXXXXXXXXXXXXXXXXXXXXXXXXXXXXXXXXXXXXXXXXXXXXXXXXXXXXXXXXXXXXXXXXXXXXX
WP_015929579.1,Methylobacterium nodulans ORS 2060,NC_011894.1,3044647,3044305,-,MVRAQLIQRIAELNPHLRPGVAEAVVRTILDRMGEALVQEERIALRGFGTFKTNARGARGHNPRTGEAVAVPARRDVRFRASTEMLHRLNDKVGGAAHPEAVSGADRRLRATC
WP_015929579.1,Methylobacterium nodulans ORS 2060,NC_011894.1,3044714,3044840,+,VRGNQYAPRCHADFPDLIGPPLPPDLPPALSELKAIRGGKG
WP_015929579.1,Methylobacterium nodulans ORS 2060,NC_011894.1,3044859,3044763,-,MQAHPVISPSHPEWPSTHSRPAADQAAKVGQ
WP_015929579.1,Methylobacterium nodulans ORS 2060,NC_011894.1,3044913,3044763,-,MAAVGRLAGCGLRRQISWMQAHPVISPSHPEWPSTHSRPAADQAAKVGQ
WP_015929579.1,Methylobacterium nodulans ORS 2060,NC_011894.1,3044916,3044763,-,VMAAVGRLAGCGLRRQISWMQAHPVISPSHPEWPSTHSRPAADQAAKVGQ
WP_015929579.1,Methylobacterium nodulans ORS 2060,NC_011894.1,3045748,3045088,-,MFKTKLIIGDKLEYWRKLILAALADGSAVSAGPMPRKEPSMRVPHRYPLALVLLASALTVFPAHADPRGGGGMGGGGTGMRGGGGAGVGGGVSVGRSESTTSGKKILTIDEYETESNRIYQKILEKNRGRGIDLSVIAGAATDIMNKRYRLAKPEKYDNDAAFERGRIQNREMRRINSRGQSSQSSATNDPYRLKKSGLTQQEHDLLYNRGAKPTGDEW
WP_015929579.1,Methylobacterium nodulans ORS 2060,NC_011894.1,3045908,3046040,+,VACRDCLVYRQLSIAPAMLSNTHSSALEPVREMSLGDRTRSDP
WP_015929579.1,Methylobacterium nodulans ORS 2060,NC_011894.1,3045913,3046021,+,LSGLSGLSTALHRTCNAIEHTFQRFRACTRNESGR
WP_015929579.1,Methylobacterium nodulans ORS 2060,NC_011894.1,3046048,3045931,-,MSLYGSERVLSPRLISRTGSKALECVFDSIAGAMESCR
WP_015929579.1,Methylobacterium nodulans ORS 2060,NC_011894.1,3046079,3046286,+,MSRTSPPSAADLPAPSARRIRRSCRGDGWDALADINVFVCAVEAELDAMDRERIGVHRRGRKPDLALR
WP_015929579.1,Methylobacterium nodulans ORS 2060,NC_011894.1,3046310,3046970,+,XXXXXXXXXXXXXXXXXXXXXXXXXXXXXXXXXXXXXXXXXXXXXXXXXXXXXXXXXXXXXXXXXXXXXXXXXXXXXXXXXXXXXXXXXXXXXXXXXXXXXXXXXXXXXXXXXXXXXXXXXXXXXXXXXXXXXXXXXXXXXXXXXXXXXXXXXXXXXXXXXXXXXXXXXXXXXXXXXXXXXXXXXXXXXXXXXXXXXXXXXXXXXXXXXXXXXXXXXXXX
WP_004273211.1,Nitrospirillum amazonense,NZ_VITT01000007.1,243666,243570,-,VIDLAHGLAAGYSAVHAPVPHHAAPAGPARL
WP_004273211.1,Nitrospirillum amazonense,NZ_VITT01000007.1,243699,243570,-,MLPANSKLHRGVIDLAHGLAAGYSAVHAPVPHHAAPAGPARL
WP_004273211.1,Nitrospirillum amazonense,NZ_VITT01000007.1,243723,243570,-,VAPGCPSPMLPANSKLHRGVIDLAHGLAAGYSAVHAPVPHHAAPAGPARL
WP_004273211.1,Nitrospirillum amazonense,NZ_VITT01000007.1,243744,243570,-,LTAEFNNVAPGCPSPMLPANSKLHRGVIDLAHGLAAGYSAVHAPVPHHAAPAGPARL
WP_004273211.1,Nitrospirillum amazonense,NZ_VITT01000007.1,243758,244217,+,MPISIAGKVQSLGLTLPQPSSPAANYVSTTRVGPLLFVAGQIDPAGTQGRLGDQVAVEDGVRAAQAAALNVIAHVAKAAGDDLAKVRQVVKLTVFVASAPDFTQQPLVANGASDLMVAVFGEAGRHARSAVGAAALPRGAAVEVEAIIELAE
WP_004273211.1,Nitrospirillum amazonense,NZ_VITT01000007.1,243771,243570,-,LRWAWQRHSLTAEFNNVAPGCPSPMLPANSKLHRGVIDLAHGLAAGYSAVHAPVPHHAAPAGPARL
WP_004273211.1,Nitrospirillum amazonense,NZ_VITT01000007.1,246213,245436,-,MQSPNSILITGASSGIGEALALAYAARGRQLWLTGRDSARLEAVADAARAKGARVTAAALDVLDRQALADWIIAADNGVPIDLAIANAGISGGTGGGDVATSGETEEQARRILAVNIEGVLNTIHPLIPRMVVRKRGQLALMSSLAAFRGMPGAPAYCASKAAVRSYGEGLRGELMGKGVQVNVICPGFVRSRMTAVNSFPMPFLMDADKAARIVVAGLTANRARIAFPWPTYAVSWLLGILPPGLTDALLAQAPRKV
WP_004273211.1,Nitrospirillum amazonense,NZ_VITT01000007.1,246357,246255,-,MLHRLEARVIARGGGDKQARPGGGPVAVSAWPH
WP_004273211.1,Nitrospirillum amazonense,NZ_VITT01000007.1,246444,246255,-,LLKGRVPKGRRKATGTQPPPRCRLDRRRDMLHRLEARVIARGGGDKQARPGGGPVAVSAWPH
WP_004273211.1,Nitrospirillum amazonense,NZ_VITT01000007.1,246463,247333,+,MTGFARAEGAFGGTSWIVEVKSVNGRALDLRTRQPSGFDAIEAVARAEVNRLIRRGNVTLNLTVNRTATTAPLRLNRELLAQVLDLAREIEGAGAAPPRIDALLSVRGVIDTGEETEQPEERAELEAAMAKTVTQAILALAGARAAEGARLHAVLTGHLDDIASLTEAAANTAALQPAALRDKLKTQVQALLDAVPALPEERLAQEAALLIAKADVQEELDRLRAHIAQARDMLAEGAAVGRRLDFLCQEFNREANTLCSKSADVELTRIGLSLKATIEQFREQVQNIE
WP_004273211.1,Nitrospirillum amazonense,NZ_VITT01000007.1,246465,246255,-,MLARGEVLLKGRVPKGRRKATGTQPPPRCRLDRRRDMLHRLEARVIARGGGDKQARPGGGPVAVSAWPH
WP_004273211.1,Nitrospirillum amazonense,NZ_VITT01000007.1,247329,248007,+,MSTPEMTADTPPPALPPYMHRRGLMLVLSSPSGAGKTTIARRLLEQDDELTMSVSATTRAKRPGEVAGVDYHFTSLTEFDLMVNQGKLLEYAKVFDNYYGTPREPVEQALAGGRDVLFDIDWQGTQQLKEKARDDLVSIFILPPSARELERRLTSRAQDSQAEIAKRMSKASNEMSHWAEYDYVIINNDVDSSVAKAHAILTAERLVRRRQVGLSEFVKGLQAGV
WP_004273211.1,Nitrospirillum amazonense,NZ_VITT01000007.1,249766,249583,-,MSSVHTLYGVAITDAIAKGDLAELKKLAAEAEAHVQQYGDVPTLLTHLKLEIAKAEARKP
WP_004273211.1,Nitrospirillum amazonense,NZ_VITT01000007.1,249975,249795,-,MSHIPLYAVAATQAIAKGDLAHLKSLHAEAEKHLQEYGDVATVLQLLKVEIAKAEAGKP
WP_004273211.1,Nitrospirillum amazonense,NZ_VITT01000007.1,250206,250446,+,MIVIVFPTVLKGSRKARGCDHPARRRGPDIMEWSKTARSLRTRGRVQRLGAASRAAGWSGHGFVVLAELFWPEPVQEST
WP_004273211.1,Nitrospirillum amazonense,NZ_VITT01000007.1,250217,250034,-,MTIIQPYGVAITQAIASGDLEEMKRAKALAEDHVQRYGDIPTLLTHLKAAIAKLEAGKTP
WP_004273211.1,Nitrospirillum amazonense,NZ_VITT01000007.1,250233,250446,+,LKGSRKARGCDHPARRRGPDIMEWSKTARSLRTRGRVQRLGAASRAAGWSGHGFVVLAELFWPEPVQEST
WP_004273211.1,Nitrospirillum amazonense,NZ_VITT01000007.1,250296,250446,+,MEWSKTARSLRTRGRVQRLGAASRAAGWSGHGFVVLAELFWPEPVQEST
WP_004273211.1,Nitrospirillum amazonense,NZ_VITT01000007.1,250441,250294,-,LTPGRARARKVRPRQRSRGLTTLPLGRRRPDVGPALWSAGTVLFLTIP
WP_004273211.1,Nitrospirillum amazonense,NZ_VITT01000007.1,250456,250294,-,LQSFKLTPGRARARKVRPRQRSRGLTTLPLGRRRPDVGPALWSAGTVLFLTIP
WP_004273211.1,Nitrospirillum amazonense,NZ_VITT01000007.1,250486,250294,-,MIPGGCINCILQSFKLTPGRARARKVRPRQRSRGLTTLPLGRRRPDVGPALWSAGTVLFLTIP
WP_004273211.1,Nitrospirillum amazonense,NZ_VITT01000007.1,252020,252458,+,MSFDQKRDGVAHCNCGALRRAARRMTNFYDAKLAPTGLRLTQFSLLAMVYEAGTLSVNEMAARLDLDRTTTGKNLRPLEREGLIQTTPCPTDRRSHEITLTDKGREALRAGTPLWREAQREFEAANGEDKAAALRQTLGGLNIPT
WP_004273211.1,Nitrospirillum amazonense,NZ_VITT01000007.1,252638,252467,-,VLLTPGIIFGRFPLGGHSKANFGFGYQFAVSPSLQREPALTPTLDHAWIFTGRISF
WP_013652855.1,Polymorphum gilvum SL003B-26A1,NC_015259.1,2225737,2225605,-,LPDPAEGRLRAAFRLLPPSKRVIPHAAKRRCGIGEPGPLGLRH
WP_013652855.1,Polymorphum gilvum SL003B-26A1,NC_015259.1,2227018,2227144,+,LAFVSPIQVTPFSGTCRGIVARGAPQFRRNLLDAWCGGRKS
WP_013652855.1,Polymorphum gilvum SL003B-26A1,NC_015259.1,2227027,2227144,+,VSPIQVTPFSGTCRGIVARGAPQFRRNLLDAWCGGRKS
WP_013652855.1,Polymorphum gilvum SL003B-26A1,NC_015259.1,2231180,2231291,+,LVVPGHARKRSSRPHCRAHCRAHRQARIGPRVGMSG
WP_013652855.1,Polymorphum gilvum SL003B-26A1,NC_015259.1,2231271,2231136,-,VGRYAPGGERGNERGSADDLIASARAQVRPNRGPVTGRSQAGHG
WP_013652855.1,Polymorphum gilvum SL003B-26A1,NC_015259.1,2231352,2231136,-,VRFEAASVCPRACSLTGSGYLSRTCRRVGRYAPGGERGNERGSADDLIASARAQVRPNRGPVTGRSQAGHG
WP_013652855.1,Polymorphum gilvum SL003B-26A1,NC_015259.1,2232101,2232212,+,LRVNMAHPRCDRPPSGVGIGTNHERTLPVLTVFYKP
WP_013652855.1,Polymorphum gilvum SL003B-26A1,NC_015259.1,2232113,2232212,+,MAHPRCDRPPSGVGIGTNHERTLPVLTVFYKP
WP_013652855.1,Polymorphum gilvum SL003B-26A1,NC_015259.1,2232115,2231401,-,MLTRKQYELLMFIHERLKETGVPPSFDEMKDALDLRSKSGIHRLITALEERGFIRRLPNRARAMEVVRLPESIAPGLGSPRSRGFSPSIIEGSLGRAPAQAGRTEAGDPAGMATIPVMGRIAAGVPIEAIQTHSHSISVPPELLGRGEHYALEVRGDSMIEAGILDGDTVLIRKTDSAESGDIVVALVDDEEATLKRLRKKGPSIALEAANPAYETRIFGPGRVRIQGRLVALFRQY
WP_013652855.1,Polymorphum gilvum SL003B-26A1,NC_015259.1,2235331,2234758,-,MTKVQFSDLLRDLAADPGFRKTFADSPAKALRARGFDPDLLALPERIDLAALERRLAAMQAGREIPRVKPGEKIDDLKPQDAWDRFLMIGLKEGLAASTTVNATANLTAVVIYGSSAATSTSTTSTTTTTAAAGRVAGPLSPGELNRLTLLREIARADPAGLTFTVRGPDGTVVDGLDVNATRALLGRLK
WP_013652855.1,Polymorphum gilvum SL003B-26A1,NC_015259.1,2235916,2236030,+,MVSSPLVRFSWLDFPAPFSGPASVPSRSSASVRGGCG
WP_013652855.1,Polymorphum gilvum SL003B-26A1,NC_015259.1,2235918,2235354,-,MSGLRFEEFVQRFWSDERFRRAFAKDPRRKLKEYGFDPDLFDIPEQFDMADLEAHLERRRAAAEHPPAGLDRMTAAEAWRAATMLPLARDVAELAQSMNMAVVTTQSSSVTTALVYGTTATTQTQVALTSTGTGAGLKAETLARLQALRALARRPAADLTVSVRLADGRTVDGLSVDAARALIERRR
WP_013652855.1,Polymorphum gilvum SL003B-26A1,NC_015259.1,2235945,2236059,+,LARFPCPFFWPGFGSVPVLCLGAGRLRVTGGPRSAID
WP_013652855.1,Polymorphum gilvum SL003B-26A1,NC_015259.1,2236100,2236700,+,MSAASAWLSTAVAVLAILAGAFLPSAGVGPGGEGDGEIAASLGVLAATGIAIVVALRLWALRLGRAAVAPVALRFDAMLVAIGLVFAASQYALAVGGGVWSAPAGRWTVIALALLVFCLGWVSAGIGRNRFVGFRTPRTLADDAAWRAANQRFGRALMLLSPASLLGLFAGGGWGPAIALLPAFVVAVAFLVSDRRAPR
WP_013652855.1,Polymorphum gilvum SL003B-26A1,NC_015259.1,2239500,2239389,-,VVEALKANLGALEPAVVFARLGAGASVERIETEDAA
WP_013652855.1,Polymorphum gilvum SL003B-26A1,NC_015259.1,2239587,2239389,-,VRRRRPDIAFRPRYATVCEICEDIVSRREVVEALKANLGALEPAVVFARLGAGASVERIETEDAA
WP_010383055.1,Pseudoalteromonas rubra DSM 6842,NZ_AHCD02000129.1,133014,133158,+,MPKAAYLVMAIFPLLSLFPIPPPVFKNVAKAKQEQRKKKEVPGDPLE
WP_010383055.1,Pseudoalteromonas rubra DSM 6842,NZ_AHCD02000129.1,133035,133158,+,VMAIFPLLSLFPIPPPVFKNVAKAKQEQRKKKEVPGDPLE
WP_010383055.1,Pseudoalteromonas rubra DSM 6842,NZ_AHCD02000129.1,133038,133158,+,MAIFPLLSLFPIPPPVFKNVAKAKQEQRKKKEVPGDPLE
WP_010383055.1,Pseudoalteromonas rubra DSM 6842,NZ_AHCD02000129.1,133053,133158,+,LLSLFPIPPPVFKNVAKAKQEQRKKKEVPGDPLE
WP_010383055.1,Pseudoalteromonas rubra DSM 6842,NZ_AHCD02000129.1,133062,133158,+,LFPIPPPVFKNVAKAKQEQRKKKEVPGDPLE
WP_010383055.1,Pseudoalteromonas rubra DSM 6842,NZ_AHCD02000129.1,134483,134582,+,MMKLVCRKKALNERQFRKGNTTKHHPRKKNRK
WP_010383055.1,Pseudoalteromonas rubra DSM 6842,NZ_AHCD02000129.1,134486,134582,+,MKLVCRKKALNERQFRKGNTTKHHPRKKNRK
WP_010383055.1,Pseudoalteromonas rubra DSM 6842,NZ_AHCD02000129.1,134518,134371,-,LSAFFLQTSFIIFYKTTQNPHSVNMAVRAGFTIPINGIYKAIIPYLSH
WP_010383055.1,Pseudoalteromonas rubra DSM 6842,NZ_AHCD02000129.1,134548,134371,-,VVLPFLNWRSLSAFFLQTSFIIFYKTTQNPHSVNMAVRAGFTIPINGIYKAIIPYLSH
WP_010383055.1,Pseudoalteromonas rubra DSM 6842,NZ_AHCD02000129.1,134753,134594,-,LRLFLNGKFGPIIVEEDNVLIDLLSIFFLFFFAFIPLKRLNKSAALRSDKIK
WP_010383055.1,Pseudoalteromonas rubra DSM 6842,NZ_AHCD02000129.1,134765,134594,-,MLVHLRLFLNGKFGPIIVEEDNVLIDLLSIFFLFFFAFIPLKRLNKSAALRSDKIK
WP_010383055.1,Pseudoalteromonas rubra DSM 6842,NZ_AHCD02000129.1,134774,134594,-,VLNMLVHLRLFLNGKFGPIIVEEDNVLIDLLSIFFLFFFAFIPLKRLNKSAALRSDKIK
WP_010383055.1,Pseudoalteromonas rubra DSM 6842,NZ_AHCD02000129.1,134879,134594,-,VISSFLLCYLSCKLGEFIGRRTDRGIAVYLFIIYLVLNMLVHLRLFLNGKFGPIIVEEDNVLIDLLSIFFLFFFAFIPLKRLNKSAALRSDKIK
WP_010383055.1,Pseudoalteromonas rubra DSM 6842,NZ_AHCD02000129.1,134894,134594,-,VITIYVISSFLLCYLSCKLGEFIGRRTDRGIAVYLFIIYLVLNMLVHLRLFLNGKFGPIIVEEDNVLIDLLSIFFLFFFAFIPLKRLNKSAALRSDKIK
WP_010383055.1,Pseudoalteromonas rubra DSM 6842,NZ_AHCD02000129.1,147764,148667,+,MIERTDIQWLLSFAAVYEKLSFKQAAQHRQLPTSNISRHVALLEQHLNTRLLERTTRKMRPTAAGKQLYQTLKPLIQTMDDALTEVSQHNDALSGHLNLVTPDLPVLATLIADFCHQHPDIQLSCDTQLNPTEGMLEGLDLVVRFGRGTLEDSGWIAQALLHLPSCVVGAPELLHRHAHVHSLDTLSKVPCITSLTVLQGTPWRFKHNKTLYVQSSYKVNSGHMAKAAAIRGLGFAILPRHMCEAELEAGTLSELTLDHAPEDLVLYAFYSGRKYPQKKVTALLSHLKTGLSELMDTPAK
WP_010383055.1,Pseudoalteromonas rubra DSM 6842,NZ_AHCD02000129.1,148810,148927,+,LLASRVIILHAGASVITECPASLPAYQTLSSSIHSIIY
WP_010383055.1,Pseudoalteromonas rubra DSM 6842,NZ_AHCD02000129.1,148823,148715,-,VKRARNGQKQQYRKVKVASLFIACVYRIQALSTTD
WP_010383055.1,Pseudoalteromonas rubra DSM 6842,NZ_AHCD02000129.1,148833,148719,-,MITREASKKWPKTAVSQSKGGEFIYCVRVQDTGFVDD
WP_010383055.1,Pseudoalteromonas rubra DSM 6842,NZ_AHCD02000129.1,148860,148719,-,VITDAPAWSMITREASKKWPKTAVSQSKGGEFIYCVRVQDTGFVDD
WP_010383055.1,Pseudoalteromonas rubra DSM 6842,NZ_AHCD02000129.1,148971,149067,+,LTAGHRPRRIELVPAFPTRCPVALYCNRQVI
WP_010383055.1,Pseudoalteromonas rubra DSM 6842,NZ_AHCD02000129.1,149063,148958,-,MTCRLQYSATGHRVGKAGTSSILRGRCPAVKMTK
WP_010383055.1,Pseudoalteromonas rubra DSM 6842,NZ_AHCD02000129.1,149078,148958,-,MNLGQMTCRLQYSATGHRVGKAGTSSILRGRCPAVKMTK
WP_010383055.1,Pseudoalteromonas rubra DSM 6842,NZ_AHCD02000129.1,149102,149282,+,MKTTKQNKKAVIEAEQLLAKIEGGSKLSNTYQSKGAEQDAMGADSTGPGVQIYGSSLAD
WP_010383055.1,Pseudoalteromonas rubra DSM 6842,NZ_AHCD02000129.1,150752,151004,+,LPRPKQGVNATHQQISRLLLLSVTLILKVSWILRVCLGKHCIAHQNVSIKKHGFPSHHARRKVILTIFSRGVSRFTLSLPGLI
WP_010383055.1,Pseudoalteromonas rubra DSM 6842,NZ_AHCD02000129.1,150803,151004,+,LLLLSVTLILKVSWILRVCLGKHCIAHQNVSIKKHGFPSHHARRKVILTIFSRGVSRFTLSLPGLI
WP_010383055.1,Pseudoalteromonas rubra DSM 6842,NZ_AHCD02000129.1,150823,150715,-,VTLSKSKRLICWWVAFTPCFGLGKQGVLETIENLT
WP_010383055.1,Pseudoalteromonas rubra DSM 6842,NZ_AHCD02000129.1,150824,151004,+,LILKVSWILRVCLGKHCIAHQNVSIKKHGFPSHHARRKVILTIFSRGVSRFTLSLPGLI
WP_010383055.1,Pseudoalteromonas rubra DSM 6842,NZ_AHCD02000129.1,150848,151004,+,LRVCLGKHCIAHQNVSIKKHGFPSHHARRKVILTIFSRGVSRFTLSLPGLI
WP_010383055.1,Pseudoalteromonas rubra DSM 6842,NZ_AHCD02000129.1,150852,150948,+,VSAWVSTVLLIKMSVSKSTDFPVITRVAKLS
WP_010383055.1,Pseudoalteromonas rubra DSM 6842,NZ_AHCD02000129.1,150860,151004,+,LGKHCIAHQNVSIKKHGFPSHHARRKVILTIFSRGVSRFTLSLPGLI
WP_010383055.1,Pseudoalteromonas rubra DSM 6842,NZ_AHCD02000129.1,150908,150809,-,VLFDTDILMSNTVLTQADTQDPRYLQDQSDAQ
WP_010383055.1,Pseudoalteromonas rubra DSM 6842,NZ_AHCD02000129.1,150923,150809,-,MTGKSVLFDTDILMSNTVLTQADTQDPRYLQDQSDAQ
WP_010383055.1,Pseudoalteromonas rubra DSM 6842,NZ_AHCD02000129.1,150926,150809,-,VMTGKSVLFDTDILMSNTVLTQADTQDPRYLQDQSDAQ
WP_010383055.1,Pseudoalteromonas rubra DSM 6842,NZ_AHCD02000129.1,152374,153082,+,MAHILIVEDDMDIAQGIAEFLEPKGHELDFAYTGKQALVLLEQNRYQLILLDINLPFVNGYDVCRQLSDNTLGQHLTKIPVIMMSSRSHEQDILQGFASGAWDYLKKPFSFAELTARIDVGLMKSMPPTTLSDVITFEDVTLDPATLLLTYQNKSLQLHNIGYEILKLLLDHAPNVVKTQTIHAHLWPDETPDSDPLRAHIYKLRKQLKAHFDQDFIETIKGVGYKFTLASNHVI
WP_010383055.1,Pseudoalteromonas rubra DSM 6842,NZ_AHCD02000129.1,157022,156923,-,LPQGISASCKQEIVNVCEGRHCRFLKYLSLEE
WP_010607032.1,Pseudoalteromonas sp. JC28,NZ_QOKX01000006.1,70288,69943,-,MLSLTVDAGLKSNIIKPSSLREVVLDSTIMEKNITHPTDNKLLEKCRDKLVGFAKQAGIRLRQSHERVGPKTAQKVARYAHAKQFKRMKKLKSHTLRSMVKCFEVVGKTMCTMR
WP_010607032.1,Pseudoalteromonas sp. JC28,NZ_QOKX01000006.1,70586,70292,-,MSVKIKPKPTAQTPQKHLFQIELIDIVSPRHELVKLAKLIDWQRLEVEFKQHYGDKGAGAKPIRLLAGLEYLKQIHKLSDENTVAMWCDHPYWRKWG
WP_010607032.1,Pseudoalteromonas sp. JC28,NZ_QOKX01000006.1,71008,70681,-,MKRSFYNSALVFFIFYVPIFLFWGDFYVFLLASLFYVALTFRRLFYFEKNEAFCCFCPFLPAVKINSIELVDGKLFINGSSRVLYMLESKKNIEKMAKEIAIFLNSRP
WP_010607032.1,Pseudoalteromonas sp. JC28,NZ_QOKX01000006.1,71294,71054,-,MRELKKNEVILVDGAVSVSGLWEAGIKGAIGGAGFGATVGFTLGTASTGIGGAPAGAVLGLMGGGIGFISGTVSYALMQ
WP_010607032.1,Pseudoalteromonas sp. JC28,NZ_QOKX01000006.1,71522,71306,-,MKELNLNQVQEVNGAAWTSDHLIAGGLDGGLTGAGAAAIYVGLASNPIGWVTAGIIGVGAAGGALYYALAK
WP_010607032.1,Pseudoalteromonas sp. JC28,NZ_QOKX01000006.1,71524,71623,+,LFLTSKLVINLSSLPPKKMTCSRGSSARLRKL
WP_010607032.1,Pseudoalteromonas sp. JC28,NZ_QOKX01000006.1,71734,71830,+,MLFSNLCRFIRINKKEEWRISKEFYLDTGQD
WP_010607032.1,Pseudoalteromonas sp. JC28,NZ_QOKX01000006.1,71928,71826,-,MLEKRSNNVSTCINSLPTSRKSSKSKPYMKTGS
WP_010607032.1,Pseudoalteromonas sp. JC28,NZ_QOKX01000006.1,72031,72181,+,MYQWWRISSCCIICASSGTGIDKRVYQFLLFAHQLQLSQQALAISVWFL
WP_010607032.1,Pseudoalteromonas sp. JC28,NZ_QOKX01000006.1,72307,72421,+,VGLPVSSLLFNRFIRGRIPSSEFECLISQALTCFIIT
WP_010607032.1,Pseudoalteromonas sp. JC28,NZ_QOKX01000006.1,72378,72501,+,VLNLSSVNLLHYYLMKTELKIPLIFIKLLFFEKLFLSFCF
WP_010607032.1,Pseudoalteromonas sp. JC28,NZ_QOKX01000006.1,74092,74311,+,MRNKNYDMQELNNAAELLELVEGGTLHDNGLTPVPWDFPRVIPDPIDPVKPPFQMSYGIWIPPYDLAKYSLK
WP_010607032.1,Pseudoalteromonas sp. JC28,NZ_QOKX01000006.1,74395,74287,-,MKICDPSKQLGYEVTKRQKKSLPPLKHCLFQRVLS
WP_010607032.1,Pseudoalteromonas sp. JC28,NZ_QOKX01000006.1,74401,74287,-,LLMKICDPSKQLGYEVTKRQKKSLPPLKHCLFQRVLS
WP_010607032.1,Pseudoalteromonas sp. JC28,NZ_QOKX01000006.1,74407,74287,-,MLLLMKICDPSKQLGYEVTKRQKKSLPPLKHCLFQRVLS
WP_010607032.1,Pseudoalteromonas sp. JC28,NZ_QOKX01000006.1,74627,74519,-,LCKFTKFHLLFLFYYLFQSIEGFILFPIPPYEVFS
WP_010607032.1,Pseudoalteromonas sp. JC28,NZ_QOKX01000006.1,77882,77711,-,MTQYKLNQKSILGLLRSSDLNADAALCGEYTPSDIQADMPKKTANANNRRDTLIEK
WP_010607032.1,Pseudoalteromonas sp. JC28,NZ_QOKX01000006.1,77886,78204,+,MVSAGFYLLVTIQNKLVLDVKNCTIVISYLFLRDKTIDFESLDSLLVFQDEHEPSLFGLHCQDKDQRRDKYLSKGICWRLAESQLAAFLQVIKKHRLDLGVSPWD
WP_010607032.1,Pseudoalteromonas sp. JC28,NZ_QOKX01000006.1,77907,78204,+,LLVTIQNKLVLDVKNCTIVISYLFLRDKTIDFESLDSLLVFQDEHEPSLFGLHCQDKDQRRDKYLSKGICWRLAESQLAAFLQVIKKHRLDLGVSPWD
WP_010607032.1,Pseudoalteromonas sp. JC28,NZ_QOKX01000006.1,77910,78204,+,LVTIQNKLVLDVKNCTIVISYLFLRDKTIDFESLDSLLVFQDEHEPSLFGLHCQDKDQRRDKYLSKGICWRLAESQLAAFLQVIKKHRLDLGVSPWD
WP_010607032.1,Pseudoalteromonas sp. JC28,NZ_QOKX01000006.1,77931,78204,+,LVLDVKNCTIVISYLFLRDKTIDFESLDSLLVFQDEHEPSLFGLHCQDKDQRRDKYLSKGICWRLAESQLAAFLQVIKKHRLDLGVSPWD
WP_010607032.1,Pseudoalteromonas sp. JC28,NZ_QOKX01000006.1,77961,78204,+,VISYLFLRDKTIDFESLDSLLVFQDEHEPSLFGLHCQDKDQRRDKYLSKGICWRLAESQLAAFLQVIKKHRLDLGVSPWD
WP_010607032.1,Pseudoalteromonas sp. JC28,NZ_QOKX01000006.1,77979,78204,+,LRDKTIDFESLDSLLVFQDEHEPSLFGLHCQDKDQRRDKYLSKGICWRLAESQLAAFLQVIKKHRLDLGVSPWD
WP_010607032.1,Pseudoalteromonas sp. JC28,NZ_QOKX01000006.1,78001,78103,+,LKALIAYWCFKMNMSHLYLAYIARTKTNAGINI
WP_010607032.1,Pseudoalteromonas sp. JC28,NZ_QOKX01000006.1,78021,78204,+,LVFQDEHEPSLFGLHCQDKDQRRDKYLSKGICWRLAESQLAAFLQVIKKHRLDLGVSPWD
WP_010607032.1,Pseudoalteromonas sp. JC28,NZ_QOKX01000006.1,78024,78204,+,VFQDEHEPSLFGLHCQDKDQRRDKYLSKGICWRLAESQLAAFLQVIKKHRLDLGVSPWD
WP_010607032.1,Pseudoalteromonas sp. JC28,NZ_QOKX01000006.1,78049,77944,-,MAHVHLETPISYQGFQNRSFCLAKTDKKSQSCNS
WP_010607032.1,Pseudoalteromonas sp. JC28,NZ_QOKX01000006.1,78148,77944,-,MLPIAILLVSNIYPYLDIYPCVGLCPGNVSQIKMAHVHLETPISYQGFQNRSFCLAKTDKKSQSCNS
WP_010607032.1,Pseudoalteromonas sp. JC28,NZ_QOKX01000006.1,78248,78152,-,MNNLVRVMLTMFGTLQSQGETPRSNRCFLIT
WP_010607032.1,Pseudoalteromonas sp. JC28,NZ_QOKX01000006.1,78260,78152,-,LEKFMNNLVRVMLTMFGTLQSQGETPRSNRCFLIT
WP_010607032.1,Pseudoalteromonas sp. JC28,NZ_QOKX01000006.1,78555,78663,+,LSHTELKRCVIYLSHFATLSRSGRWLYSTLLLHFV
WP_010607032.1,Pseudoalteromonas sp. JC28,NZ_QOKX01000006.1,78578,78746,+,MCYLPFTLCNFKSVWQVAVLNSTSPLCLKIDYQKKRDSINLSATKGQWFCVGWKI
WP_010607032.1,Pseudoalteromonas sp. JC28,NZ_QOKX01000006.1,78626,78746,+,VAVLNSTSPLCLKIDYQKKRDSINLSATKGQWFCVGWKI
WP_010607032.1,Pseudoalteromonas sp. JC28,NZ_QOKX01000006.1,78823,79006,+,MKDLHQNMQDVTEAKELLVKVEGGLSPIKFPGDDKLPPCDWWVCPQPLYGVIIDPPFEKF
WP_010607032.1,Pseudoalteromonas sp. JC28,NZ_QOKX01000006.1,80683,80578,-,LHTFDKLRLCNIRWYSRSQLRYRSIFLCCSIKRK
WP_100215558.1,Pseudoalteromonas sp. JC28,NZ_QOKX01000006.1,74092,74311,+,MRNKNYDMQELNNAAELLELVEGGTLHDNGLTPVPWDFPRVIPDPIDPVKPPFQMSYGIWIPPYDLAKYSLK
WP_100215558.1,Pseudoalteromonas sp. JC28,NZ_QOKX01000006.1,74395,74287,-,MKICDPSKQLGYEVTKRQKKSLPPLKHCLFQRVLS
WP_100215558.1,Pseudoalteromonas sp. JC28,NZ_QOKX01000006.1,74401,74287,-,LLMKICDPSKQLGYEVTKRQKKSLPPLKHCLFQRVLS
WP_100215558.1,Pseudoalteromonas sp. JC28,NZ_QOKX01000006.1,74407,74287,-,MLLLMKICDPSKQLGYEVTKRQKKSLPPLKHCLFQRVLS
WP_100215558.1,Pseudoalteromonas sp. JC28,NZ_QOKX01000006.1,74627,74519,-,LCKFTKFHLLFLFYYLFQSIEGFILFPIPPYEVFS
WP_100215558.1,Pseudoalteromonas sp. JC28,NZ_QOKX01000006.1,77882,77711,-,MTQYKLNQKSILGLLRSSDLNADAALCGEYTPSDIQADMPKKTANANNRRDTLIEK
WP_100215558.1,Pseudoalteromonas sp. JC28,NZ_QOKX01000006.1,77886,78204,+,MVSAGFYLLVTIQNKLVLDVKNCTIVISYLFLRDKTIDFESLDSLLVFQDEHEPSLFGLHCQDKDQRRDKYLSKGICWRLAESQLAAFLQVIKKHRLDLGVSPWD
WP_100215558.1,Pseudoalteromonas sp. JC28,NZ_QOKX01000006.1,77907,78204,+,LLVTIQNKLVLDVKNCTIVISYLFLRDKTIDFESLDSLLVFQDEHEPSLFGLHCQDKDQRRDKYLSKGICWRLAESQLAAFLQVIKKHRLDLGVSPWD
WP_100215558.1,Pseudoalteromonas sp. JC28,NZ_QOKX01000006.1,77910,78204,+,LVTIQNKLVLDVKNCTIVISYLFLRDKTIDFESLDSLLVFQDEHEPSLFGLHCQDKDQRRDKYLSKGICWRLAESQLAAFLQVIKKHRLDLGVSPWD
WP_100215558.1,Pseudoalteromonas sp. JC28,NZ_QOKX01000006.1,77931,78204,+,LVLDVKNCTIVISYLFLRDKTIDFESLDSLLVFQDEHEPSLFGLHCQDKDQRRDKYLSKGICWRLAESQLAAFLQVIKKHRLDLGVSPWD
WP_100215558.1,Pseudoalteromonas sp. JC28,NZ_QOKX01000006.1,77961,78204,+,VISYLFLRDKTIDFESLDSLLVFQDEHEPSLFGLHCQDKDQRRDKYLSKGICWRLAESQLAAFLQVIKKHRLDLGVSPWD
WP_100215558.1,Pseudoalteromonas sp. JC28,NZ_QOKX01000006.1,77979,78204,+,LRDKTIDFESLDSLLVFQDEHEPSLFGLHCQDKDQRRDKYLSKGICWRLAESQLAAFLQVIKKHRLDLGVSPWD
WP_100215558.1,Pseudoalteromonas sp. JC28,NZ_QOKX01000006.1,78001,78103,+,LKALIAYWCFKMNMSHLYLAYIARTKTNAGINI
WP_100215558.1,Pseudoalteromonas sp. JC28,NZ_QOKX01000006.1,78021,78204,+,LVFQDEHEPSLFGLHCQDKDQRRDKYLSKGICWRLAESQLAAFLQVIKKHRLDLGVSPWD
WP_100215558.1,Pseudoalteromonas sp. JC28,NZ_QOKX01000006.1,78024,78204,+,VFQDEHEPSLFGLHCQDKDQRRDKYLSKGICWRLAESQLAAFLQVIKKHRLDLGVSPWD
WP_100215558.1,Pseudoalteromonas sp. JC28,NZ_QOKX01000006.1,78049,77944,-,MAHVHLETPISYQGFQNRSFCLAKTDKKSQSCNS
WP_100215558.1,Pseudoalteromonas sp. JC28,NZ_QOKX01000006.1,78148,77944,-,MLPIAILLVSNIYPYLDIYPCVGLCPGNVSQIKMAHVHLETPISYQGFQNRSFCLAKTDKKSQSCNS
WP_100215558.1,Pseudoalteromonas sp. JC28,NZ_QOKX01000006.1,78248,78152,-,MNNLVRVMLTMFGTLQSQGETPRSNRCFLIT
WP_100215558.1,Pseudoalteromonas sp. JC28,NZ_QOKX01000006.1,78260,78152,-,LEKFMNNLVRVMLTMFGTLQSQGETPRSNRCFLIT
WP_100215558.1,Pseudoalteromonas sp. JC28,NZ_QOKX01000006.1,78555,78663,+,LSHTELKRCVIYLSHFATLSRSGRWLYSTLLLHFV
WP_100215558.1,Pseudoalteromonas sp. JC28,NZ_QOKX01000006.1,78578,78746,+,MCYLPFTLCNFKSVWQVAVLNSTSPLCLKIDYQKKRDSINLSATKGQWFCVGWKI
WP_100215558.1,Pseudoalteromonas sp. JC28,NZ_QOKX01000006.1,78626,78746,+,VAVLNSTSPLCLKIDYQKKRDSINLSATKGQWFCVGWKI
WP_100215558.1,Pseudoalteromonas sp. JC28,NZ_QOKX01000006.1,78823,79006,+,MKDLHQNMQDVTEAKELLVKVEGGLSPIKFPGDDKLPPCDWWVCPQPLYGVIIDPPFEKF
WP_100215558.1,Pseudoalteromonas sp. JC28,NZ_QOKX01000006.1,84441,84585,+,MHPFSLNKAQQKKVNGGLPIKDLKKETQPAGCVEGGGIIPPDFFKDM
WP_100215558.1,Pseudoalteromonas sp. JC28,NZ_QOKX01000006.1,84601,84793,+,MYALALFLYFLSKQSLKLLFFGFLNETVVSVTKNGKVYINQWIIVMAQQNKNPSHSTSGNSGD
WP_100215558.1,Pseudoalteromonas sp. JC28,NZ_QOKX01000006.1,84893,84767,-,LYKLYNTPDHRHSHHHEHLLGICRQMIAGLGHGLNHQNFHL
WP_100215558.1,Pseudoalteromonas sp. JC28,NZ_QOKX01000006.1,84950,84767,-,LLSLAITYRLLAQLHHHQSLYKLYNTPDHRHSHHHEHLLGICRQMIAGLGHGLNHQNFHL
WP_100215558.1,Pseudoalteromonas sp. JC28,NZ_QOKX01000006.1,84953,84767,-,LLLSLAITYRLLAQLHHHQSLYKLYNTPDHRHSHHHEHLLGICRQMIAGLGHGLNHQNFHL
WP_100215558.1,Pseudoalteromonas sp. JC28,NZ_QOKX01000006.1,84998,85166,+,LNSSYLLKILFSVVSFNVFYLLFTLFFERDFDFYVSIFGSFGILFSIFVFSSEDE
WP_100215558.1,Pseudoalteromonas sp. JC28,NZ_QOKX01000006.1,85013,85166,+,LLKILFSVVSFNVFYLLFTLFFERDFDFYVSIFGSFGILFSIFVFSSEDE
WP_100215558.1,Pseudoalteromonas sp. JC28,NZ_QOKX01000006.1,85034,85166,+,VVSFNVFYLLFTLFFERDFDFYVSIFGSFGILFSIFVFSSEDE
WP_100215558.1,Pseudoalteromonas sp. JC28,NZ_QOKX01000006.1,85047,85206,+,MFSTYFLLFSLKETLTFMSQFLAVLVFYSRYLFFHPKMSELIVFNEPEIYKN
WP_100215558.1,Pseudoalteromonas sp. JC28,NZ_QOKX01000006.1,85077,85206,+,LKETLTFMSQFLAVLVFYSRYLFFHPKMSELIVFNEPEIYKN
WP_100215558.1,Pseudoalteromonas sp. JC28,NZ_QOKX01000006.1,85089,85206,+,LTFMSQFLAVLVFYSRYLFFHPKMSELIVFNEPEIYKN
WP_100215558.1,Pseudoalteromonas sp. JC28,NZ_QOKX01000006.1,85098,85206,+,MSQFLAVLVFYSRYLFFHPKMSELIVFNEPEIYKN
WP_100215558.1,Pseudoalteromonas sp. JC28,NZ_QOKX01000006.1,85110,85206,+,LAVLVFYSRYLFFHPKMSELIVFNEPEIYKN
WP_100215558.1,Pseudoalteromonas sp. JC28,NZ_QOKX01000006.1,85208,85304,+,LPLSCEVYLIRQCISSMLLVTLPTKPLYSYF
WP_100215558.1,Pseudoalteromonas sp. JC28,NZ_QOKX01000006.1,85437,85275,-,MGSEQLINLHQPHIDESQTLCANYSDPMICMTTKLTETLKIMKELKNSYTTVS
WP_100215558.1,Pseudoalteromonas sp. JC28,NZ_QOKX01000006.1,85473,85578,+,VRINTLIINSFFFSRILSYVSEQSPLQYCKICTE
WP_100215558.1,Pseudoalteromonas sp. JC28,NZ_QOKX01000006.1,85493,85394,-,MRVFIRTQLFIRYRERSFQWAANSSSTYTSHI
WP_100215558.1,Pseudoalteromonas sp. JC28,NZ_QOKX01000006.1,85499,85394,-,LIMRVFIRTQLFIRYRERSFQWAANSSSTYTSHI
WP_100215558.1,Pseudoalteromonas sp. JC28,NZ_QOKX01000006.1,85542,85275,-,LFRNVREYPAEKETIDNESVYPHTAFYPVSRAFLSMGSEQLINLHQPHIDESQTLCANYSDPMICMTTKLTETLKIMKELKNSYTTVS
WP_123583584.1,Pseudomonas brassicacearum,NZ_MOBI01000020.1,199257,199143,-,LAPPKRSQPGDSLGCNGWVECCVREIYSVVFHEIIKT
WP_123583584.1,Pseudomonas brassicacearum,NZ_MOBI01000020.1,199260,199143,-,VLAPPKRSQPGDSLGCNGWVECCVREIYSVVFHEIIKT
WP_123583584.1,Pseudomonas brassicacearum,NZ_MOBI01000020.1,199299,199143,-,LNSWREHKAPVSQVLAPPKRSQPGDSLGCNGWVECCVREIYSVVFHEIIKT
WP_123583584.1,Pseudomonas brassicacearum,NZ_MOBI01000020.1,199801,199276,-,MTDSKLGRHTPGAQDIVAALDLEPHVEGGFYRRTFQSDHQLMVETTGGRRYAMTSIYYLLTGTSPVGHFHLNKSDIVHYYHVGDAIQYFLIYPDGALKTVVMGNDVTAGQRLQLHVPGGVWKASQLMDGPAAYGLISEAVSPGFDLADMQLGSRCKLSELFPEHSILFEQLARA
WP_123583584.1,Pseudomonas brassicacearum,NZ_MOBI01000020.1,199840,199960,+,MAWNATQAIPGASMQGFNGQSLSLLYCKGRACQAGLQFH
WP_123583584.1,Pseudomonas brassicacearum,NZ_MOBI01000020.1,200017,199906,-,MTTLRGAGFSVGVGSGGGASVKLQPRLAGSTLTVKQ
WP_123583584.1,Pseudomonas brassicacearum,NZ_MOBI01000020.1,200027,199889,-,VQGHDNSPGGGIFRWRRQRRGGVSETAAPLGRLDPYSKAVKAIAH
WP_123583584.1,Pseudomonas brassicacearum,NZ_MOBI01000020.1,200029,199906,-,LCRDMTTLRGAGFSVGVGSGGGASVKLQPRLAGSTLTVKQ
WP_123583584.1,Pseudomonas brassicacearum,NZ_MOBI01000020.1,201574,201697,+,MFLLELSYLMTRKINNCAHSLLMAIKTRPAYEERTQRTLS
WP_123583584.1,Pseudomonas brassicacearum,NZ_MOBI01000020.1,201583,201697,+,LELSYLMTRKINNCAHSLLMAIKTRPAYEERTQRTLS
WP_123583584.1,Pseudomonas brassicacearum,NZ_MOBI01000020.1,201601,201697,+,MTRKINNCAHSLLMAIKTRPAYEERTQRTLS
WP_123583584.1,Pseudomonas brassicacearum,NZ_MOBI01000020.1,201867,202056,+,MSKSTGHSMPPYGVAIQSAIKAGNLPQMKTLLKQRDASKPEPKELSSAYEQLAKEVARLEQH
WP_123583584.1,Pseudomonas brassicacearum,NZ_MOBI01000020.1,201875,201773,-,LLITIPSVVVRILLSSAVFAVKQALINMQWAMG
WP_123583584.1,Pseudomonas brassicacearum,NZ_MOBI01000020.1,202096,202729,+,MSGSSQQSVGLFPLCYQIGTQQPGAQNLALNLLVFTPEQTVSGTAAITQATNPPLDVHSDVWGEYTYMTVMKPGVSKILITVQGNQGGPSSNSIVNFKLHLVVGDDWKAGVANYEYFNGQRRVKVTAPAHLVESVPSRAYPLPLEPGPVILPYPPIMPLYAAPIQGAIASGDLAQMKNLASLAKQQLDQQPQLQSALEAAKGEISRLERR
WP_123583584.1,Pseudomonas brassicacearum,NZ_MOBI01000020.1,202782,203367,+,MSIGLFHTRLNVSSSLLGAPVLTLELLVDTVNKKVSGIASIFQSTYPPVNFRAQVWGEYSEAKLTADAENHIILTLDGSPSGPNSQIAQTFDLRGILGADWASGFADYKYYDQDHWTPVRHAAVSQAPAHNQRVEQPSHAHPLYAVAVQQAQASGDLAQLKAVVSQGEQQLASSGALRSALEQLQAEIARLEAR
WP_123583584.1,Pseudomonas brassicacearum,NZ_MOBI01000020.1,203510,203363,-,LRTDTYAARIHRSVRAFLSINGASGFTSGVERSRARSLVVCPSPGIAG
WP_123583584.1,Pseudomonas brassicacearum,NZ_MOBI01000020.1,204984,205122,+,VTSIPGGAMPPAIFCPPVITLARSKQNHLKKRHLSAIISTLLLDS
WP_123583584.1,Pseudomonas brassicacearum,NZ_MOBI01000020.1,205008,205122,+,MPPAIFCPPVITLARSKQNHLKKRHLSAIISTLLLDS
WP_123583584.1,Pseudomonas brassicacearum,NZ_MOBI01000020.1,205201,205624,+,MKINPYLIFNGDCKAAFTFYAQCLQGTLEMMMTFGESPARDQMPASCHDRIIHTRLVVGDQVLMGSDTTPERPYHGISGCSVSLNVTSIAEAERIFTALADQGTIQMPLEATFWAARFGMLVDRFGVPWMVNCEADQQAH
WP_123583584.1,Pseudomonas brassicacearum,NZ_MOBI01000020.1,205212,205107,-,LIFIVSSRNAEGEGTICSGMPAWVKPWERRSAIE
WP_123583584.1,Pseudomonas brassicacearum,NZ_MOBI01000020.1,206757,206865,+,VAKNAITVEQFWHRPAALLILDSYPTKKTSFRKPT
WP_123583584.1,Pseudomonas brassicacearum,NZ_MOBI01000020.1,206861,206744,-,VGFLKEVFFVGYESRISNAAGLCQNCSTVMAFFATFRC
WP_123583584.1,Pseudomonas brassicacearum,NZ_MOBI01000020.1,208062,208914,+,MNLQNIGVIGAGTMGNGIAQICALAGFNVTLLDISDSALQKALATVGKNLDRQVAKASLTEEQKLAALDKISTSTDYATLRNVQLVIEAATENLELKLRVLQQIAAQVSADCVIASNTSSLSITELAASVSSPARFIGLHFFNPVPVMGLIEVIRGLQTSDATHTLALELAQRLGKTAITAGNRPGFVVNRILVPMINEAILVFQEGLASAEDIDAGMRLGCNQPIGPLALADLIGLDTLLAIMQAFYDGFNDSKYRPAPLLKEMVAAGYLGRKTGRGFHTYG
WP_123583584.1,Pseudomonas brassicacearum,NZ_MOBI01000020.1,208900,209554,+,MPMAERCSRFAESRDKALELFASKGFGQVGMRELAAFLGLAPGSLYHHYPSKQHLLLDLIEEFYEELLATLGRIERQPRDLRGSLHNVIHAHLSLHREMPWHFRLVERDSGCLNEDQQARVRQLQEHYERQLLMILCPSPRFSEQGLLAAGHTIASMLNSAPSWLALHPLEDRERNELLENLLTGAIAGLLAHTSCDLPVLQTIDPLAAPPPWARLG
WP_123583584.1,Pseudomonas brassicacearum,NZ_MOBI01000020.1,209584,209752,+,VWKTFAVPRHPRLRRGAEHAQCPGQYCGRPASGSVQRRAIDSGRTLSPRRRNPAR
WP_134053402.1,Rheinheimera aquimaris,NZ_PNRD01000001.1,1031407,1031557,+,LKLPFRLTTATRPLPAAGLRHSVVTDPGFQPIIAIPILIKKPAFCGLLF
WP_134053402.1,Rheinheimera aquimaris,NZ_PNRD01000001.1,1031446,1031557,+,LPAAGLRHSVVTDPGFQPIIAIPILIKKPAFCGLLF
WP_134053402.1,Rheinheimera aquimaris,NZ_PNRD01000001.1,1033383,1033029,-,MKKLAIVVFILAVSFMCYQRYWVPVYITLDSEHRQAHQDDNILYFWTGKRHKGFFQVGKQYCLQSGQQTVQLALFSITYASLKPGSMKLGFRLPDNKEITAVADEYQVTDIALSGTL
WP_134053402.1,Rheinheimera aquimaris,NZ_PNRD01000001.1,1035090,1034841,-,MNTTKLTAHPFAQLASTDVEQVSGGYLKGEIKQVTLRIPEDGISDLRSEGGAFTAAVGEDGNGPIQTTMAVGEEGGDFPATF
WP_134053402.1,Rheinheimera aquimaris,NZ_PNRD01000001.1,1035185,1035086,-,LLREQQIHHEKGVFNQSVHNQAKPENNQWRLL
WP_134053402.1,Rheinheimera aquimaris,NZ_PNRD01000001.1,1035188,1035086,-,VLLREQQIHHEKGVFNQSVHNQAKPENNQWRLL
WP_134053402.1,Rheinheimera aquimaris,NZ_PNRD01000001.1,1035208,1035076,-,MTEFVASCCCANNRYTMKKVFLTKAYTTRQSLKTINGDYYEHN
WP_134053402.1,Rheinheimera aquimaris,NZ_PNRD01000001.1,1035230,1035086,-,LRSCWQPDDRICCFVLLREQQIHHEKGVFNQSVHNQAKPENNQWRLL
WP_134053402.1,Rheinheimera aquimaris,NZ_PNRD01000001.1,1037921,1038020,+,LYQVLRFSLVFSIKYVVSGTSKSLMYPCYFLL
WP_134053402.1,Rheinheimera aquimaris,NZ_PNRD01000001.1,1037946,1037754,-,MKNVKLDTNHVVEAVELLNKVEGGINATGQRIDSSVFTHCDFFVCGVALYGSVIDPHRFDMLP
WP_134053402.1,Rheinheimera aquimaris,NZ_PNRD01000001.1,1038075,1037958,-,MCGFFYSKFTCQNWQLCFFKAKSSMDTSGTCWCLIPHT
WP_134053402.1,Rheinheimera aquimaris,NZ_PNRD01000001.1,1040259,1040376,+,LKNILRYNRQRNKLVYLTGKKNRSKLRFLSQRNKYPPL
WP_134053402.1,Rheinheimera aquimaris,NZ_PNRD01000001.1,1040368,1040227,-,VDIYSAEIKTAACCGFFCLSDIPAYFAACYTAECSSRFWLLFYQQA
WP_134053402.1,Rheinheimera aquimaris,NZ_PNRD01000001.1,1040428,1040227,-,VLFWPTLLAWIIRSGWNTTTVDIYSAEIKTAACCGFFCLSDIPAYFAACYTAECSSRFWLLFYQQA
WP_134053402.1,Rheinheimera aquimaris,NZ_PNRD01000001.1,1040431,1040227,-,VVLFWPTLLAWIIRSGWNTTTVDIYSAEIKTAACCGFFCLSDIPAYFAACYTAECSSRFWLLFYQQA
WP_134053402.1,Rheinheimera aquimaris,NZ_PNRD01000001.1,1040434,1040227,-,LVVLFWPTLLAWIIRSGWNTTTVDIYSAEIKTAACCGFFCLSDIPAYFAACYTAECSSRFWLLFYQQA
WP_134053402.1,Rheinheimera aquimaris,NZ_PNRD01000001.1,1040440,1040227,-,MYLVVLFWPTLLAWIIRSGWNTTTVDIYSAEIKTAACCGFFCLSDIPAYFAACYTAECSSRFWLLFYQQA
WP_134053402.1,Rheinheimera aquimaris,NZ_PNRD01000001.1,1040465,1040585,+,LHIAPPLKNRFNTYFDRVRNTAFAIFTFPNAGGYRLKHV
WP_134053402.1,Rheinheimera aquimaris,NZ_PNRD01000001.1,1040471,1040348,-,MQELNKSQLTYVFGGAFLAYTPGLDYQEWLEYYNGGYLFR
WP_134053402.1,Rheinheimera aquimaris,NZ_PNRD01000001.1,1040508,1040664,+,LIGLGIQPSPFSPSQTPAATDLSMSKLISTISDSLEFPGYFDFYFPTVIRS
WP_134053402.1,Rheinheimera aquimaris,NZ_PNRD01000001.1,1040579,1040483,-,MLKSVAAGVWEGENGEGCIPNPIKIGVKTIF
WP_134053402.1,Rheinheimera aquimaris,NZ_PNRD01000001.1,1040600,1040483,-,MVDISLDMLKSVAAGVWEGENGEGCIPNPIKIGVKTIF
WP_134053402.1,Rheinheimera aquimaris,NZ_PNRD01000001.1,1040629,1040764,+,LTSTFQPSLEAEPDTEISPEAPLTALISYAFKLFISNSLIKISR
WP_134053402.1,Rheinheimera aquimaris,NZ_PNRD01000001.1,1040733,1040610,-,MKSLNAYEIKAVSGASGEISVSGSASNDGWKVEVKVTWKF
WP_134053402.1,Rheinheimera aquimaris,NZ_PNRD01000001.1,1040787,1040943,+,VFEAEPETENSPEAPLTALISYKFKLFIYQISNIQIVMPLSEASKLHLKTN
WP_134053402.1,Rheinheimera aquimaris,NZ_PNRD01000001.1,1040870,1040747,-,MKSLNLYEIKAVSGASGEFSVSGSASNTGWKVEAKFTWKF
WP_134053402.1,Rheinheimera aquimaris,NZ_PNRD01000001.1,1040967,1040847,-,VQRVYVLISICLEMQLAGFTQRHNYLNIGDLINEKFKLI
WP_134053402.1,Rheinheimera aquimaris,NZ_PNRD01000001.1,1040973,1040847,-,VLVQRVYVLISICLEMQLAGFTQRHNYLNIGDLINEKFKLI
WP_134053402.1,Rheinheimera aquimaris,NZ_PNRD01000001.1,1041319,1041082,-,MLAVIFNDLYCSVFSDSSSESVSEIPDNFSGVMNKGVMYMKEIKLISFEAVSGGTGVSSIIGDDSGRGCTEIGMGIPL
WP_134053402.1,Rheinheimera aquimaris,NZ_PNRD01000001.1,1041454,1041592,+,LISPNFCTGSNSYFTSYWVYCNLRAASTADNCAFRIFNLSHFALQ
WP_134053402.1,Rheinheimera aquimaris,NZ_PNRD01000001.1,1041455,1041344,-,MITINYVDLVSIHGGYSDADMHVNVATDKERATQRI
WP_134053402.1,Rheinheimera aquimaris,NZ_PNRD01000001.1,1041464,1041344,-,VISMITINYVDLVSIHGGYSDADMHVNVATDKERATQRI
WP_134053402.1,Rheinheimera aquimaris,NZ_PNRD01000001.1,1041577,1041460,-,MREIKYSESTVISGGRSPEVTIDPVTGEVTIRTCTEVR
WP_134053402.1,Rheinheimera aquimaris,NZ_PNRD01000001.1,1041589,1041460,-,LERKMREIKYSESTVISGGRSPEVTIDPVTGEVTIRTCTEVR
WP_134053402.1,Rheinheimera aquimaris,NZ_PNRD01000001.1,1041595,1041460,-,MSLERKMREIKYSESTVISGGRSPEVTIDPVTGEVTIRTCTEVR
WP_134053402.1,Rheinheimera aquimaris,NZ_PNRD01000001.1,1041867,1041765,-,MFEWLFYVAYGLYLFYFILFCFNEKLFLAKVIV
WP_134053402.1,Rheinheimera aquimaris,NZ_PNRD01000001.1,1042144,1041859,-,MSENIYWLFLVFVLTFYVVFNGRESERKDIEHLNKRKNLKSVDFDKVKRDDSKVVDLYFFDKNRAINWYRKKYGVSLAFSKKLVEEIVKDNKDV
WP_134053402.1,Rheinheimera aquimaris,NZ_PNRD01000001.1,1042411,1042195,-,MRDLDFEQTQNVQGAGFGEGGAAAGLALGIGGATFGSSFGTIGVVAAFGAAPIAAGAMVALAFYAGYQMLQ
WP_134053402.1,Rheinheimera aquimaris,NZ_PNRD01000001.1,1042596,1042431,-,MEGAGAAGLALGIGSAAFGSGWGAVGVGLAFAASPLAAGAMVGLAFYAGYQMLQ
WP_002708735.1,Thiothrix nivea DSM 5205,NZ_JH651384.1,2262634,2262805,+,LQTIYTASRLETIHAPPQRASAPKKEFHNDRSDRVGYAGNTGISLGKPPTRQRLAR
WP_002708735.1,Thiothrix nivea DSM 5205,NZ_JH651384.1,2262718,2262607,-,VELLLGCRSALRRSMDSLQTRSSVNCLQRKFMTYRD
WP_002708735.1,Thiothrix nivea DSM 5205,NZ_JH651384.1,2262779,2262668,-,VVFREIFQYCQRIPHGQIGHCGTPSWVQKRAEAEHG
WP_002708735.1,Thiothrix nivea DSM 5205,NZ_JH651384.1,2262790,2262607,-,LPCRWFSERYSSIASVSHTVRSVIVELLLGCRSALRRSMDSLQTRSSVNCLQRKFMTYRD
WP_002708735.1,Thiothrix nivea DSM 5205,NZ_JH651384.1,2262811,2262607,-,LASAGQPLPCRWFSERYSSIASVSHTVRSVIVELLLGCRSALRRSMDSLQTRSSVNCLQRKFMTYRD
WP_002708735.1,Thiothrix nivea DSM 5205,NZ_JH651384.1,2262823,2262607,-,MARALASAGQPLPCRWFSERYSSIASVSHTVRSVIVELLLGCRSALRRSMDSLQTRSSVNCLQRKFMTYRD
WP_002708735.1,Thiothrix nivea DSM 5205,NZ_JH651384.1,2262837,2262684,-,LPGGQWRGLWHQRASLCRVGGFPRDIPVLPAYPTRSDRSLWNSFLGAEAR
WP_002708735.1,Thiothrix nivea DSM 5205,NZ_JH651384.1,2262852,2262684,-,LAEDRLPGGQWRGLWHQRASLCRVGGFPRDIPVLPAYPTRSDRSLWNSFLGAEAR
WP_002708735.1,Thiothrix nivea DSM 5205,NZ_JH651384.1,2262855,2262684,-,VLAEDRLPGGQWRGLWHQRASLCRVGGFPRDIPVLPAYPTRSDRSLWNSFLGAEAR
WP_002708735.1,Thiothrix nivea DSM 5205,NZ_JH651384.1,2262877,2263297,+,METNFFGPMRLTLALLPLLRQSKQAAIFNVSSIAGISHFPSVAPYSISKAALHSYTQGLRAELAGSDIQVVGVYPGPVDTRMTAGWETAKASPAQIAANTLEAFSKGETYVLPDDFSAQMYTLFRQDPHELEKAFARML
WP_002708735.1,Thiothrix nivea DSM 5205,NZ_JH651384.1,2262888,2262684,-,LVSISRQAVSNVLAEDRLPGGQWRGLWHQRASLCRVGGFPRDIPVLPAYPTRSDRSLWNSFLGAEAR
WP_002708735.1,Thiothrix nivea DSM 5205,NZ_JH651384.1,2266310,2266784,+,MNINGSNSSLFPRQPQGDQSSAVRRANNQIRQSCGGSRNAGGTASGGGSDNLFTSIQNLIAKLLEKLGGKTSPPPDEGVRGVYGAPIGEITPPEDEGARGVYGGAVAPPPEDEGARGVYGGAIGYPPEDNAPPDGDVRAIYGAPVAVPAENVTTSGN
WP_002708735.1,Thiothrix nivea DSM 5205,NZ_JH651384.1,2268777,2268147,-,MLRAIFLLFLTSFLGACVETGPVNPSPQTMTGTPLQVANTVVQAIDGLQNGGGGLQPFTSLFDPAGVRFMPYYRMEPSDVTLTADGFESDFIPQNPPPRVWGTQDGSGDPISLSTRNYFSKYVADFPYHNNATVTLINSNGDFQSQGNLINNLLASFPMPQYRIVEYHQPGTDPAFGGLDWTSLMVILKDVGGGNQWTLVGLAHGSWTI
WP_002708735.1,Thiothrix nivea DSM 5205,NZ_JH651384.1,2268801,2268912,+,MMAVLIHQYRPLFHTTLASGEIRHLPLTDRSISIGL
WP_002708735.1,Thiothrix nivea DSM 5205,NZ_JH651384.1,2268804,2268912,+,MAVLIHQYRPLFHTTLASGEIRHLPLTDRSISIGL
WP_002708735.1,Thiothrix nivea DSM 5205,NZ_JH651384.1,2268908,2269514,+,MNQTSNTRDRLLKSARDLFYARSYGHVGVKEICDTAGVQKGSFYHFFPSKQELTLALLEEYFTELKDNIFARSFLPQLPPMQRLSLWVENIYEFQKMTREQTGKTLGCPYGNIASELSTLDEPIRKGIVDMFARVETELRATLEEAVRNGDIPPCDTATTASAMFAYIEGLMLMAKTNNDPQIVRQLGSAMLGIRIGETPP
WP_002708735.1,Thiothrix nivea DSM 5205,NZ_JH651384.1,2268917,2268818,-,LVHKPILIDRSVNGKCLISPLAKVVWNSGLYW
WP_002708735.1,Thiothrix nivea DSM 5205,NZ_JH651384.1,2269581,2269812,+,MSTATQTLDARGLNCPLPILRTKKALNSLQTGDTLQIQASDPGSVKDMQAFCQQTGNELVSSNDSNGEFSFLIRKA
WP_002708735.1,Thiothrix nivea DSM 5205,NZ_JH651384.1,2269907,2270435,+,MAEREANHTPSMTIIATKGTLDMAYPPFILASTAAALGWDVSVFFTFYGLELLKKELDLKISPLGNPAMPMKMPIGPEWLRKANIPVPNLLMAGIPGFENAATGLMKQTMSQKGVASIEELRELSVEADVKLVACQMTVELFGYEKDDFIPEISGWIGAASFLPQAQKADVSLFI
WP_002708735.1,Thiothrix nivea DSM 5205,NZ_JH651384.1,2270463,2270643,+,VHPCVRPDLGRHRGLPLQKAPPFFTLLPRQTFTFPPITSIKCALVTNRNTGGSRLKHKK
WP_002708735.1,Thiothrix nivea DSM 5205,NZ_JH651384.1,2270473,2270584,+,VCALIWADTEVCPYKKHRPFLRFCHDKPLLSPQLPA
WP_002708735.1,Thiothrix nivea DSM 5205,NZ_JH651384.1,2270475,2270643,+,VRPDLGRHRGLPLQKAPPFFTLLPRQTFTFPPITSIKCALVTNRNTGGSRLKHKK
WP_002708735.1,Thiothrix nivea DSM 5205,NZ_JH651384.1,2270487,2270643,+,LGRHRGLPLQKAPPFFTLLPRQTFTFPPITSIKCALVTNRNTGGSRLKHKK
WP_002708735.1,Thiothrix nivea DSM 5205,NZ_JH651384.1,2270541,2270643,+,LPRQTFTFPPITSIKCALVTNRNTGGSRLKHKK
WP_002708735.1,Thiothrix nivea DSM 5205,NZ_JH651384.1,2270634,2270511,-,MLQAGTACISIGHKGAFYAGNWGESKGLSWQKRKKGRCFL
WP_002708735.1,Thiothrix nivea DSM 5205,NZ_JH651384.1,2273227,2273089,-,LHRSKVGRVAAEAVDGFGGVGDDAARLDGVDGGGDAFCYLSQRNL
WP_002708735.1,Thiothrix nivea DSM 5205,NZ_JH651384.1,2273248,2273089,-,LFEGEDALHRSKVGRVAAEAVDGFGGVGDDAARLDGVDGGGDAFCYLSQRNL
WP_019503880.1,Pleurocapsa sp. PCC 7319,NZ_KB235920.1,26447,25655,-,MCKIVSIHSFRGGTGKSNMVANVAATMAQQGQKVGIIDTDLQSPGIHVIFGLDEDQINLSLNDYLWGKCNIQEAAYDVTCVFNSEPVDGELYLIPSSIKAGEISRVLREGYDVGRLNDGFQELIRCLKLDYLLIDTHPGLNEETLLSIAISDVLVVIFRPDSQDFQGTAVTVDVARKLQVPKMLLVVNKVLSAYDFAALITKVQRSYKTDVAGIIPLSEDIIQLASSDVFCLRHPDHFFSQTIREISQQIASKPEAVLAGEIK
WP_019503880.1,Pleurocapsa sp. PCC 7319,NZ_KB235920.1,28069,27898,-,MNSNQIPNKVATAAQKSDDSSSVLPRQGWQDKQAFIKALIKAKQSLEIAEISNFLT
WP_019503880.1,Pleurocapsa sp. PCC 7319,NZ_KB235920.1,29686,29377,-,MSIENAKSFYERVSTDKQFRTQLENTASAEERQKIIQAAGFEFTNQEWEIAKEQILATSESNNGELSEAELTAVSGGVDLSIFELLDEEPLFPIRPLYGLPI
WP_019503880.1,Pleurocapsa sp. PCC 7319,NZ_KB235920.1,29810,29702,-,VGGIILSLWLLKSAFSKIAKNNKLCKGFHPLKKSP
WP_019503880.1,Pleurocapsa sp. PCC 7319,NZ_KB235920.1,30094,29797,-,MSIESAKAFYQRMTDDASFRTPFEAELSKEERQQLIKDSGYDFTAEEWQQAMTEIQAARSNEELNEEELEAIAGGAVAAMYGVVFPWDNEFPWPRWGG
WP_019503880.1,Pleurocapsa sp. PCC 7319,NZ_KB235920.1,32115,31779,-,MENQQGANQNSQKSRTEIEATLVAKAWQNDDFRQELMSNPRKVFASEFNQEIPESTNIQVLEESNDTYYLVIPKKPDVSEELSDEALEAIAGGWYFVTNDDEGAIVGSDSN
WP_019503880.1,Pleurocapsa sp. PCC 7319,NZ_KB235920.1,32207,32318,+,LHLFLQSCIKINIILYFSYKHMSLKNNNMHIIIFIW
WP_019503880.1,Pleurocapsa sp. PCC 7319,NZ_KB235920.1,32213,32318,+,LFLQSCIKINIILYFSYKHMSLKNNNMHIIIFIW
WP_019503880.1,Pleurocapsa sp. PCC 7319,NZ_KB235920.1,33352,33496,+,VQCSSLNKRLITPMYFTPNFRCRISILTKLTIEMTRIKIPYFLSDRL
WP_019503880.1,Pleurocapsa sp. PCC 7319,NZ_KB235920.1,33391,33496,+,MYFTPNFRCRISILTKLTIEMTRIKIPYFLSDRL
