fixselect,tax_1,tax_2,tax_3,tax_4,tax_5,tax_6,tax_7,tax_8,tax_bar,names(parsr),nam_1,nam_2,nam_3,nam_4,nam_5,nam_6,nam_7,nam_8,tax_fill
KYF90177_Proteobacteria_Deltaproteobacteria_Myxococcales_Polyangiaceae_Sorangium_BLAST,KYF90177,Proteobacteria,Deltaproteobacteria,Myxococcales,Polyangiaceae,Sorangium,BLAST,NA,Deltaproteobacteria,NA,NA,NA,NA,NA,NA,NA,NA,NA,Deltaproteobacteria
KYF96555_Proteobacteria_Deltaproteobacteria_Myxococcales_Polyangiaceae_Sorangium_BLAST,KYF96555,Proteobacteria,Deltaproteobacteria,Myxococcales,Polyangiaceae,Sorangium,BLAST,NA,Deltaproteobacteria,NA,NA,NA,NA,NA,NA,NA,NA,NA,Deltaproteobacteria
020737839_Proteobacteria_Deltaproteobacteria_Myxococcales_Polyangiaceae_Sorangium_BLAST,020737839,Proteobacteria,Deltaproteobacteria,Myxococcales,Polyangiaceae,Sorangium,BLAST,NA,Deltaproteobacteria,NA,NA,NA,NA,NA,NA,NA,NA,NA,Deltaproteobacteria
KYG04170_Proteobacteria_Deltaproteobacteria_Myxococcales_Polyangiaceae_Sorangium_BLAST,KYG04170,Proteobacteria,Deltaproteobacteria,Myxococcales,Polyangiaceae,Sorangium,BLAST,NA,Deltaproteobacteria,NA,NA,NA,NA,NA,NA,NA,NA,NA,Deltaproteobacteria
ADV84348_Acidobacteria_Acidobacteriia_Acidobacteriales_Acidobacteriaceae_Terriglobus_BLAST,ADV84348,Acidobacteria,Acidobacteriia,Acidobacteriales,Acidobacteriaceae,Terriglobus,BLAST,NA,Acidobacteria,NA,NA,NA,NA,NA,NA,NA,NA,NA,Acidobacteria
144312478_Acidobacteria_Acidobacteriia_Acidobacteriales_Acidobacteriaceae_Terriglobus_BLAST,144312478,Acidobacteria,Acidobacteriia,Acidobacteriales,Acidobacteriaceae,Terriglobus,BLAST,NA,Acidobacteria,NA,NA,NA,NA,NA,NA,NA,NA,NA,Acidobacteria
077300914_Proteobacteria_Betaproteobacteria_Neisseriales_Chromobacteriaceae_Aquaspirillum_BLAST,077300914,Proteobacteria,Betaproteobacteria,Neisseriales,Chromobacteriaceae,Aquaspirillum,BLAST,NA,Betaproteobacteria,NA,NA,NA,NA,NA,NA,NA,NA,NA,Betaproteobacteria
076400480_Proteobacteria_Alphaproteobacteria_Rhodospirillales_Rhodospirillaceae_Insolitispirillum_BLAST,076400480,Proteobacteria,Alphaproteobacteria,Rhodospirillales,Rhodospirillaceae,Insolitispirillum,BLAST,NA,Alphaproteobacteria,NA,NA,NA,NA,NA,NA,NA,NA,NA,Alphaproteobacteria
019104567_Proteobacteria_Betaproteobacteria_Neisseriales_Chromobacteriaceae_Chromobacterium_BLAST,019104567,Proteobacteria,Betaproteobacteria,Neisseriales,Chromobacteriaceae,Chromobacterium,BLAST,NA,Betaproteobacteria,NA,NA,NA,NA,NA,NA,NA,NA,NA,Betaproteobacteria
081574505_Proteobacteria_Betaproteobacteria_Neisseriales_Chromobacteriaceae_Chromobacterium_BLAST,081574505,Proteobacteria,Betaproteobacteria,Neisseriales,Chromobacteriaceae,Chromobacterium,BLAST,NA,Betaproteobacteria,NA,NA,NA,NA,NA,NA,NA,NA,NA,Betaproteobacteria
043631531_Proteobacteria_Betaproteobacteria_Neisseriales_Chromobacteriaceae_Chromobacterium_BLAST,043631531,Proteobacteria,Betaproteobacteria,Neisseriales,Chromobacteriaceae,Chromobacterium,BLAST,NA,Betaproteobacteria,NA,NA,NA,NA,NA,NA,NA,NA,NA,Betaproteobacteria
081555114_Proteobacteria_Betaproteobacteria_Neisseriales_Chromobacteriaceae_Chromobacterium_BLAST,081555114,Proteobacteria,Betaproteobacteria,Neisseriales,Chromobacteriaceae,Chromobacterium,BLAST,NA,Betaproteobacteria,NA,NA,NA,NA,NA,NA,NA,NA,NA,Betaproteobacteria
081547107_Proteobacteria_Betaproteobacteria_Neisseriales_Chromobacteriaceae_Chromobacterium_BLAST,081547107,Proteobacteria,Betaproteobacteria,Neisseriales,Chromobacteriaceae,Chromobacterium,BLAST,NA,Betaproteobacteria,NA,NA,NA,NA,NA,NA,NA,NA,NA,Betaproteobacteria
166451741_Proteobacteria_Betaproteobacteria_Neisseriales_Chromobacteriaceae_Chromobacterium_BLAST,166451741,Proteobacteria,Betaproteobacteria,Neisseriales,Chromobacteriaceae,Chromobacterium,BLAST,NA,Betaproteobacteria,NA,NA,NA,NA,NA,NA,NA,NA,NA,Betaproteobacteria
107798860_Proteobacteria_Betaproteobacteria_Neisseriales_Chromobacteriaceae_Chromobacterium_BLAST,107798860,Proteobacteria,Betaproteobacteria,Neisseriales,Chromobacteriaceae,Chromobacterium,BLAST,NA,Betaproteobacteria,NA,NA,NA,NA,NA,NA,NA,NA,NA,Betaproteobacteria
048414465_Proteobacteria_Betaproteobacteria_Neisseriales_Chromobacteriaceae_Chromobacterium_PFAM,048414465,Proteobacteria,Betaproteobacteria,Neisseriales,Chromobacteriaceae,Chromobacterium,PFAM,NA,Betaproteobacteria,NA,NA,NA,NA,NA,NA,NA,NA,NA,Betaproteobacteria
048410624_Proteobacteria_Betaproteobacteria_Neisseriales_Chromobacteriaceae_Chromobacterium_BLAST,048410624,Proteobacteria,Betaproteobacteria,Neisseriales,Chromobacteriaceae,Chromobacterium,BLAST,NA,Betaproteobacteria,NA,NA,NA,NA,NA,NA,NA,NA,NA,Betaproteobacteria
137940225_Proteobacteria_Betaproteobacteria_No_order_No_family_Chitinivorax_BLAST,137940225,Proteobacteria,Betaproteobacteria,No,order,No,family,Chitinivorax_BLAST,Betaproteobacteria,NA,NA,NA,NA,NA,NA,NA,NA,NA,Betaproteobacteria
189534618_Proteobacteria_Betaproteobacteria_Neisseriales_Chromobacteriaceae_Paludibacterium_BLAST,189534618,Proteobacteria,Betaproteobacteria,Neisseriales,Chromobacteriaceae,Paludibacterium,BLAST,NA,Betaproteobacteria,NA,NA,NA,NA,NA,NA,NA,NA,NA,Betaproteobacteria
AFH75335_Proteobacteria_Gammaproteobacteria_Pseudomonadales_Pseudomonadaceae_Pseudomonas_BLAST,AFH75335,Proteobacteria,Gammaproteobacteria,Pseudomonadales,Pseudomonadaceae,Pseudomonas,BLAST,NA,Gammaproteobacteria,NA,NA,NA,NA,NA,NA,NA,NA,NA,Gammaproteobacteria
124346322_Proteobacteria_Gammaproteobacteria_Pseudomonadales_Pseudomonadaceae_Pseudomonas_BLAST,124346322,Proteobacteria,Gammaproteobacteria,Pseudomonadales,Pseudomonadaceae,Pseudomonas,BLAST,NA,Gammaproteobacteria,NA,NA,NA,NA,NA,NA,NA,NA,NA,Gammaproteobacteria
185701745_Proteobacteria_Gammaproteobacteria_Pseudomonadales_Pseudomonadaceae_Pseudomonas_BLAST,185701745,Proteobacteria,Gammaproteobacteria,Pseudomonadales,Pseudomonadaceae,Pseudomonas,BLAST,NA,Gammaproteobacteria,NA,NA,NA,NA,NA,NA,NA,NA,NA,Gammaproteobacteria
022643565_Proteobacteria_Gammaproteobacteria_Pseudomonadales_Pseudomonadaceae_Pseudomonas_BLAST,022643565,Proteobacteria,Gammaproteobacteria,Pseudomonadales,Pseudomonadaceae,Pseudomonas,BLAST,NA,Gammaproteobacteria,NA,NA,NA,NA,NA,NA,NA,NA,NA,Gammaproteobacteria
053138491_Proteobacteria_Gammaproteobacteria_Pseudomonadales_Pseudomonadaceae_Pseudomonas_BLAST,053138491,Proteobacteria,Gammaproteobacteria,Pseudomonadales,Pseudomonadaceae,Pseudomonas,BLAST,NA,Gammaproteobacteria,NA,NA,NA,NA,NA,NA,NA,NA,NA,Gammaproteobacteria
152897173_Proteobacteria_Gammaproteobacteria_Pseudomonadales_Pseudomonadaceae_Pseudomonas_BLAST,152897173,Proteobacteria,Gammaproteobacteria,Pseudomonadales,Pseudomonadaceae,Pseudomonas,BLAST,NA,Gammaproteobacteria,NA,NA,NA,NA,NA,NA,NA,NA,NA,Gammaproteobacteria
085599989_Unknown_Unknown_Unknown_Unknown_unclassified_BLAST,085599989,Unknown,Unknown,Unknown,Unknown,unclassified,BLAST,NA,unclassified,WP_085599989.1 MULTISPECIES: GDL motif peptide-associated radical SAM/SPASM maturase [unclassified Pseudomonas],WP_085599989.1,MULTISPECIES:,GDL,motif,peptide-associated,radical,SAM/SPASM,maturase [unclassified Pseudomonas],NA
103326699_Proteobacteria_Gammaproteobacteria_Pseudomonadales_Pseudomonadaceae_Pseudomonas_BLAST,103326699,Proteobacteria,Gammaproteobacteria,Pseudomonadales,Pseudomonadaceae,Pseudomonas,BLAST,NA,Gammaproteobacteria,NA,NA,NA,NA,NA,NA,NA,NA,NA,Gammaproteobacteria
123724082_Proteobacteria_Gammaproteobacteria_Pseudomonadales_Pseudomonadaceae_Pseudomonas_BLAST,123724082,Proteobacteria,Gammaproteobacteria,Pseudomonadales,Pseudomonadaceae,Pseudomonas,BLAST,NA,Gammaproteobacteria,NA,NA,NA,NA,NA,NA,NA,NA,NA,Gammaproteobacteria
047285145_Proteobacteria_Gammaproteobacteria_Pseudomonadales_Pseudomonadaceae_Pseudomonas_BLAST,047285145,Proteobacteria,Gammaproteobacteria,Pseudomonadales,Pseudomonadaceae,Pseudomonas,BLAST,NA,Gammaproteobacteria,NA,NA,NA,NA,NA,NA,NA,NA,NA,Gammaproteobacteria
103291316_Proteobacteria_Gammaproteobacteria_Pseudomonadales_Pseudomonadaceae_Pseudomonas_BLAST,103291316,Proteobacteria,Gammaproteobacteria,Pseudomonadales,Pseudomonadaceae,Pseudomonas,BLAST,NA,Gammaproteobacteria,NA,NA,NA,NA,NA,NA,NA,NA,NA,Gammaproteobacteria
103408102_Proteobacteria_Gammaproteobacteria_Pseudomonadales_Pseudomonadaceae_Pseudomonas_BLAST,103408102,Proteobacteria,Gammaproteobacteria,Pseudomonadales,Pseudomonadaceae,Pseudomonas,BLAST,NA,Gammaproteobacteria,NA,NA,NA,NA,NA,NA,NA,NA,NA,Gammaproteobacteria
041117107_Proteobacteria_Gammaproteobacteria_Pseudomonadales_Pseudomonadaceae_Pseudomonas_BLAST,041117107,Proteobacteria,Gammaproteobacteria,Pseudomonadales,Pseudomonadaceae,Pseudomonas,BLAST,NA,Gammaproteobacteria,NA,NA,NA,NA,NA,NA,NA,NA,NA,Gammaproteobacteria
AAY91426_Proteobacteria_Gammaproteobacteria_Pseudomonadales_Pseudomonadaceae_Pseudomonas_BLAST,AAY91426,Proteobacteria,Gammaproteobacteria,Pseudomonadales,Pseudomonadaceae,Pseudomonas,BLAST,NA,Gammaproteobacteria,NA,NA,NA,NA,NA,NA,NA,NA,NA,Gammaproteobacteria
072451501_Unknown_Unknown_Unknown_Unknown_unclassified_BLAST,072451501,Unknown,Unknown,Unknown,Unknown,unclassified,BLAST,NA,unclassified,WP_072451501.1 MULTISPECIES: GDL motif peptide-associated radical SAM/SPASM maturase [unclassified Pseudomonas],WP_072451501.1,MULTISPECIES:,GDL,motif,peptide-associated,radical,SAM/SPASM,maturase [unclassified Pseudomonas],NA
145713021_Proteobacteria_Gammaproteobacteria_Pseudomonadales_Pseudomonadaceae_Pseudomonas_BLAST,145713021,Proteobacteria,Gammaproteobacteria,Pseudomonadales,Pseudomonadaceae,Pseudomonas,BLAST,NA,Gammaproteobacteria,NA,NA,NA,NA,NA,NA,NA,NA,NA,Gammaproteobacteria
015634941_Proteobacteria_Gammaproteobacteria_Pseudomonadales_Pseudomonadaceae_Pseudomonas_BLAST,015634941,Proteobacteria,Gammaproteobacteria,Pseudomonadales,Pseudomonadaceae,Pseudomonas,BLAST,NA,Gammaproteobacteria,NA,NA,NA,NA,NA,NA,NA,NA,NA,Gammaproteobacteria
183000911_Unknown_Unknown_Unknown_Unknown_unclassified_BLAST,183000911,Unknown,Unknown,Unknown,Unknown,unclassified,BLAST,NA,unclassified,WP_183000911.1 MULTISPECIES: GDL motif peptide-associated radical SAM/SPASM maturase [unclassified Pseudomonas],WP_183000911.1,MULTISPECIES:,GDL,motif,peptide-associated,radical,SAM/SPASM,maturase [unclassified Pseudomonas],NA
047336236_Proteobacteria_Gammaproteobacteria_Pseudomonadales_Pseudomonadaceae_Pseudomonas_BLAST,047336236,Proteobacteria,Gammaproteobacteria,Pseudomonadales,Pseudomonadaceae,Pseudomonas,BLAST,NA,Gammaproteobacteria,NA,NA,NA,NA,NA,NA,NA,NA,NA,Gammaproteobacteria
123392673_Proteobacteria_Gammaproteobacteria_Pseudomonadales_Pseudomonadaceae_Pseudomonas_BLAST,123392673,Proteobacteria,Gammaproteobacteria,Pseudomonadales,Pseudomonadaceae,Pseudomonas,BLAST,NA,Gammaproteobacteria,NA,NA,NA,NA,NA,NA,NA,NA,NA,Gammaproteobacteria
102863592_Proteobacteria_Gammaproteobacteria_Pseudomonadales_Pseudomonadaceae_Pseudomonas_BLAST,102863592,Proteobacteria,Gammaproteobacteria,Pseudomonadales,Pseudomonadaceae,Pseudomonas,BLAST,NA,Gammaproteobacteria,NA,NA,NA,NA,NA,NA,NA,NA,NA,Gammaproteobacteria
102882412_Proteobacteria_Gammaproteobacteria_Pseudomonadales_Pseudomonadaceae_Pseudomonas_BLAST,102882412,Proteobacteria,Gammaproteobacteria,Pseudomonadales,Pseudomonadaceae,Pseudomonas,BLAST,NA,Gammaproteobacteria,NA,NA,NA,NA,NA,NA,NA,NA,NA,Gammaproteobacteria
025130124_Proteobacteria_Gammaproteobacteria_Pseudomonadales_Pseudomonadaceae_Pseudomonas_BLAST,025130124,Proteobacteria,Gammaproteobacteria,Pseudomonadales,Pseudomonadaceae,Pseudomonas,BLAST,NA,Gammaproteobacteria,NA,NA,NA,NA,NA,NA,NA,NA,NA,Gammaproteobacteria
161759237_Unknown_Unknown_Unknown_Unknown_unclassified_BLAST,161759237,Unknown,Unknown,Unknown,Unknown,unclassified,BLAST,NA,unclassified,WP_161759237.1 MULTISPECIES: GDL motif peptide-associated radical SAM/SPASM maturase [unclassified Pseudomonas],WP_161759237.1,MULTISPECIES:,GDL,motif,peptide-associated,radical,SAM/SPASM,maturase [unclassified Pseudomonas],NA
060838456_Proteobacteria_Gammaproteobacteria_Pseudomonadales_Pseudomonadaceae_Pseudomonas_BLAST,060838456,Proteobacteria,Gammaproteobacteria,Pseudomonadales,Pseudomonadaceae,Pseudomonas,BLAST,NA,Gammaproteobacteria,NA,NA,NA,NA,NA,NA,NA,NA,NA,Gammaproteobacteria
060843025_Proteobacteria_Gammaproteobacteria_Pseudomonadales_Pseudomonadaceae_Pseudomonas_BLAST,060843025,Proteobacteria,Gammaproteobacteria,Pseudomonadales,Pseudomonadaceae,Pseudomonas,BLAST,NA,Gammaproteobacteria,NA,NA,NA,NA,NA,NA,NA,NA,NA,Gammaproteobacteria
179597208_Proteobacteria_Gammaproteobacteria_Pseudomonadales_Pseudomonadaceae_Pseudomonas_BLAST,179597208,Proteobacteria,Gammaproteobacteria,Pseudomonadales,Pseudomonadaceae,Pseudomonas,BLAST,NA,Gammaproteobacteria,NA,NA,NA,NA,NA,NA,NA,NA,NA,Gammaproteobacteria
047305108_Proteobacteria_Gammaproteobacteria_Pseudomonadales_Pseudomonadaceae_Pseudomonas_BLAST,047305108,Proteobacteria,Gammaproteobacteria,Pseudomonadales,Pseudomonadaceae,Pseudomonas,BLAST,NA,Gammaproteobacteria,NA,NA,NA,NA,NA,NA,NA,NA,NA,Gammaproteobacteria
159897589_Proteobacteria_Gammaproteobacteria_Pseudomonadales_Pseudomonadaceae_Pseudomonas_BLAST,159897589,Proteobacteria,Gammaproteobacteria,Pseudomonadales,Pseudomonadaceae,Pseudomonas,BLAST,NA,Gammaproteobacteria,NA,NA,NA,NA,NA,NA,NA,NA,NA,Gammaproteobacteria
092316178_Proteobacteria_Gammaproteobacteria_Pseudomonadales_Pseudomonadaceae_Pseudomonas_BLAST,092316178,Proteobacteria,Gammaproteobacteria,Pseudomonadales,Pseudomonadaceae,Pseudomonas,BLAST,NA,Gammaproteobacteria,NA,NA,NA,NA,NA,NA,NA,NA,NA,Gammaproteobacteria
110723159_Unknown_Unknown_Unknown_Unknown_unclassified_BLAST,110723159,Unknown,Unknown,Unknown,Unknown,unclassified,BLAST,NA,unclassified,WP_110723159.1 MULTISPECIES: GDL motif peptide-associated radical SAM/SPASM maturase [unclassified Pseudomonas],WP_110723159.1,MULTISPECIES:,GDL,motif,peptide-associated,radical,SAM/SPASM,maturase [unclassified Pseudomonas],NA
103496830_Proteobacteria_Gammaproteobacteria_Pseudomonadales_Pseudomonadaceae_Pseudomonas_BLAST,103496830,Proteobacteria,Gammaproteobacteria,Pseudomonadales,Pseudomonadaceae,Pseudomonas,BLAST,NA,Gammaproteobacteria,NA,NA,NA,NA,NA,NA,NA,NA,NA,Gammaproteobacteria
100941715_Proteobacteria_Gammaproteobacteria_Pseudomonadales_Pseudomonadaceae_Pseudomonas_BLAST,100941715,Proteobacteria,Gammaproteobacteria,Pseudomonadales,Pseudomonadaceae,Pseudomonas,BLAST,NA,Gammaproteobacteria,NA,NA,NA,NA,NA,NA,NA,NA,NA,Gammaproteobacteria
040066309_Proteobacteria_Gammaproteobacteria_Pseudomonadales_Pseudomonadaceae_Pseudomonas_BLAST,040066309,Proteobacteria,Gammaproteobacteria,Pseudomonadales,Pseudomonadaceae,Pseudomonas,BLAST,NA,Gammaproteobacteria,NA,NA,NA,NA,NA,NA,NA,NA,NA,Gammaproteobacteria
177145414_Proteobacteria_Gammaproteobacteria_Pseudomonadales_Pseudomonadaceae_Pseudomonas_BLAST,177145414,Proteobacteria,Gammaproteobacteria,Pseudomonadales,Pseudomonadaceae,Pseudomonas,BLAST,NA,Gammaproteobacteria,NA,NA,NA,NA,NA,NA,NA,NA,NA,Gammaproteobacteria
134826564_Proteobacteria_Gammaproteobacteria_Pseudomonadales_Pseudomonadaceae_Pseudomonas_BLAST,134826564,Proteobacteria,Gammaproteobacteria,Pseudomonadales,Pseudomonadaceae,Pseudomonas,BLAST,NA,Gammaproteobacteria,NA,NA,NA,NA,NA,NA,NA,NA,NA,Gammaproteobacteria
085708432_Unknown_Unknown_Unknown_Unknown_unclassified_BLAST,085708432,Unknown,Unknown,Unknown,Unknown,unclassified,BLAST,NA,unclassified,WP_085708432.1 MULTISPECIES: GDL motif peptide-associated radical SAM/SPASM maturase [unclassified Pseudomonas],WP_085708432.1,MULTISPECIES:,GDL,motif,peptide-associated,radical,SAM/SPASM,maturase [unclassified Pseudomonas],NA
119429120_Proteobacteria_Gammaproteobacteria_Pseudomonadales_Pseudomonadaceae_Pseudomonas_BLAST,119429120,Proteobacteria,Gammaproteobacteria,Pseudomonadales,Pseudomonadaceae,Pseudomonas,BLAST,NA,Gammaproteobacteria,NA,NA,NA,NA,NA,NA,NA,NA,NA,Gammaproteobacteria
114882444_Proteobacteria_Gammaproteobacteria_Pseudomonadales_Pseudomonadaceae_Pseudomonas_BLAST,114882444,Proteobacteria,Gammaproteobacteria,Pseudomonadales,Pseudomonadaceae,Pseudomonas,BLAST,NA,Gammaproteobacteria,NA,NA,NA,NA,NA,NA,NA,NA,NA,Gammaproteobacteria
085734019_Unknown_Unknown_Unknown_Unknown_unclassified_BLAST,085734019,Unknown,Unknown,Unknown,Unknown,unclassified,BLAST,NA,unclassified,WP_085734019.1 MULTISPECIES: GDL motif peptide-associated radical SAM/SPASM maturase [unclassified Pseudomonas],WP_085734019.1,MULTISPECIES:,GDL,motif,peptide-associated,radical,SAM/SPASM,maturase [unclassified Pseudomonas],NA
102621674_Unknown_Unknown_Unknown_Unknown_unclassified_BLAST,102621674,Unknown,Unknown,Unknown,Unknown,unclassified,BLAST,NA,unclassified,WP_102621674.1 MULTISPECIES: GDL motif peptide-associated radical SAM/SPASM maturase [unclassified Pseudomonas],WP_102621674.1,MULTISPECIES:,GDL,motif,peptide-associated,radical,SAM/SPASM,maturase [unclassified Pseudomonas],NA
065261299_Proteobacteria_Gammaproteobacteria_Pseudomonadales_Pseudomonadaceae_Pseudomonas_BLAST,065261299,Proteobacteria,Gammaproteobacteria,Pseudomonadales,Pseudomonadaceae,Pseudomonas,BLAST,NA,Gammaproteobacteria,NA,NA,NA,NA,NA,NA,NA,NA,NA,Gammaproteobacteria
085688336_Unknown_Unknown_Unknown_Unknown_unclassified_BLAST,085688336,Unknown,Unknown,Unknown,Unknown,unclassified,BLAST,NA,unclassified,WP_085688336.1 MULTISPECIES: GDL motif peptide-associated radical SAM/SPASM maturase [unclassified Pseudomonas],WP_085688336.1,MULTISPECIES:,GDL,motif,peptide-associated,radical,SAM/SPASM,maturase [unclassified Pseudomonas],NA
085703723_Proteobacteria_Gammaproteobacteria_Pseudomonadales_Pseudomonadaceae_Pseudomonas_BLAST,085703723,Proteobacteria,Gammaproteobacteria,Pseudomonadales,Pseudomonadaceae,Pseudomonas,BLAST,NA,Gammaproteobacteria,NA,NA,NA,NA,NA,NA,NA,NA,NA,Gammaproteobacteria
085700336_Proteobacteria_Gammaproteobacteria_Pseudomonadales_Pseudomonadaceae_Pseudomonas_BLAST,085700336,Proteobacteria,Gammaproteobacteria,Pseudomonadales,Pseudomonadaceae,Pseudomonas,BLAST,NA,Gammaproteobacteria,NA,NA,NA,NA,NA,NA,NA,NA,NA,Gammaproteobacteria
115077531_Proteobacteria_Gammaproteobacteria_Pseudomonadales_Pseudomonadaceae_Pseudomonas_BLAST,115077531,Proteobacteria,Gammaproteobacteria,Pseudomonadales,Pseudomonadaceae,Pseudomonas,BLAST,NA,Gammaproteobacteria,NA,NA,NA,NA,NA,NA,NA,NA,NA,Gammaproteobacteria
108561500_Proteobacteria_Gammaproteobacteria_Pseudomonadales_Pseudomonadaceae_Pseudomonas_BLAST,108561500,Proteobacteria,Gammaproteobacteria,Pseudomonadales,Pseudomonadaceae,Pseudomonas,BLAST,NA,Gammaproteobacteria,NA,NA,NA,NA,NA,NA,NA,NA,NA,Gammaproteobacteria
011333776_Proteobacteria_Gammaproteobacteria_Pseudomonadales_Pseudomonadaceae_Pseudomonas_BLAST,011333776,Proteobacteria,Gammaproteobacteria,Pseudomonadales,Pseudomonadaceae,Pseudomonas,BLAST,NA,Gammaproteobacteria,NA,NA,NA,NA,NA,NA,NA,NA,NA,Gammaproteobacteria
127797853_Proteobacteria_Gammaproteobacteria_Pseudomonadales_Pseudomonadaceae_Pseudomonas_BLAST,127797853,Proteobacteria,Gammaproteobacteria,Pseudomonadales,Pseudomonadaceae,Pseudomonas,BLAST,NA,Gammaproteobacteria,NA,NA,NA,NA,NA,NA,NA,NA,NA,Gammaproteobacteria
192564647_Proteobacteria_Gammaproteobacteria_Pseudomonadales_Pseudomonadaceae_Pseudomonas_BLAST,192564647,Proteobacteria,Gammaproteobacteria,Pseudomonadales,Pseudomonadaceae,Pseudomonas,BLAST,NA,Gammaproteobacteria,NA,NA,NA,NA,NA,NA,NA,NA,NA,Gammaproteobacteria
007955475_Proteobacteria_Gammaproteobacteria_Pseudomonadales_Pseudomonadaceae_Pseudomonas_BLAST,007955475,Proteobacteria,Gammaproteobacteria,Pseudomonadales,Pseudomonadaceae,Pseudomonas,BLAST,NA,Gammaproteobacteria,NA,NA,NA,NA,NA,NA,NA,NA,NA,Gammaproteobacteria
064381945_Proteobacteria_Gammaproteobacteria_Pseudomonadales_Pseudomonadaceae_Pseudomonas_BLAST,064381945,Proteobacteria,Gammaproteobacteria,Pseudomonadales,Pseudomonadaceae,Pseudomonas,BLAST,NA,Gammaproteobacteria,NA,NA,NA,NA,NA,NA,NA,NA,NA,Gammaproteobacteria
085604704_Unknown_Unknown_Unknown_Unknown_unclassified_BLAST,085604704,Unknown,Unknown,Unknown,Unknown,unclassified,BLAST,NA,unclassified,WP_085604704.1 MULTISPECIES: GDL motif peptide-associated radical SAM/SPASM maturase [unclassified Pseudomonas],WP_085604704.1,MULTISPECIES:,GDL,motif,peptide-associated,radical,SAM/SPASM,maturase [unclassified Pseudomonas],NA
025111553_Proteobacteria_Gammaproteobacteria_Pseudomonadales_Pseudomonadaceae_Pseudomonas_BLAST,025111553,Proteobacteria,Gammaproteobacteria,Pseudomonadales,Pseudomonadaceae,Pseudomonas,BLAST,NA,Gammaproteobacteria,NA,NA,NA,NA,NA,NA,NA,NA,NA,Gammaproteobacteria
127651424_Proteobacteria_Gammaproteobacteria_Pseudomonadales_Pseudomonadaceae_Pseudomonas_BLAST,127651424,Proteobacteria,Gammaproteobacteria,Pseudomonadales,Pseudomonadaceae,Pseudomonas,BLAST,NA,Gammaproteobacteria,NA,NA,NA,NA,NA,NA,NA,NA,NA,Gammaproteobacteria
102357257_Proteobacteria_Gammaproteobacteria_Pseudomonadales_Pseudomonadaceae_Pseudomonas_BLAST,102357257,Proteobacteria,Gammaproteobacteria,Pseudomonadales,Pseudomonadaceae,Pseudomonas,BLAST,NA,Gammaproteobacteria,NA,NA,NA,NA,NA,NA,NA,NA,NA,Gammaproteobacteria
108591004_Proteobacteria_Gammaproteobacteria_Pseudomonadales_Pseudomonadaceae_Pseudomonas_BLAST,108591004,Proteobacteria,Gammaproteobacteria,Pseudomonadales,Pseudomonadaceae,Pseudomonas,BLAST,NA,Gammaproteobacteria,NA,NA,NA,NA,NA,NA,NA,NA,NA,Gammaproteobacteria
007969211_Proteobacteria_Gammaproteobacteria_Pseudomonadales_Pseudomonadaceae_Pseudomonas_BLAST,007969211,Proteobacteria,Gammaproteobacteria,Pseudomonadales,Pseudomonadaceae,Pseudomonas,BLAST,NA,Gammaproteobacteria,NA,NA,NA,NA,NA,NA,NA,NA,NA,Gammaproteobacteria
041062761_Proteobacteria_Gammaproteobacteria_Pseudomonadales_Pseudomonadaceae_Pseudomonas_BLAST,041062761,Proteobacteria,Gammaproteobacteria,Pseudomonadales,Pseudomonadaceae,Pseudomonas,BLAST,NA,Gammaproteobacteria,NA,NA,NA,NA,NA,NA,NA,NA,NA,Gammaproteobacteria
083368816_Proteobacteria_Gammaproteobacteria_Pseudomonadales_Pseudomonadaceae_Pseudomonas_BLAST,083368816,Proteobacteria,Gammaproteobacteria,Pseudomonadales,Pseudomonadaceae,Pseudomonas,BLAST,NA,Gammaproteobacteria,NA,NA,NA,NA,NA,NA,NA,NA,NA,Gammaproteobacteria
145596882_Proteobacteria_Gammaproteobacteria_Pseudomonadales_Pseudomonadaceae_Pseudomonas_BLAST,145596882,Proteobacteria,Gammaproteobacteria,Pseudomonadales,Pseudomonadaceae,Pseudomonas,BLAST,NA,Gammaproteobacteria,NA,NA,NA,NA,NA,NA,NA,NA,NA,Gammaproteobacteria
095666849_Proteobacteria_Gammaproteobacteria_Pseudomonadales_Pseudomonadaceae_Pseudomonas_BLAST,095666849,Proteobacteria,Gammaproteobacteria,Pseudomonadales,Pseudomonadaceae,Pseudomonas,BLAST,NA,Gammaproteobacteria,NA,NA,NA,NA,NA,NA,NA,NA,NA,Gammaproteobacteria
182401593_Proteobacteria_Gammaproteobacteria_Pseudomonadales_Pseudomonadaceae_Pseudomonas_BLAST,182401593,Proteobacteria,Gammaproteobacteria,Pseudomonadales,Pseudomonadaceae,Pseudomonas,BLAST,NA,Gammaproteobacteria,NA,NA,NA,NA,NA,NA,NA,NA,NA,Gammaproteobacteria
047294899_Proteobacteria_Gammaproteobacteria_Pseudomonadales_Pseudomonadaceae_Pseudomonas_BLAST,047294899,Proteobacteria,Gammaproteobacteria,Pseudomonadales,Pseudomonadaceae,Pseudomonas,BLAST,NA,Gammaproteobacteria,NA,NA,NA,NA,NA,NA,NA,NA,NA,Gammaproteobacteria
086790896_Proteobacteria_Gammaproteobacteria_Pseudomonadales_Pseudomonadaceae_Pseudomonas_BLAST,086790896,Proteobacteria,Gammaproteobacteria,Pseudomonadales,Pseudomonadaceae,Pseudomonas,BLAST,NA,Gammaproteobacteria,NA,NA,NA,NA,NA,NA,NA,NA,NA,Gammaproteobacteria
AVX88897_Proteobacteria_Gammaproteobacteria_Pseudomonadales_Pseudomonadaceae_Pseudomonas_BLAST,AVX88897,Proteobacteria,Gammaproteobacteria,Pseudomonadales,Pseudomonadaceae,Pseudomonas,BLAST,NA,Gammaproteobacteria,NA,NA,NA,NA,NA,NA,NA,NA,NA,Gammaproteobacteria
141129193_Proteobacteria_Gammaproteobacteria_Pseudomonadales_Pseudomonadaceae_Pseudomonas_BLAST,141129193,Proteobacteria,Gammaproteobacteria,Pseudomonadales,Pseudomonadaceae,Pseudomonas,BLAST,NA,Gammaproteobacteria,NA,NA,NA,NA,NA,NA,NA,NA,NA,Gammaproteobacteria
PTT92278_Proteobacteria_Gammaproteobacteria_Pseudomonadales_Pseudomonadaceae_Pseudomonas_BLAST,PTT92278,Proteobacteria,Gammaproteobacteria,Pseudomonadales,Pseudomonadaceae,Pseudomonas,BLAST,NA,Gammaproteobacteria,NA,NA,NA,NA,NA,NA,NA,NA,NA,Gammaproteobacteria
123464286_Proteobacteria_Gammaproteobacteria_Pseudomonadales_Pseudomonadaceae_Pseudomonas_BLAST,123464286,Proteobacteria,Gammaproteobacteria,Pseudomonadales,Pseudomonadaceae,Pseudomonas,BLAST,NA,Gammaproteobacteria,NA,NA,NA,NA,NA,NA,NA,NA,NA,Gammaproteobacteria
085707372_Proteobacteria_Gammaproteobacteria_Pseudomonadales_Pseudomonadaceae_Pseudomonas_BLAST,085707372,Proteobacteria,Gammaproteobacteria,Pseudomonadales,Pseudomonadaceae,Pseudomonas,BLAST,NA,Gammaproteobacteria,NA,NA,NA,NA,NA,NA,NA,NA,NA,Gammaproteobacteria
085639192_Unknown_Unknown_Unknown_Unknown_unclassified_BLAST,085639192,Unknown,Unknown,Unknown,Unknown,unclassified,BLAST,NA,unclassified,WP_085639192.1 MULTISPECIES: GDL motif peptide-associated radical SAM/SPASM maturase [unclassified Pseudomonas],WP_085639192.1,MULTISPECIES:,GDL,motif,peptide-associated,radical,SAM/SPASM,maturase [unclassified Pseudomonas],NA
085656441_Proteobacteria_Gammaproteobacteria_Pseudomonadales_Pseudomonadaceae_Pseudomonas_BLAST,085656441,Proteobacteria,Gammaproteobacteria,Pseudomonadales,Pseudomonadaceae,Pseudomonas,BLAST,NA,Gammaproteobacteria,NA,NA,NA,NA,NA,NA,NA,NA,NA,Gammaproteobacteria
071550659_Proteobacteria_Gammaproteobacteria_Pseudomonadales_Pseudomonadaceae_Pseudomonas_BLAST,071550659,Proteobacteria,Gammaproteobacteria,Pseudomonadales,Pseudomonadaceae,Pseudomonas,BLAST,NA,Gammaproteobacteria,NA,NA,NA,NA,NA,NA,NA,NA,NA,Gammaproteobacteria
123426062_Proteobacteria_Gammaproteobacteria_Pseudomonadales_Pseudomonadaceae_Pseudomonas_BLAST,123426062,Proteobacteria,Gammaproteobacteria,Pseudomonadales,Pseudomonadaceae,Pseudomonas,BLAST,NA,Gammaproteobacteria,NA,NA,NA,NA,NA,NA,NA,NA,NA,Gammaproteobacteria
145020125_Proteobacteria_Gammaproteobacteria_Pseudomonadales_Pseudomonadaceae_Pseudomonas_BLAST,145020125,Proteobacteria,Gammaproteobacteria,Pseudomonadales,Pseudomonadaceae,Pseudomonas,BLAST,NA,Gammaproteobacteria,NA,NA,NA,NA,NA,NA,NA,NA,NA,Gammaproteobacteria
123583584_Proteobacteria_Gammaproteobacteria_Pseudomonadales_Pseudomonadaceae_Pseudomonas_characterized,123583584,Proteobacteria,Gammaproteobacteria,Pseudomonadales,Pseudomonadaceae,Pseudomonas,characterized,NA,Gammaproteobacteria,NA,NA,NA,NA,NA,NA,NA,NA,NA,Gammaproteobacteria
103316428_Unknown_Unknown_Unknown_Unknown_unclassified_BLAST,103316428,Unknown,Unknown,Unknown,Unknown,unclassified,BLAST,NA,unclassified,WP_103316428.1 MULTISPECIES: GDL motif peptide-associated radical SAM/SPASM maturase [unclassified Pseudomonas],WP_103316428.1,MULTISPECIES:,GDL,motif,peptide-associated,radical,SAM/SPASM,maturase [unclassified Pseudomonas],NA
123494098_Proteobacteria_Gammaproteobacteria_Pseudomonadales_Pseudomonadaceae_Pseudomonas_BLAST,123494098,Proteobacteria,Gammaproteobacteria,Pseudomonadales,Pseudomonadaceae,Pseudomonas,BLAST,NA,Gammaproteobacteria,NA,NA,NA,NA,NA,NA,NA,NA,NA,Gammaproteobacteria
192342748_Proteobacteria_Gammaproteobacteria_Pseudomonadales_Pseudomonadaceae_Pseudomonas_BLAST,192342748,Proteobacteria,Gammaproteobacteria,Pseudomonadales,Pseudomonadaceae,Pseudomonas,BLAST,NA,Gammaproteobacteria,NA,NA,NA,NA,NA,NA,NA,NA,NA,Gammaproteobacteria
123360852_Proteobacteria_Gammaproteobacteria_Pseudomonadales_Pseudomonadaceae_Pseudomonas_BLAST,123360852,Proteobacteria,Gammaproteobacteria,Pseudomonadales,Pseudomonadaceae,Pseudomonas,BLAST,NA,Gammaproteobacteria,NA,NA,NA,NA,NA,NA,NA,NA,NA,Gammaproteobacteria
038982648_Proteobacteria_Gammaproteobacteria_Pseudomonadales_Pseudomonadaceae_Pseudomonas_BLAST,038982648,Proteobacteria,Gammaproteobacteria,Pseudomonadales,Pseudomonadaceae,Pseudomonas,BLAST,NA,Gammaproteobacteria,NA,NA,NA,NA,NA,NA,NA,NA,NA,Gammaproteobacteria
123722215_Proteobacteria_Gammaproteobacteria_Pseudomonadales_Pseudomonadaceae_Pseudomonas_BLAST,123722215,Proteobacteria,Gammaproteobacteria,Pseudomonadales,Pseudomonadaceae,Pseudomonas,BLAST,NA,Gammaproteobacteria,NA,NA,NA,NA,NA,NA,NA,NA,NA,Gammaproteobacteria
063343244_Proteobacteria_Gammaproteobacteria_Pseudomonadales_Pseudomonadaceae_Pseudomonas_BLAST,063343244,Proteobacteria,Gammaproteobacteria,Pseudomonadales,Pseudomonadaceae,Pseudomonas,BLAST,NA,Gammaproteobacteria,NA,NA,NA,NA,NA,NA,NA,NA,NA,Gammaproteobacteria
052966841_Proteobacteria_Gammaproteobacteria_Pseudomonadales_Pseudomonadaceae_Pseudomonas_BLAST,052966841,Proteobacteria,Gammaproteobacteria,Pseudomonadales,Pseudomonadaceae,Pseudomonas,BLAST,NA,Gammaproteobacteria,NA,NA,NA,NA,NA,NA,NA,NA,NA,Gammaproteobacteria
095055759_Proteobacteria_Gammaproteobacteria_Pseudomonadales_Pseudomonadaceae_Pseudomonas_BLAST,095055759,Proteobacteria,Gammaproteobacteria,Pseudomonadales,Pseudomonadaceae,Pseudomonas,BLAST,NA,Gammaproteobacteria,NA,NA,NA,NA,NA,NA,NA,NA,NA,Gammaproteobacteria
030130566_Proteobacteria_Gammaproteobacteria_Pseudomonadales_Pseudomonadaceae_Pseudomonas_BLAST,030130566,Proteobacteria,Gammaproteobacteria,Pseudomonadales,Pseudomonadaceae,Pseudomonas,BLAST,NA,Gammaproteobacteria,NA,NA,NA,NA,NA,NA,NA,NA,NA,Gammaproteobacteria
007906514_Proteobacteria_Gammaproteobacteria_Pseudomonadales_Pseudomonadaceae_Pseudomonas_BLAST,007906514,Proteobacteria,Gammaproteobacteria,Pseudomonadales,Pseudomonadaceae,Pseudomonas,BLAST,NA,Gammaproteobacteria,NA,NA,NA,NA,NA,NA,NA,NA,NA,Gammaproteobacteria
008012209_Proteobacteria_Gammaproteobacteria_Pseudomonadales_Pseudomonadaceae_Pseudomonas_BLAST,008012209,Proteobacteria,Gammaproteobacteria,Pseudomonadales,Pseudomonadaceae,Pseudomonas,BLAST,NA,Gammaproteobacteria,NA,NA,NA,NA,NA,NA,NA,NA,NA,Gammaproteobacteria
008070739_Proteobacteria_Gammaproteobacteria_Pseudomonadales_Pseudomonadaceae_Pseudomonas_BLAST,008070739,Proteobacteria,Gammaproteobacteria,Pseudomonadales,Pseudomonadaceae,Pseudomonas,BLAST,NA,Gammaproteobacteria,NA,NA,NA,NA,NA,NA,NA,NA,NA,Gammaproteobacteria
019582134_Proteobacteria_Gammaproteobacteria_Pseudomonadales_Pseudomonadaceae_Pseudomonas_BLAST,019582134,Proteobacteria,Gammaproteobacteria,Pseudomonadales,Pseudomonadaceae,Pseudomonas,BLAST,NA,Gammaproteobacteria,NA,NA,NA,NA,NA,NA,NA,NA,NA,Gammaproteobacteria
138867206_Unknown_Unknown_Unknown_Unknown_unclassified_BLAST,138867206,Unknown,Unknown,Unknown,Unknown,unclassified,BLAST,NA,unclassified,WP_138867206.1 MULTISPECIES: GDL motif peptide-associated radical SAM/SPASM maturase [unclassified Pseudomonas],WP_138867206.1,MULTISPECIES:,GDL,motif,peptide-associated,radical,SAM/SPASM,maturase [unclassified Pseudomonas],NA
111453796_Proteobacteria_Gammaproteobacteria_Pseudomonadales_Pseudomonadaceae_Pseudomonas_BLAST,111453796,Proteobacteria,Gammaproteobacteria,Pseudomonadales,Pseudomonadaceae,Pseudomonas,BLAST,NA,Gammaproteobacteria,NA,NA,NA,NA,NA,NA,NA,NA,NA,Gammaproteobacteria
018928080_Proteobacteria_Gammaproteobacteria_Pseudomonadales_Pseudomonadaceae_Pseudomonas_BLAST,018928080,Proteobacteria,Gammaproteobacteria,Pseudomonadales,Pseudomonadaceae,Pseudomonas,BLAST,NA,Gammaproteobacteria,NA,NA,NA,NA,NA,NA,NA,NA,NA,Gammaproteobacteria
064616995_Proteobacteria_Gammaproteobacteria_Pseudomonadales_Pseudomonadaceae_Pseudomonas_BLAST,064616995,Proteobacteria,Gammaproteobacteria,Pseudomonadales,Pseudomonadaceae,Pseudomonas,BLAST,NA,Gammaproteobacteria,NA,NA,NA,NA,NA,NA,NA,NA,NA,Gammaproteobacteria
028940397_Proteobacteria_Gammaproteobacteria_Pseudomonadales_Pseudomonadaceae_Pseudomonas_BLAST,028940397,Proteobacteria,Gammaproteobacteria,Pseudomonadales,Pseudomonadaceae,Pseudomonas,BLAST,NA,Gammaproteobacteria,NA,NA,NA,NA,NA,NA,NA,NA,NA,Gammaproteobacteria
007938112_Proteobacteria_Gammaproteobacteria_Pseudomonadales_Pseudomonadaceae_Pseudomonas_BLAST,007938112,Proteobacteria,Gammaproteobacteria,Pseudomonadales,Pseudomonadaceae,Pseudomonas,BLAST,NA,Gammaproteobacteria,NA,NA,NA,NA,NA,NA,NA,NA,NA,Gammaproteobacteria
105349067_Proteobacteria_Gammaproteobacteria_Pseudomonadales_Pseudomonadaceae_Pseudomonas_BLAST,105349067,Proteobacteria,Gammaproteobacteria,Pseudomonadales,Pseudomonadaceae,Pseudomonas,BLAST,NA,Gammaproteobacteria,NA,NA,NA,NA,NA,NA,NA,NA,NA,Gammaproteobacteria
054054573_Proteobacteria_Gammaproteobacteria_Pseudomonadales_Pseudomonadaceae_Pseudomonas_BLAST,054054573,Proteobacteria,Gammaproteobacteria,Pseudomonadales,Pseudomonadaceae,Pseudomonas,BLAST,NA,Gammaproteobacteria,NA,NA,NA,NA,NA,NA,NA,NA,NA,Gammaproteobacteria
054614196_Proteobacteria_Gammaproteobacteria_Pseudomonadales_Pseudomonadaceae_Pseudomonas_BLAST,054614196,Proteobacteria,Gammaproteobacteria,Pseudomonadales,Pseudomonadaceae,Pseudomonas,BLAST,NA,Gammaproteobacteria,NA,NA,NA,NA,NA,NA,NA,NA,NA,Gammaproteobacteria
123509027_Proteobacteria_Gammaproteobacteria_Pseudomonadales_Pseudomonadaceae_Pseudomonas_BLAST,123509027,Proteobacteria,Gammaproteobacteria,Pseudomonadales,Pseudomonadaceae,Pseudomonas,BLAST,NA,Gammaproteobacteria,NA,NA,NA,NA,NA,NA,NA,NA,NA,Gammaproteobacteria
123596898_Proteobacteria_Gammaproteobacteria_Pseudomonadales_Pseudomonadaceae_Pseudomonas_BLAST,123596898,Proteobacteria,Gammaproteobacteria,Pseudomonadales,Pseudomonadaceae,Pseudomonas,BLAST,NA,Gammaproteobacteria,NA,NA,NA,NA,NA,NA,NA,NA,NA,Gammaproteobacteria
123409744_Proteobacteria_Gammaproteobacteria_Pseudomonadales_Pseudomonadaceae_Pseudomonas_BLAST,123409744,Proteobacteria,Gammaproteobacteria,Pseudomonadales,Pseudomonadaceae,Pseudomonas,BLAST,NA,Gammaproteobacteria,NA,NA,NA,NA,NA,NA,NA,NA,NA,Gammaproteobacteria
081362153_Proteobacteria_Gammaproteobacteria_Pseudomonadales_Pseudomonadaceae_Pseudomonas_BLAST,081362153,Proteobacteria,Gammaproteobacteria,Pseudomonadales,Pseudomonadaceae,Pseudomonas,BLAST,NA,Gammaproteobacteria,NA,NA,NA,NA,NA,NA,NA,NA,NA,Gammaproteobacteria
124320136_Proteobacteria_Gammaproteobacteria_Pseudomonadales_Pseudomonadaceae_Pseudomonas_BLAST,124320136,Proteobacteria,Gammaproteobacteria,Pseudomonadales,Pseudomonadaceae,Pseudomonas,BLAST,NA,Gammaproteobacteria,NA,NA,NA,NA,NA,NA,NA,NA,NA,Gammaproteobacteria
180924997_Proteobacteria_Gammaproteobacteria_Pseudomonadales_Pseudomonadaceae_Pseudomonas_BLAST,180924997,Proteobacteria,Gammaproteobacteria,Pseudomonadales,Pseudomonadaceae,Pseudomonas,BLAST,NA,Gammaproteobacteria,NA,NA,NA,NA,NA,NA,NA,NA,NA,Gammaproteobacteria
124337962_Proteobacteria_Gammaproteobacteria_Pseudomonadales_Pseudomonadaceae_Pseudomonas_BLAST,124337962,Proteobacteria,Gammaproteobacteria,Pseudomonadales,Pseudomonadaceae,Pseudomonas,BLAST,NA,Gammaproteobacteria,NA,NA,NA,NA,NA,NA,NA,NA,NA,Gammaproteobacteria
124310779_Proteobacteria_Gammaproteobacteria_Pseudomonadales_Pseudomonadaceae_Pseudomonas_BLAST,124310779,Proteobacteria,Gammaproteobacteria,Pseudomonadales,Pseudomonadaceae,Pseudomonas,BLAST,NA,Gammaproteobacteria,NA,NA,NA,NA,NA,NA,NA,NA,NA,Gammaproteobacteria
ETD37493_Proteobacteria_Gammaproteobacteria_Pseudomonadales_Pseudomonadaceae_Pseudomonas_BLAST,ETD37493,Proteobacteria,Gammaproteobacteria,Pseudomonadales,Pseudomonadaceae,Pseudomonas,BLAST,NA,Gammaproteobacteria,NA,NA,NA,NA,NA,NA,NA,NA,NA,Gammaproteobacteria
031286339_Proteobacteria_Gammaproteobacteria_Pseudomonadales_Pseudomonadaceae_Pseudomonas_BLAST,031286339,Proteobacteria,Gammaproteobacteria,Pseudomonadales,Pseudomonadaceae,Pseudomonas,BLAST,NA,Gammaproteobacteria,NA,NA,NA,NA,NA,NA,NA,NA,NA,Gammaproteobacteria
124354767_Proteobacteria_Gammaproteobacteria_Pseudomonadales_Pseudomonadaceae_Pseudomonas_BLAST,124354767,Proteobacteria,Gammaproteobacteria,Pseudomonadales,Pseudomonadaceae,Pseudomonas,BLAST,NA,Gammaproteobacteria,NA,NA,NA,NA,NA,NA,NA,NA,NA,Gammaproteobacteria
096373656_Proteobacteria_Gammaproteobacteria_Pseudomonadales_Pseudomonadaceae_Pseudomonas_BLAST,096373656,Proteobacteria,Gammaproteobacteria,Pseudomonadales,Pseudomonadaceae,Pseudomonas,BLAST,NA,Gammaproteobacteria,NA,NA,NA,NA,NA,NA,NA,NA,NA,Gammaproteobacteria
124298944_Proteobacteria_Gammaproteobacteria_Pseudomonadales_Pseudomonadaceae_Pseudomonas_BLAST,124298944,Proteobacteria,Gammaproteobacteria,Pseudomonadales,Pseudomonadaceae,Pseudomonas,BLAST,NA,Gammaproteobacteria,NA,NA,NA,NA,NA,NA,NA,NA,NA,Gammaproteobacteria
124350372_Proteobacteria_Gammaproteobacteria_Pseudomonadales_Pseudomonadaceae_Pseudomonas_BLAST,124350372,Proteobacteria,Gammaproteobacteria,Pseudomonadales,Pseudomonadaceae,Pseudomonas,BLAST,NA,Gammaproteobacteria,NA,NA,NA,NA,NA,NA,NA,NA,NA,Gammaproteobacteria
114761908_Proteobacteria_Gammaproteobacteria_Pseudomonadales_Pseudomonadaceae_Pseudomonas_BLAST,114761908,Proteobacteria,Gammaproteobacteria,Pseudomonadales,Pseudomonadaceae,Pseudomonas,BLAST,NA,Gammaproteobacteria,NA,NA,NA,NA,NA,NA,NA,NA,NA,Gammaproteobacteria
092418567_Proteobacteria_Gammaproteobacteria_Pseudomonadales_Pseudomonadaceae_Pseudomonas_BLAST,092418567,Proteobacteria,Gammaproteobacteria,Pseudomonadales,Pseudomonadaceae,Pseudomonas,BLAST,NA,Gammaproteobacteria,NA,NA,NA,NA,NA,NA,NA,NA,NA,Gammaproteobacteria
101337377_Proteobacteria_Gammaproteobacteria_Pseudomonadales_Pseudomonadaceae_Pseudomonas_BLAST,101337377,Proteobacteria,Gammaproteobacteria,Pseudomonadales,Pseudomonadaceae,Pseudomonas,BLAST,NA,Gammaproteobacteria,NA,NA,NA,NA,NA,NA,NA,NA,NA,Gammaproteobacteria
075118992_Proteobacteria_Gammaproteobacteria_Pseudomonadales_Pseudomonadaceae_Pseudomonas_BLAST,075118992,Proteobacteria,Gammaproteobacteria,Pseudomonadales,Pseudomonadaceae,Pseudomonas,BLAST,NA,Gammaproteobacteria,NA,NA,NA,NA,NA,NA,NA,NA,NA,Gammaproteobacteria
044462347_Proteobacteria_Gammaproteobacteria_Pseudomonadales_Pseudomonadaceae_Pseudomonas_BLAST,044462347,Proteobacteria,Gammaproteobacteria,Pseudomonadales,Pseudomonadaceae,Pseudomonas,BLAST,NA,Gammaproteobacteria,NA,NA,NA,NA,NA,NA,NA,NA,NA,Gammaproteobacteria
045884278_Proteobacteria_Gammaproteobacteria_Pseudomonadales_Pseudomonadaceae_Pseudomonas_BLAST,045884278,Proteobacteria,Gammaproteobacteria,Pseudomonadales,Pseudomonadaceae,Pseudomonas,BLAST,NA,Gammaproteobacteria,NA,NA,NA,NA,NA,NA,NA,NA,NA,Gammaproteobacteria
092305211_Proteobacteria_Gammaproteobacteria_Pseudomonadales_Pseudomonadaceae_Pseudomonas_BLAST,092305211,Proteobacteria,Gammaproteobacteria,Pseudomonadales,Pseudomonadaceae,Pseudomonas,BLAST,NA,Gammaproteobacteria,NA,NA,NA,NA,NA,NA,NA,NA,NA,Gammaproteobacteria
053278297_Proteobacteria_Gammaproteobacteria_Pseudomonadales_Pseudomonadaceae_Pseudomonas_BLAST,053278297,Proteobacteria,Gammaproteobacteria,Pseudomonadales,Pseudomonadaceae,Pseudomonas,BLAST,NA,Gammaproteobacteria,NA,NA,NA,NA,NA,NA,NA,NA,NA,Gammaproteobacteria
097305319_Proteobacteria_Gammaproteobacteria_Pseudomonadales_Pseudomonadaceae_Pseudomonas_BLAST,097305319,Proteobacteria,Gammaproteobacteria,Pseudomonadales,Pseudomonadaceae,Pseudomonas,BLAST,NA,Gammaproteobacteria,NA,NA,NA,NA,NA,NA,NA,NA,NA,Gammaproteobacteria
169912926_Proteobacteria_Gammaproteobacteria_Pseudomonadales_Pseudomonadaceae_Pseudomonas_BLAST,169912926,Proteobacteria,Gammaproteobacteria,Pseudomonadales,Pseudomonadaceae,Pseudomonas,BLAST,NA,Gammaproteobacteria,NA,NA,NA,NA,NA,NA,NA,NA,NA,Gammaproteobacteria
102676549_Proteobacteria_Gammaproteobacteria_Pseudomonadales_Pseudomonadaceae_Pseudomonas_BLAST,102676549,Proteobacteria,Gammaproteobacteria,Pseudomonadales,Pseudomonadaceae,Pseudomonas,BLAST,NA,Gammaproteobacteria,NA,NA,NA,NA,NA,NA,NA,NA,NA,Gammaproteobacteria
025804124_Proteobacteria_Gammaproteobacteria_Pseudomonadales_Pseudomonadaceae_Pseudomonas_BLAST,025804124,Proteobacteria,Gammaproteobacteria,Pseudomonadales,Pseudomonadaceae,Pseudomonas,BLAST,NA,Gammaproteobacteria,NA,NA,NA,NA,NA,NA,NA,NA,NA,Gammaproteobacteria
054063270_Proteobacteria_Gammaproteobacteria_Pseudomonadales_Pseudomonadaceae_Pseudomonas_BLAST,054063270,Proteobacteria,Gammaproteobacteria,Pseudomonadales,Pseudomonadaceae,Pseudomonas,BLAST,NA,Gammaproteobacteria,NA,NA,NA,NA,NA,NA,NA,NA,NA,Gammaproteobacteria
071113521_Proteobacteria_Betaproteobacteria_Neisseriales_Chromobacteriaceae_Chromobacterium_BLAST,071113521,Proteobacteria,Betaproteobacteria,Neisseriales,Chromobacteriaceae,Chromobacterium,BLAST,NA,Betaproteobacteria,NA,NA,NA,NA,NA,NA,NA,NA,NA,Betaproteobacteria
043572039_Proteobacteria_Betaproteobacteria_Neisseriales_Chromobacteriaceae_Chromobacterium_BLAST,043572039,Proteobacteria,Betaproteobacteria,Neisseriales,Chromobacteriaceae,Chromobacterium,BLAST,NA,Betaproteobacteria,NA,NA,NA,NA,NA,NA,NA,NA,NA,Betaproteobacteria
047249736_Proteobacteria_Betaproteobacteria_Neisseriales_Chromobacteriaceae_Chromobacterium_BLAST,047249736,Proteobacteria,Betaproteobacteria,Neisseriales,Chromobacteriaceae,Chromobacterium,BLAST,NA,Betaproteobacteria,NA,NA,NA,NA,NA,NA,NA,NA,NA,Betaproteobacteria
047236229_Proteobacteria_Betaproteobacteria_Neisseriales_Chromobacteriaceae_Chromobacterium_BLAST,047236229,Proteobacteria,Betaproteobacteria,Neisseriales,Chromobacteriaceae,Chromobacterium,BLAST,NA,Betaproteobacteria,NA,NA,NA,NA,NA,NA,NA,NA,NA,Betaproteobacteria
103904351_Proteobacteria_Betaproteobacteria_Neisseriales_Chromobacteriaceae_Chromobacterium_BLAST,103904351,Proteobacteria,Betaproteobacteria,Neisseriales,Chromobacteriaceae,Chromobacterium,BLAST,NA,Betaproteobacteria,NA,NA,NA,NA,NA,NA,NA,NA,NA,Betaproteobacteria
043628614_Proteobacteria_Betaproteobacteria_Neisseriales_Chromobacteriaceae_Chromobacterium_BLAST,043628614,Proteobacteria,Betaproteobacteria,Neisseriales,Chromobacteriaceae,Chromobacterium,BLAST,NA,Betaproteobacteria,NA,NA,NA,NA,NA,NA,NA,NA,NA,Betaproteobacteria
071108553_Proteobacteria_Betaproteobacteria_Neisseriales_Chromobacteriaceae_Chromobacterium_BLAST,071108553,Proteobacteria,Betaproteobacteria,Neisseriales,Chromobacteriaceae,Chromobacterium,BLAST,NA,Betaproteobacteria,NA,NA,NA,NA,NA,NA,NA,NA,NA,Betaproteobacteria
106076446_Proteobacteria_Betaproteobacteria_Neisseriales_Chromobacteriaceae_Chromobacterium_BLAST,106076446,Proteobacteria,Betaproteobacteria,Neisseriales,Chromobacteriaceae,Chromobacterium,BLAST,NA,Betaproteobacteria,NA,NA,NA,NA,NA,NA,NA,NA,NA,Betaproteobacteria
103321630_Proteobacteria_Betaproteobacteria_Neisseriales_Chromobacteriaceae_Chromobacterium_BLAST,103321630,Proteobacteria,Betaproteobacteria,Neisseriales,Chromobacteriaceae,Chromobacterium,BLAST,NA,Betaproteobacteria,NA,NA,NA,NA,NA,NA,NA,NA,NA,Betaproteobacteria
101708484_Proteobacteria_Betaproteobacteria_Neisseriales_Chromobacteriaceae_Chromobacterium_BLAST,101708484,Proteobacteria,Betaproteobacteria,Neisseriales,Chromobacteriaceae,Chromobacterium,BLAST,NA,Betaproteobacteria,NA,NA,NA,NA,NA,NA,NA,NA,NA,Betaproteobacteria
136892637_Proteobacteria_Betaproteobacteria_Burkholderiales_Burkholderiaceae_Trinickia_BLAST,136892637,Proteobacteria,Betaproteobacteria,Burkholderiales,Burkholderiaceae,Trinickia,BLAST,NA,Betaproteobacteria,NA,NA,NA,NA,NA,NA,NA,NA,NA,Betaproteobacteria
010107499_Proteobacteria_Betaproteobacteria_Burkholderiales_Burkholderiaceae_Burkholderia_BLAST,010107499,Proteobacteria,Betaproteobacteria,Burkholderiales,Burkholderiaceae,Burkholderia,BLAST,NA,Betaproteobacteria,NA,NA,NA,NA,NA,NA,NA,NA,NA,Betaproteobacteria
010117820_Proteobacteria_Betaproteobacteria_Burkholderiales_Burkholderiaceae_Burkholderia_BLAST,010117820,Proteobacteria,Betaproteobacteria,Burkholderiales,Burkholderiaceae,Burkholderia,BLAST,NA,Betaproteobacteria,NA,NA,NA,NA,NA,NA,NA,NA,NA,Betaproteobacteria
059469845_Proteobacteria_Betaproteobacteria_Burkholderiales_Burkholderiaceae_Burkholderia_BLAST,059469845,Proteobacteria,Betaproteobacteria,Burkholderiales,Burkholderiaceae,Burkholderia,BLAST,NA,Betaproteobacteria,NA,NA,NA,NA,NA,NA,NA,NA,NA,Betaproteobacteria
059598595_Proteobacteria_Betaproteobacteria_Burkholderiales_Burkholderiaceae_Burkholderia_BLAST,059598595,Proteobacteria,Betaproteobacteria,Burkholderiales,Burkholderiaceae,Burkholderia,BLAST,NA,Betaproteobacteria,NA,NA,NA,NA,NA,NA,NA,NA,NA,Betaproteobacteria
066493186_Proteobacteria_Betaproteobacteria_Burkholderiales_Burkholderiaceae_Burkholderia_BLAST,066493186,Proteobacteria,Betaproteobacteria,Burkholderiales,Burkholderiaceae,Burkholderia,BLAST,NA,Betaproteobacteria,NA,NA,NA,NA,NA,NA,NA,NA,NA,Betaproteobacteria
066575603_Proteobacteria_Betaproteobacteria_Burkholderiales_Burkholderiaceae_Burkholderia_BLAST,066575603,Proteobacteria,Betaproteobacteria,Burkholderiales,Burkholderiaceae,Burkholderia,BLAST,NA,Betaproteobacteria,NA,NA,NA,NA,NA,NA,NA,NA,NA,Betaproteobacteria
038754696_Proteobacteria_Betaproteobacteria_Burkholderiales_Burkholderiaceae_Burkholderia_BLAST,038754696,Proteobacteria,Betaproteobacteria,Burkholderiales,Burkholderiaceae,Burkholderia,BLAST,NA,Betaproteobacteria,NA,NA,NA,NA,NA,NA,NA,NA,NA,Betaproteobacteria
102814233_Proteobacteria_Betaproteobacteria_Burkholderiales_Burkholderiaceae_Burkholderia_BLAST,102814233,Proteobacteria,Betaproteobacteria,Burkholderiales,Burkholderiaceae,Burkholderia,BLAST,NA,Betaproteobacteria,NA,NA,NA,NA,NA,NA,NA,NA,NA,Betaproteobacteria
038736094_Proteobacteria_Betaproteobacteria_Burkholderiales_Burkholderiaceae_Burkholderia_BLAST,038736094,Proteobacteria,Betaproteobacteria,Burkholderiales,Burkholderiaceae,Burkholderia,BLAST,NA,Betaproteobacteria,NA,NA,NA,NA,NA,NA,NA,NA,NA,Betaproteobacteria
050859342_Proteobacteria_Betaproteobacteria_Burkholderiales_Burkholderiaceae_Burkholderia_BLAST,050859342,Proteobacteria,Betaproteobacteria,Burkholderiales,Burkholderiaceae,Burkholderia,BLAST,NA,Betaproteobacteria,NA,NA,NA,NA,NA,NA,NA,NA,NA,Betaproteobacteria
038765981_Proteobacteria_Betaproteobacteria_Burkholderiales_Burkholderiaceae_Burkholderia_BLAST,038765981,Proteobacteria,Betaproteobacteria,Burkholderiales,Burkholderiaceae,Burkholderia,BLAST,NA,Betaproteobacteria,NA,NA,NA,NA,NA,NA,NA,NA,NA,Betaproteobacteria
076884886_Proteobacteria_Betaproteobacteria_Burkholderiales_Burkholderiaceae_Burkholderia_BLAST,076884886,Proteobacteria,Betaproteobacteria,Burkholderiales,Burkholderiaceae,Burkholderia,BLAST,NA,Betaproteobacteria,NA,NA,NA,NA,NA,NA,NA,NA,NA,Betaproteobacteria
038725294_Proteobacteria_Betaproteobacteria_Burkholderiales_Burkholderiaceae_Burkholderia_BLAST,038725294,Proteobacteria,Betaproteobacteria,Burkholderiales,Burkholderiaceae,Burkholderia,BLAST,NA,Betaproteobacteria,NA,NA,NA,NA,NA,NA,NA,NA,NA,Betaproteobacteria
122888345_Proteobacteria_Betaproteobacteria_Burkholderiales_Burkholderiaceae_Burkholderia_BLAST,122888345,Proteobacteria,Betaproteobacteria,Burkholderiales,Burkholderiaceae,Burkholderia,BLAST,NA,Betaproteobacteria,NA,NA,NA,NA,NA,NA,NA,NA,NA,Betaproteobacteria
044363047_Proteobacteria_Betaproteobacteria_Burkholderiales_Burkholderiaceae_Burkholderia_BLAST,044363047,Proteobacteria,Betaproteobacteria,Burkholderiales,Burkholderiaceae,Burkholderia,BLAST,NA,Betaproteobacteria,NA,NA,NA,NA,NA,NA,NA,NA,NA,Betaproteobacteria
EEH29242_Proteobacteria_Betaproteobacteria_Burkholderiales_Burkholderiaceae_Burkholderia_BLAST,EEH29242,Proteobacteria,Betaproteobacteria,Burkholderiales,Burkholderiaceae,Burkholderia,BLAST,NA,Betaproteobacteria,NA,NA,NA,NA,NA,NA,NA,NA,NA,Betaproteobacteria
076934204_Proteobacteria_Betaproteobacteria_Burkholderiales_Burkholderiaceae_Burkholderia_BLAST,076934204,Proteobacteria,Betaproteobacteria,Burkholderiales,Burkholderiaceae,Burkholderia,BLAST,NA,Betaproteobacteria,NA,NA,NA,NA,NA,NA,NA,NA,NA,Betaproteobacteria
044361818_Proteobacteria_Betaproteobacteria_Burkholderiales_Burkholderiaceae_Burkholderia_BLAST,044361818,Proteobacteria,Betaproteobacteria,Burkholderiales,Burkholderiaceae,Burkholderia,BLAST,NA,Betaproteobacteria,NA,NA,NA,NA,NA,NA,NA,NA,NA,Betaproteobacteria
076890038_Proteobacteria_Betaproteobacteria_Burkholderiales_Burkholderiaceae_Burkholderia_BLAST,076890038,Proteobacteria,Betaproteobacteria,Burkholderiales,Burkholderiaceae,Burkholderia,BLAST,NA,Betaproteobacteria,NA,NA,NA,NA,NA,NA,NA,NA,NA,Betaproteobacteria
122827056_Proteobacteria_Betaproteobacteria_Burkholderiales_Burkholderiaceae_Burkholderia_BLAST,122827056,Proteobacteria,Betaproteobacteria,Burkholderiales,Burkholderiaceae,Burkholderia,BLAST,NA,Betaproteobacteria,NA,NA,NA,NA,NA,NA,NA,NA,NA,Betaproteobacteria
155017842_Proteobacteria_Betaproteobacteria_Burkholderiales_Burkholderiaceae_Burkholderia_BLAST,155017842,Proteobacteria,Betaproteobacteria,Burkholderiales,Burkholderiaceae,Burkholderia,BLAST,NA,Betaproteobacteria,NA,NA,NA,NA,NA,NA,NA,NA,NA,Betaproteobacteria
085513884_Proteobacteria_Betaproteobacteria_Burkholderiales_Burkholderiaceae_Burkholderia_BLAST,085513884,Proteobacteria,Betaproteobacteria,Burkholderiales,Burkholderiaceae,Burkholderia,BLAST,NA,Betaproteobacteria,NA,NA,NA,NA,NA,NA,NA,NA,NA,Betaproteobacteria
120733745_Proteobacteria_Betaproteobacteria_Burkholderiales_Burkholderiaceae_Burkholderia_BLAST,120733745,Proteobacteria,Betaproteobacteria,Burkholderiales,Burkholderiaceae,Burkholderia,BLAST,NA,Betaproteobacteria,NA,NA,NA,NA,NA,NA,NA,NA,NA,Betaproteobacteria
076899379_Proteobacteria_Betaproteobacteria_Burkholderiales_Burkholderiaceae_Burkholderia_BLAST,076899379,Proteobacteria,Betaproteobacteria,Burkholderiales,Burkholderiaceae,Burkholderia,BLAST,NA,Betaproteobacteria,NA,NA,NA,NA,NA,NA,NA,NA,NA,Betaproteobacteria
076880699_Proteobacteria_Betaproteobacteria_Burkholderiales_Burkholderiaceae_Burkholderia_BLAST,076880699,Proteobacteria,Betaproteobacteria,Burkholderiales,Burkholderiaceae,Burkholderia,BLAST,NA,Betaproteobacteria,NA,NA,NA,NA,NA,NA,NA,NA,NA,Betaproteobacteria
038739675_Proteobacteria_Betaproteobacteria_Burkholderiales_Burkholderiaceae_Burkholderia_BLAST,038739675,Proteobacteria,Betaproteobacteria,Burkholderiales,Burkholderiaceae,Burkholderia,BLAST,NA,Betaproteobacteria,NA,NA,NA,NA,NA,NA,NA,NA,NA,Betaproteobacteria
041189479_Proteobacteria_Betaproteobacteria_Burkholderiales_Burkholderiaceae_Burkholderia_BLAST,041189479,Proteobacteria,Betaproteobacteria,Burkholderiales,Burkholderiaceae,Burkholderia,BLAST,NA,Betaproteobacteria,NA,NA,NA,NA,NA,NA,NA,NA,NA,Betaproteobacteria
076904895_Proteobacteria_Betaproteobacteria_Burkholderiales_Burkholderiaceae_Burkholderia_BLAST,076904895,Proteobacteria,Betaproteobacteria,Burkholderiales,Burkholderiaceae,Burkholderia,BLAST,NA,Betaproteobacteria,NA,NA,NA,NA,NA,NA,NA,NA,NA,Betaproteobacteria
038762914_Proteobacteria_Betaproteobacteria_Burkholderiales_Burkholderiaceae_Burkholderia_BLAST,038762914,Proteobacteria,Betaproteobacteria,Burkholderiales,Burkholderiaceae,Burkholderia,BLAST,NA,Betaproteobacteria,NA,NA,NA,NA,NA,NA,NA,NA,NA,Betaproteobacteria
171466361_Proteobacteria_Betaproteobacteria_Burkholderiales_Burkholderiaceae_Burkholderia_BLAST,171466361,Proteobacteria,Betaproteobacteria,Burkholderiales,Burkholderiaceae,Burkholderia,BLAST,NA,Betaproteobacteria,NA,NA,NA,NA,NA,NA,NA,NA,NA,Betaproteobacteria
009894165_Proteobacteria_Betaproteobacteria_Burkholderiales_Burkholderiaceae_Burkholderia_characterized,009894165,Proteobacteria,Betaproteobacteria,Burkholderiales,Burkholderiaceae,Burkholderia,characterized,NA,Betaproteobacteria,NA,NA,NA,NA,NA,NA,NA,NA,NA,Betaproteobacteria
009901407_Proteobacteria_Betaproteobacteria_Burkholderiales_Burkholderiaceae_Burkholderia_BLAST,009901407,Proteobacteria,Betaproteobacteria,Burkholderiales,Burkholderiaceae,Burkholderia,BLAST,NA,Betaproteobacteria,NA,NA,NA,NA,NA,NA,NA,NA,NA,Betaproteobacteria
019255394_Proteobacteria_Betaproteobacteria_Burkholderiales_Burkholderiaceae_Burkholderia_BLAST,019255394,Proteobacteria,Betaproteobacteria,Burkholderiales,Burkholderiaceae,Burkholderia,BLAST,NA,Betaproteobacteria,NA,NA,NA,NA,NA,NA,NA,NA,NA,Betaproteobacteria
006029086_Proteobacteria_Betaproteobacteria_Burkholderiales_Burkholderiaceae_Burkholderia_BLAST,006029086,Proteobacteria,Betaproteobacteria,Burkholderiales,Burkholderiaceae,Burkholderia,BLAST,NA,Betaproteobacteria,NA,NA,NA,NA,NA,NA,NA,NA,NA,Betaproteobacteria
063534465_Proteobacteria_Betaproteobacteria_Burkholderiales_Burkholderiaceae_Burkholderia_BLAST,063534465,Proteobacteria,Betaproteobacteria,Burkholderiales,Burkholderiaceae,Burkholderia,BLAST,NA,Betaproteobacteria,NA,NA,NA,NA,NA,NA,NA,NA,NA,Betaproteobacteria
171928634_Proteobacteria_Betaproteobacteria_Burkholderiales_Burkholderiaceae_Paraburkholderia_BLAST,171928634,Proteobacteria,Betaproteobacteria,Burkholderiales,Burkholderiaceae,Paraburkholderia,BLAST,NA,Betaproteobacteria,NA,NA,NA,NA,NA,NA,NA,NA,NA,Betaproteobacteria
105511553_Proteobacteria_Betaproteobacteria_Burkholderiales_Burkholderiaceae_Paraburkholderia_BLAST,105511553,Proteobacteria,Betaproteobacteria,Burkholderiales,Burkholderiaceae,Paraburkholderia,BLAST,NA,Betaproteobacteria,NA,NA,NA,NA,NA,NA,NA,NA,NA,Betaproteobacteria
ASL46315_Proteobacteria_Betaproteobacteria_Burkholderiales_Burkholderiaceae_Burkholderia_BLAST,ASL46315,Proteobacteria,Betaproteobacteria,Burkholderiales,Burkholderiaceae,Burkholderia,BLAST,NA,Betaproteobacteria,NA,NA,NA,NA,NA,NA,NA,NA,NA,Betaproteobacteria
111934302_Proteobacteria_Betaproteobacteria_Burkholderiales_Burkholderiaceae_Paraburkholderia_BLAST,111934302,Proteobacteria,Betaproteobacteria,Burkholderiales,Burkholderiaceae,Paraburkholderia,BLAST,NA,Betaproteobacteria,NA,NA,NA,NA,NA,NA,NA,NA,NA,Betaproteobacteria
035555099_Unknown_Unknown_Unknown_Unknown_Burkholderiaceae_BLAST,035555099,Unknown,Unknown,Unknown,Unknown,Burkholderiaceae,BLAST,NA,Burkholderiaceae,NA,NA,NA,NA,NA,NA,NA,NA,NA,Burkholderiaceae
179710545_Proteobacteria_Betaproteobacteria_Burkholderiales_Burkholderiaceae_Paraburkholderia_BLAST,179710545,Proteobacteria,Betaproteobacteria,Burkholderiales,Burkholderiaceae,Paraburkholderia,BLAST,NA,Betaproteobacteria,NA,NA,NA,NA,NA,NA,NA,NA,NA,Betaproteobacteria
179746162_Proteobacteria_Betaproteobacteria_Burkholderiales_Burkholderiaceae_Paraburkholderia_BLAST,179746162,Proteobacteria,Betaproteobacteria,Burkholderiales,Burkholderiaceae,Paraburkholderia,BLAST,NA,Betaproteobacteria,NA,NA,NA,NA,NA,NA,NA,NA,NA,Betaproteobacteria
124452740_Proteobacteria_Betaproteobacteria_Burkholderiales_Burkholderiaceae_Burkholderia_BLAST,124452740,Proteobacteria,Betaproteobacteria,Burkholderiales,Burkholderiaceae,Burkholderia,BLAST,NA,Betaproteobacteria,NA,NA,NA,NA,NA,NA,NA,NA,NA,Betaproteobacteria
039321274_Proteobacteria_Betaproteobacteria_Burkholderiales_Burkholderiaceae_Burkholderia_BLAST,039321274,Proteobacteria,Betaproteobacteria,Burkholderiales,Burkholderiaceae,Burkholderia,BLAST,NA,Betaproteobacteria,NA,NA,NA,NA,NA,NA,NA,NA,NA,Betaproteobacteria
006759583_Proteobacteria_Betaproteobacteria_Burkholderiales_Burkholderiaceae_Burkholderia_BLAST,006759583,Proteobacteria,Betaproteobacteria,Burkholderiales,Burkholderiaceae,Burkholderia,BLAST,NA,Betaproteobacteria,NA,NA,NA,NA,NA,NA,NA,NA,NA,Betaproteobacteria
175764049_Proteobacteria_Betaproteobacteria_Burkholderiales_Burkholderiaceae_Burkholderia_BLAST,175764049,Proteobacteria,Betaproteobacteria,Burkholderiales,Burkholderiaceae,Burkholderia,BLAST,NA,Betaproteobacteria,NA,NA,NA,NA,NA,NA,NA,NA,NA,Betaproteobacteria
006753568_Proteobacteria_Betaproteobacteria_Burkholderiales_Burkholderiaceae_Burkholderia_BLAST,006753568,Proteobacteria,Betaproteobacteria,Burkholderiales,Burkholderiaceae,Burkholderia,BLAST,NA,Betaproteobacteria,NA,NA,NA,NA,NA,NA,NA,NA,NA,Betaproteobacteria
175672999_Proteobacteria_Betaproteobacteria_Burkholderiales_Burkholderiaceae_Burkholderia_BLAST,175672999,Proteobacteria,Betaproteobacteria,Burkholderiales,Burkholderiaceae,Burkholderia,BLAST,NA,Betaproteobacteria,NA,NA,NA,NA,NA,NA,NA,NA,NA,Betaproteobacteria
175675855_Proteobacteria_Betaproteobacteria_Burkholderiales_Burkholderiaceae_Burkholderia_BLAST,175675855,Proteobacteria,Betaproteobacteria,Burkholderiales,Burkholderiaceae,Burkholderia,BLAST,NA,Betaproteobacteria,NA,NA,NA,NA,NA,NA,NA,NA,NA,Betaproteobacteria
012371946_Proteobacteria_Betaproteobacteria_Burkholderiales_Burkholderiaceae_Burkholderia_BLAST,012371946,Proteobacteria,Betaproteobacteria,Burkholderiales,Burkholderiaceae,Burkholderia,BLAST,NA,Betaproteobacteria,NA,NA,NA,NA,NA,NA,NA,NA,NA,Betaproteobacteria
175756731_Proteobacteria_Betaproteobacteria_Burkholderiales_Burkholderiaceae_Burkholderia_BLAST,175756731,Proteobacteria,Betaproteobacteria,Burkholderiales,Burkholderiaceae,Burkholderia,BLAST,NA,Betaproteobacteria,NA,NA,NA,NA,NA,NA,NA,NA,NA,Betaproteobacteria
175708327_Proteobacteria_Betaproteobacteria_Burkholderiales_Burkholderiaceae_Burkholderia_BLAST,175708327,Proteobacteria,Betaproteobacteria,Burkholderiales,Burkholderiaceae,Burkholderia,BLAST,NA,Betaproteobacteria,NA,NA,NA,NA,NA,NA,NA,NA,NA,Betaproteobacteria
165754083_Proteobacteria_Betaproteobacteria_Burkholderiales_Burkholderiaceae_Burkholderia_BLAST,165754083,Proteobacteria,Betaproteobacteria,Burkholderiales,Burkholderiaceae,Burkholderia,BLAST,NA,Betaproteobacteria,NA,NA,NA,NA,NA,NA,NA,NA,NA,Betaproteobacteria
124499070_Unknown_Unknown_Unknown_Unknown_unclassified_BLAST,124499070,Unknown,Unknown,Unknown,Unknown,unclassified,BLAST,NA,unclassified,WP_124499070.1 MULTISPECIES: GDL motif peptide-associated radical SAM/SPASM maturase [unclassified Burkholderia],WP_124499070.1,MULTISPECIES:,GDL,motif,peptide-associated,radical,SAM/SPASM,maturase [unclassified Burkholderia],NA
124665197_Proteobacteria_Betaproteobacteria_Burkholderiales_Burkholderiaceae_Burkholderia_BLAST,124665197,Proteobacteria,Betaproteobacteria,Burkholderiales,Burkholderiaceae,Burkholderia,BLAST,NA,Betaproteobacteria,NA,NA,NA,NA,NA,NA,NA,NA,NA,Betaproteobacteria
124611908_Proteobacteria_Betaproteobacteria_Burkholderiales_Burkholderiaceae_Burkholderia_BLAST,124611908,Proteobacteria,Betaproteobacteria,Burkholderiales,Burkholderiaceae,Burkholderia,BLAST,NA,Betaproteobacteria,NA,NA,NA,NA,NA,NA,NA,NA,NA,Betaproteobacteria
059595941_Proteobacteria_Betaproteobacteria_Burkholderiales_Burkholderiaceae_Burkholderia_BLAST,059595941,Proteobacteria,Betaproteobacteria,Burkholderiales,Burkholderiaceae,Burkholderia,BLAST,NA,Betaproteobacteria,NA,NA,NA,NA,NA,NA,NA,NA,NA,Betaproteobacteria
059651490_Proteobacteria_Betaproteobacteria_Burkholderiales_Burkholderiaceae_Burkholderia_BLAST,059651490,Proteobacteria,Betaproteobacteria,Burkholderiales,Burkholderiaceae,Burkholderia,BLAST,NA,Betaproteobacteria,NA,NA,NA,NA,NA,NA,NA,NA,NA,Betaproteobacteria
059749222_Proteobacteria_Betaproteobacteria_Burkholderiales_Burkholderiaceae_Burkholderia_BLAST,059749222,Proteobacteria,Betaproteobacteria,Burkholderiales,Burkholderiaceae,Burkholderia,BLAST,NA,Betaproteobacteria,NA,NA,NA,NA,NA,NA,NA,NA,NA,Betaproteobacteria
060136801_Proteobacteria_Betaproteobacteria_Burkholderiales_Burkholderiaceae_Burkholderia_BLAST,060136801,Proteobacteria,Betaproteobacteria,Burkholderiales,Burkholderiaceae,Burkholderia,BLAST,NA,Betaproteobacteria,NA,NA,NA,NA,NA,NA,NA,NA,NA,Betaproteobacteria
076479796_Proteobacteria_Betaproteobacteria_Burkholderiales_Burkholderiaceae_Burkholderia_BLAST,076479796,Proteobacteria,Betaproteobacteria,Burkholderiales,Burkholderiaceae,Burkholderia,BLAST,NA,Betaproteobacteria,NA,NA,NA,NA,NA,NA,NA,NA,NA,Betaproteobacteria
116135253_Proteobacteria_Betaproteobacteria_Burkholderiales_Burkholderiaceae_Paraburkholderia_BLAST,116135253,Proteobacteria,Betaproteobacteria,Burkholderiales,Burkholderiaceae,Paraburkholderia,BLAST,NA,Betaproteobacteria,NA,NA,NA,NA,NA,NA,NA,NA,NA,Betaproteobacteria
CCA86491_Proteobacteria_Betaproteobacteria_Burkholderiales_Burkholderiaceae_Ralstonia_BLAST,CCA86491,Proteobacteria,Betaproteobacteria,Burkholderiales,Burkholderiaceae,Ralstonia,BLAST,NA,Betaproteobacteria,NA,NA,NA,NA,NA,NA,NA,NA,NA,Betaproteobacteria
075464144_Proteobacteria_Betaproteobacteria_Burkholderiales_Burkholderiaceae_Ralstonia_BLAST,075464144,Proteobacteria,Betaproteobacteria,Burkholderiales,Burkholderiaceae,Ralstonia,BLAST,NA,Betaproteobacteria,NA,NA,NA,NA,NA,NA,NA,NA,NA,Betaproteobacteria
013212440_Proteobacteria_Betaproteobacteria_Burkholderiales_Burkholderiaceae_Ralstonia_BLAST,013212440,Proteobacteria,Betaproteobacteria,Burkholderiales,Burkholderiaceae,Ralstonia,BLAST,NA,Betaproteobacteria,NA,NA,NA,NA,NA,NA,NA,NA,NA,Betaproteobacteria
118883125_Proteobacteria_Betaproteobacteria_Burkholderiales_Burkholderiaceae_Ralstonia_BLAST,118883125,Proteobacteria,Betaproteobacteria,Burkholderiales,Burkholderiaceae,Ralstonia,BLAST,NA,Betaproteobacteria,NA,NA,NA,NA,NA,NA,NA,NA,NA,Betaproteobacteria
124982977_Proteobacteria_Betaproteobacteria_Burkholderiales_Burkholderiaceae_Ralstonia_BLAST,124982977,Proteobacteria,Betaproteobacteria,Burkholderiales,Burkholderiaceae,Ralstonia,BLAST,NA,Betaproteobacteria,NA,NA,NA,NA,NA,NA,NA,NA,NA,Betaproteobacteria
055325719_Proteobacteria_Betaproteobacteria_Burkholderiales_Burkholderiaceae_Ralstonia_BLAST,055325719,Proteobacteria,Betaproteobacteria,Burkholderiales,Burkholderiaceae,Ralstonia,BLAST,NA,Betaproteobacteria,NA,NA,NA,NA,NA,NA,NA,NA,NA,Betaproteobacteria
014616985_Proteobacteria_Betaproteobacteria_Burkholderiales_Burkholderiaceae_Ralstonia_BLAST,014616985,Proteobacteria,Betaproteobacteria,Burkholderiales,Burkholderiaceae,Ralstonia,BLAST,NA,Betaproteobacteria,NA,NA,NA,NA,NA,NA,NA,NA,NA,Betaproteobacteria
003267827_Proteobacteria_Betaproteobacteria_Burkholderiales_Burkholderiaceae_Ralstonia_BLAST,003267827,Proteobacteria,Betaproteobacteria,Burkholderiales,Burkholderiaceae,Ralstonia,BLAST,NA,Betaproteobacteria,NA,NA,NA,NA,NA,NA,NA,NA,NA,Betaproteobacteria
119446631_Proteobacteria_Betaproteobacteria_Burkholderiales_Burkholderiaceae_Ralstonia_BLAST,119446631,Proteobacteria,Betaproteobacteria,Burkholderiales,Burkholderiaceae,Ralstonia,BLAST,NA,Betaproteobacteria,NA,NA,NA,NA,NA,NA,NA,NA,NA,Betaproteobacteria
075455563_Proteobacteria_Betaproteobacteria_Burkholderiales_Burkholderiaceae_Ralstonia_BLAST,075455563,Proteobacteria,Betaproteobacteria,Burkholderiales,Burkholderiaceae,Ralstonia,BLAST,NA,Betaproteobacteria,NA,NA,NA,NA,NA,NA,NA,NA,NA,Betaproteobacteria
184849990_Proteobacteria_Betaproteobacteria_Burkholderiales_Burkholderiaceae_Ralstonia_BLAST,184849990,Proteobacteria,Betaproteobacteria,Burkholderiales,Burkholderiaceae,Ralstonia,BLAST,NA,Betaproteobacteria,NA,NA,NA,NA,NA,NA,NA,NA,NA,Betaproteobacteria
042550112_Proteobacteria_Betaproteobacteria_Burkholderiales_Burkholderiaceae_Ralstonia_BLAST,042550112,Proteobacteria,Betaproteobacteria,Burkholderiales,Burkholderiaceae,Ralstonia,BLAST,NA,Betaproteobacteria,NA,NA,NA,NA,NA,NA,NA,NA,NA,Betaproteobacteria
049279483_Proteobacteria_Betaproteobacteria_Burkholderiales_Burkholderiaceae_Ralstonia_BLAST,049279483,Proteobacteria,Betaproteobacteria,Burkholderiales,Burkholderiaceae,Ralstonia,BLAST,NA,Betaproteobacteria,NA,NA,NA,NA,NA,NA,NA,NA,NA,Betaproteobacteria
049279555_Proteobacteria_Betaproteobacteria_Burkholderiales_Burkholderiaceae_Ralstonia_BLAST,049279555,Proteobacteria,Betaproteobacteria,Burkholderiales,Burkholderiaceae,Ralstonia,BLAST,NA,Betaproteobacteria,NA,NA,NA,NA,NA,NA,NA,NA,NA,Betaproteobacteria
013205939_Proteobacteria_Betaproteobacteria_Burkholderiales_Burkholderiaceae_Ralstonia_BLAST,013205939,Proteobacteria,Betaproteobacteria,Burkholderiales,Burkholderiaceae,Ralstonia,BLAST,NA,Betaproteobacteria,NA,NA,NA,NA,NA,NA,NA,NA,NA,Betaproteobacteria
120453575_Proteobacteria_Betaproteobacteria_Burkholderiales_Burkholderiaceae_Ralstonia_BLAST,120453575,Proteobacteria,Betaproteobacteria,Burkholderiales,Burkholderiaceae,Ralstonia,BLAST,NA,Betaproteobacteria,NA,NA,NA,NA,NA,NA,NA,NA,NA,Betaproteobacteria
011001666_Proteobacteria_Betaproteobacteria_Burkholderiales_Burkholderiaceae_Ralstonia_PFAM,011001666,Proteobacteria,Betaproteobacteria,Burkholderiales,Burkholderiaceae,Ralstonia,PFAM,NA,Betaproteobacteria,NA,NA,NA,NA,NA,NA,NA,NA,NA,Betaproteobacteria
064477837_Proteobacteria_Betaproteobacteria_Burkholderiales_Burkholderiaceae_Ralstonia_BLAST,064477837,Proteobacteria,Betaproteobacteria,Burkholderiales,Burkholderiaceae,Ralstonia,BLAST,NA,Betaproteobacteria,NA,NA,NA,NA,NA,NA,NA,NA,NA,Betaproteobacteria
020832075_Proteobacteria_Betaproteobacteria_Burkholderiales_Burkholderiaceae_Ralstonia_BLAST,020832075,Proteobacteria,Betaproteobacteria,Burkholderiales,Burkholderiaceae,Ralstonia,BLAST,NA,Betaproteobacteria,NA,NA,NA,NA,NA,NA,NA,NA,NA,Betaproteobacteria
165591365_Proteobacteria_Betaproteobacteria_Burkholderiales_Burkholderiaceae_Ralstonia_BLAST,165591365,Proteobacteria,Betaproteobacteria,Burkholderiales,Burkholderiaceae,Ralstonia,BLAST,NA,Betaproteobacteria,NA,NA,NA,NA,NA,NA,NA,NA,NA,Betaproteobacteria
071015124_Proteobacteria_Betaproteobacteria_Burkholderiales_Burkholderiaceae_Ralstonia_BLAST,071015124,Proteobacteria,Betaproteobacteria,Burkholderiales,Burkholderiaceae,Ralstonia,BLAST,NA,Betaproteobacteria,NA,NA,NA,NA,NA,NA,NA,NA,NA,Betaproteobacteria
104070575_Proteobacteria_Betaproteobacteria_Burkholderiales_Burkholderiaceae_Ralstonia_BLAST,104070575,Proteobacteria,Betaproteobacteria,Burkholderiales,Burkholderiaceae,Ralstonia,BLAST,NA,Betaproteobacteria,NA,NA,NA,NA,NA,NA,NA,NA,NA,Betaproteobacteria
064049397_Proteobacteria_Betaproteobacteria_Burkholderiales_Burkholderiaceae_Ralstonia_BLAST,064049397,Proteobacteria,Betaproteobacteria,Burkholderiales,Burkholderiaceae,Ralstonia,BLAST,NA,Betaproteobacteria,NA,NA,NA,NA,NA,NA,NA,NA,NA,Betaproteobacteria
020748530_Proteobacteria_Betaproteobacteria_Burkholderiales_Burkholderiaceae_Ralstonia_BLAST,020748530,Proteobacteria,Betaproteobacteria,Burkholderiales,Burkholderiaceae,Ralstonia,BLAST,NA,Betaproteobacteria,NA,NA,NA,NA,NA,NA,NA,NA,NA,Betaproteobacteria
193025454_Proteobacteria_Betaproteobacteria_Burkholderiales_Burkholderiaceae_Ralstonia_BLAST,193025454,Proteobacteria,Betaproteobacteria,Burkholderiales,Burkholderiaceae,Ralstonia,BLAST,NA,Betaproteobacteria,NA,NA,NA,NA,NA,NA,NA,NA,NA,Betaproteobacteria
193034507_Proteobacteria_Betaproteobacteria_Burkholderiales_Burkholderiaceae_Ralstonia_BLAST,193034507,Proteobacteria,Betaproteobacteria,Burkholderiales,Burkholderiaceae,Ralstonia,BLAST,NA,Betaproteobacteria,NA,NA,NA,NA,NA,NA,NA,NA,NA,Betaproteobacteria
088241117_Cyanobacteria_Unknown_Nostocales_Rivulariaceae_Calothrix_BLAST,088241117,Cyanobacteria,Unknown,Nostocales,Rivulariaceae,Calothrix,BLAST,NA,Cyanobacteria,NA,NA,NA,NA,NA,NA,NA,NA,NA,Cyanobacteria
186923420_Proteobacteria_Betaproteobacteria_Burkholderiales_Oxalobacteraceae_Undibacterium_BLAST,186923420,Proteobacteria,Betaproteobacteria,Burkholderiales,Oxalobacteraceae,Undibacterium,BLAST,NA,Betaproteobacteria,NA,NA,NA,NA,NA,NA,NA,NA,NA,Betaproteobacteria
110256024_Proteobacteria_Betaproteobacteria_Burkholderiales_Oxalobacteraceae_Undibacterium_BLAST,110256024,Proteobacteria,Betaproteobacteria,Burkholderiales,Oxalobacteraceae,Undibacterium,BLAST,NA,Betaproteobacteria,NA,NA,NA,NA,NA,NA,NA,NA,NA,Betaproteobacteria
BBB62971_Proteobacteria_Betaproteobacteria_Burkholderiales_Oxalobacteraceae_Undibacterium_BLAST,BBB62971,Proteobacteria,Betaproteobacteria,Burkholderiales,Oxalobacteraceae,Undibacterium,BLAST,NA,Betaproteobacteria,NA,NA,NA,NA,NA,NA,NA,NA,NA,Betaproteobacteria
162060725_Proteobacteria_Betaproteobacteria_Burkholderiales_Oxalobacteraceae_Undibacterium_BLAST,162060725,Proteobacteria,Betaproteobacteria,Burkholderiales,Oxalobacteraceae,Undibacterium,BLAST,NA,Betaproteobacteria,NA,NA,NA,NA,NA,NA,NA,NA,NA,Betaproteobacteria
BBB68918_Proteobacteria_Betaproteobacteria_Burkholderiales_Oxalobacteraceae_Undibacterium_BLAST,BBB68918,Proteobacteria,Betaproteobacteria,Burkholderiales,Oxalobacteraceae,Undibacterium,BLAST,NA,Betaproteobacteria,NA,NA,NA,NA,NA,NA,NA,NA,NA,Betaproteobacteria
162043268_Proteobacteria_Betaproteobacteria_Burkholderiales_Oxalobacteraceae_Undibacterium_BLAST,162043268,Proteobacteria,Betaproteobacteria,Burkholderiales,Oxalobacteraceae,Undibacterium,BLAST,NA,Betaproteobacteria,NA,NA,NA,NA,NA,NA,NA,NA,NA,Betaproteobacteria
