fixselect,tax_1,tax_2,tax_3,tax_4,tax_5,tax_6,tax_7,tax_8,tax_bar,names(parsr),nam_1,nam_2,nam_3,nam_4,nam_5,nam_6,nam_7,nam_8,tax_fill
PYQ26385_Unknown_Unknown_Unknown_Unknown_Acidobacteria_BLAST,PYQ26385,Unknown,Unknown,Unknown,Unknown,Acidobacteria,BLAST,NA,Acidobacteria,NA,NA,NA,NA,NA,NA,NA,NA,NA,Acidobacteria
PYS94512_Unknown_Unknown_Unknown_Unknown_Acidobacteria_BLAST,PYS94512,Unknown,Unknown,Unknown,Unknown,Acidobacteria,BLAST,NA,Acidobacteria,NA,NA,NA,NA,NA,NA,NA,NA,NA,Acidobacteria
ADV84348_Acidobacteria_Acidobacteriia_Acidobacteriales_Acidobacteriaceae_Terriglobus_BLAST,ADV84348,Acidobacteria,Acidobacteriia,Acidobacteriales,Acidobacteriaceae,Terriglobus,BLAST,NA,Acidobacteria,NA,NA,NA,NA,NA,NA,NA,NA,NA,Acidobacteria
144312478_Acidobacteria_Acidobacteriia_Acidobacteriales_Acidobacteriaceae_Terriglobus_BLAST,144312478,Acidobacteria,Acidobacteriia,Acidobacteriales,Acidobacteriaceae,Terriglobus,BLAST,NA,Acidobacteria,NA,NA,NA,NA,NA,NA,NA,NA,NA,Acidobacteria
043629091_Actinobacteria_Actinobacteria_Streptosporangiales_Streptosporangiaceae_Nonomuraea_BLAST,43629091,Actinobacteria,Actinobacteria,Streptosporangiales,Streptosporangiaceae,Nonomuraea,BLAST,NA,Actinobacteria,NA,NA,NA,NA,NA,NA,NA,NA,NA,Actinobacteria
158989110_Actinobacteria_Actinobacteria_Streptomycetales_Streptomycetaceae_Streptomyces_BLAST,158989110,Actinobacteria,Actinobacteria,Streptomycetales,Streptomycetaceae,Streptomyces,BLAST,NA,Actinobacteria,NA,NA,NA,NA,NA,NA,NA,NA,NA,Actinobacteria
189600804_Actinobacteria_Actinobacteria_Streptomycetales_Streptomycetaceae_Streptomyces_BLAST,189600804,Actinobacteria,Actinobacteria,Streptomycetales,Streptomycetaceae,Streptomyces,BLAST,NA,Actinobacteria,NA,NA,NA,NA,NA,NA,NA,NA,NA,Actinobacteria
167744829_Actinobacteria_Actinobacteria_Streptomycetales_Streptomycetaceae_Streptomyces_BLAST,167744829,Actinobacteria,Actinobacteria,Streptomycetales,Streptomycetaceae,Streptomyces,BLAST,NA,Actinobacteria,NA,NA,NA,NA,NA,NA,NA,NA,NA,Actinobacteria
020539729_Actinobacteria_Actinobacteria_Streptosporangiales_Streptosporangiaceae_Nonomuraea_BLAST,20539729,Actinobacteria,Actinobacteria,Streptosporangiales,Streptosporangiaceae,Nonomuraea,BLAST,NA,Actinobacteria,NA,NA,NA,NA,NA,NA,NA,NA,NA,Actinobacteria
050043969_Proteobacteria_Alphaproteobacteria_Rhizobiales_Bradyrhizobiaceae_Bradyrhizobium_BLAST,50043969,Proteobacteria,Alphaproteobacteria,Rhizobiales,Bradyrhizobiaceae,Bradyrhizobium,BLAST,NA,Alphaproteobacteria,NA,NA,NA,NA,NA,NA,NA,NA,NA,Alphaproteobacteria
052832950_Proteobacteria_Alphaproteobacteria_Rhizobiales_Bradyrhizobiaceae_Bradyrhizobium_BLAST,52832950,Proteobacteria,Alphaproteobacteria,Rhizobiales,Bradyrhizobiaceae,Bradyrhizobium,BLAST,NA,Alphaproteobacteria,NA,NA,NA,NA,NA,NA,NA,NA,NA,Alphaproteobacteria
062765523_Proteobacteria_Alphaproteobacteria_Rhodospirillales_Rhodospirillaceae_Tistrella_BLAST,62765523,Proteobacteria,Alphaproteobacteria,Rhodospirillales,Rhodospirillaceae,Tistrella,BLAST,NA,Alphaproteobacteria,NA,NA,NA,NA,NA,NA,NA,NA,NA,Alphaproteobacteria
014744829_Proteobacteria_Alphaproteobacteria_Rhodospirillales_Rhodospirillaceae_Tistrella_PFAM,14744829,Proteobacteria,Alphaproteobacteria,Rhodospirillales,Rhodospirillaceae,Tistrella,PFAM,NA,Alphaproteobacteria,NA,NA,NA,NA,NA,NA,NA,NA,NA,Alphaproteobacteria
173012739_Proteobacteria_Alphaproteobacteria_Rhodospirillales_Rhodospirillaceae_Niveispirillum_BLAST,173012739,Proteobacteria,Alphaproteobacteria,Rhodospirillales,Rhodospirillaceae,Niveispirillum,BLAST,NA,Alphaproteobacteria,NA,NA,NA,NA,NA,NA,NA,NA,NA,Alphaproteobacteria
158809836_Proteobacteria_Alphaproteobacteria_Rhizobiales_Beijerinckiaceae_Beijerinckia_BLAST,158809836,Proteobacteria,Alphaproteobacteria,Rhizobiales,Beijerinckiaceae,Beijerinckia,BLAST,NA,Alphaproteobacteria,NA,NA,NA,NA,NA,NA,NA,NA,NA,Alphaproteobacteria
116489530_Proteobacteria_Alphaproteobacteria_Caulobacterales_Caulobacteraceae_Caulobacter_BLAST,116489530,Proteobacteria,Alphaproteobacteria,Caulobacterales,Caulobacteraceae,Caulobacter,BLAST,NA,Alphaproteobacteria,NA,NA,NA,NA,NA,NA,NA,NA,NA,Alphaproteobacteria
109455006_Proteobacteria_Alphaproteobacteria_Caulobacterales_Caulobacteraceae_Caulobacter_BLAST,109455006,Proteobacteria,Alphaproteobacteria,Caulobacterales,Caulobacteraceae,Caulobacter,BLAST,NA,Alphaproteobacteria,NA,NA,NA,NA,NA,NA,NA,NA,NA,Alphaproteobacteria
KSB89825_Proteobacteria_Alphaproteobacteria_Caulobacterales_Caulobacteraceae_Caulobacter_BLAST,KSB89825,Proteobacteria,Alphaproteobacteria,Caulobacterales,Caulobacteraceae,Caulobacter,BLAST,NA,Alphaproteobacteria,NA,NA,NA,NA,NA,NA,NA,NA,NA,Alphaproteobacteria
082656635_Proteobacteria_Alphaproteobacteria_Caulobacterales_Caulobacteraceae_Caulobacter_BLAST,82656635,Proteobacteria,Alphaproteobacteria,Caulobacterales,Caulobacteraceae,Caulobacter,BLAST,NA,Alphaproteobacteria,NA,NA,NA,NA,NA,NA,NA,NA,NA,Alphaproteobacteria
116564713_Proteobacteria_Alphaproteobacteria_Caulobacterales_Caulobacteraceae_Caulobacter_BLAST,116564713,Proteobacteria,Alphaproteobacteria,Caulobacterales,Caulobacteraceae,Caulobacter,BLAST,NA,Alphaproteobacteria,NA,NA,NA,NA,NA,NA,NA,NA,NA,Alphaproteobacteria
101713016_Proteobacteria_Alphaproteobacteria_Caulobacterales_Caulobacteraceae_Caulobacter_BLAST,101713016,Proteobacteria,Alphaproteobacteria,Caulobacterales,Caulobacteraceae,Caulobacter,BLAST,NA,Alphaproteobacteria,NA,NA,NA,NA,NA,NA,NA,NA,NA,Alphaproteobacteria
165255149_Proteobacteria_Alphaproteobacteria_Caulobacterales_Caulobacteraceae_Caulobacter_BLAST,165255149,Proteobacteria,Alphaproteobacteria,Caulobacterales,Caulobacteraceae,Caulobacter,BLAST,NA,Alphaproteobacteria,NA,NA,NA,NA,NA,NA,NA,NA,NA,Alphaproteobacteria
056720094_Proteobacteria_Alphaproteobacteria_Caulobacterales_Caulobacteraceae_Caulobacter_BLAST,56720094,Proteobacteria,Alphaproteobacteria,Caulobacterales,Caulobacteraceae,Caulobacter,BLAST,NA,Alphaproteobacteria,NA,NA,NA,NA,NA,NA,NA,NA,NA,Alphaproteobacteria
EJL25068_Proteobacteria_Alphaproteobacteria_Caulobacterales_Caulobacteraceae_Caulobacter_BLAST,EJL25068,Proteobacteria,Alphaproteobacteria,Caulobacterales,Caulobacteraceae,Caulobacter,BLAST,NA,Alphaproteobacteria,NA,NA,NA,NA,NA,NA,NA,NA,NA,Alphaproteobacteria
035037713_Proteobacteria_Alphaproteobacteria_Caulobacterales_Caulobacteraceae_Caulobacter_BLAST,35037713,Proteobacteria,Alphaproteobacteria,Caulobacterales,Caulobacteraceae,Caulobacter,BLAST,NA,Alphaproteobacteria,NA,NA,NA,NA,NA,NA,NA,NA,NA,Alphaproteobacteria
082560751_Proteobacteria_Alphaproteobacteria_Caulobacterales_Caulobacteraceae_Caulobacter_BLAST,82560751,Proteobacteria,Alphaproteobacteria,Caulobacterales,Caulobacteraceae,Caulobacter,BLAST,NA,Alphaproteobacteria,NA,NA,NA,NA,NA,NA,NA,NA,NA,Alphaproteobacteria
KQY92833_Proteobacteria_Alphaproteobacteria_Caulobacterales_Caulobacteraceae_Caulobacter_BLAST,KQY92833,Proteobacteria,Alphaproteobacteria,Caulobacterales,Caulobacteraceae,Caulobacter,BLAST,NA,Alphaproteobacteria,NA,NA,NA,NA,NA,NA,NA,NA,NA,Alphaproteobacteria
082554833_Proteobacteria_Alphaproteobacteria_Caulobacterales_Caulobacteraceae_Caulobacter_BLAST,82554833,Proteobacteria,Alphaproteobacteria,Caulobacterales,Caulobacteraceae,Caulobacter,BLAST,NA,Alphaproteobacteria,NA,NA,NA,NA,NA,NA,NA,NA,NA,Alphaproteobacteria
KQY30376_Proteobacteria_Alphaproteobacteria_Caulobacterales_Caulobacteraceae_Caulobacter_BLAST,KQY30376,Proteobacteria,Alphaproteobacteria,Caulobacterales,Caulobacteraceae,Caulobacter,BLAST,NA,Alphaproteobacteria,NA,NA,NA,NA,NA,NA,NA,NA,NA,Alphaproteobacteria
051964459_Proteobacteria_Alphaproteobacteria_Caulobacterales_Caulobacteraceae_Caulobacter_BLAST,51964459,Proteobacteria,Alphaproteobacteria,Caulobacterales,Caulobacteraceae,Caulobacter,BLAST,NA,Alphaproteobacteria,NA,NA,NA,NA,NA,NA,NA,NA,NA,Alphaproteobacteria
051968917_Proteobacteria_Alphaproteobacteria_Caulobacterales_Caulobacteraceae_Caulobacter_BLAST,51968917,Proteobacteria,Alphaproteobacteria,Caulobacterales,Caulobacteraceae,Caulobacter,BLAST,NA,Alphaproteobacteria,NA,NA,NA,NA,NA,NA,NA,NA,NA,Alphaproteobacteria
145687669_Proteobacteria_Alphaproteobacteria_Caulobacterales_Caulobacteraceae_Caulobacter_BLAST,145687669,Proteobacteria,Alphaproteobacteria,Caulobacterales,Caulobacteraceae,Caulobacter,BLAST,NA,Alphaproteobacteria,NA,NA,NA,NA,NA,NA,NA,NA,NA,Alphaproteobacteria
KRA64156_Proteobacteria_Alphaproteobacteria_Caulobacterales_Caulobacteraceae_Caulobacter_BLAST,KRA64156,Proteobacteria,Alphaproteobacteria,Caulobacterales,Caulobacteraceae,Caulobacter,BLAST,NA,Alphaproteobacteria,NA,NA,NA,NA,NA,NA,NA,NA,NA,Alphaproteobacteria
082564449_Proteobacteria_Alphaproteobacteria_Caulobacterales_Caulobacteraceae_Caulobacter_BLAST,82564449,Proteobacteria,Alphaproteobacteria,Caulobacterales,Caulobacteraceae,Caulobacter,BLAST,NA,Alphaproteobacteria,NA,NA,NA,NA,NA,NA,NA,NA,NA,Alphaproteobacteria
KQZ32964_Proteobacteria_Alphaproteobacteria_Caulobacterales_Caulobacteraceae_Caulobacter_BLAST,KQZ32964,Proteobacteria,Alphaproteobacteria,Caulobacterales,Caulobacteraceae,Caulobacter,BLAST,NA,Alphaproteobacteria,NA,NA,NA,NA,NA,NA,NA,NA,NA,Alphaproteobacteria
012977192_Proteobacteria_Alphaproteobacteria_Rhodospirillales_Rhodospirillaceae_Azospirillum_BLAST,12977192,Proteobacteria,Alphaproteobacteria,Rhodospirillales,Rhodospirillaceae,Azospirillum,BLAST,NA,Alphaproteobacteria,NA,NA,NA,NA,NA,NA,NA,NA,NA,Alphaproteobacteria
045586236_Proteobacteria_Alphaproteobacteria_Rhodospirillales_Rhodospirillaceae_Azospirillum_BLAST,45586236,Proteobacteria,Alphaproteobacteria,Rhodospirillales,Rhodospirillaceae,Azospirillum,BLAST,NA,Alphaproteobacteria,NA,NA,NA,NA,NA,NA,NA,NA,NA,Alphaproteobacteria
085085746_Proteobacteria_Alphaproteobacteria_Rhodospirillales_Rhodospirillaceae_Azospirillum_BLAST,85085746,Proteobacteria,Alphaproteobacteria,Rhodospirillales,Rhodospirillaceae,Azospirillum,BLAST,NA,Alphaproteobacteria,NA,NA,NA,NA,NA,NA,NA,NA,NA,Alphaproteobacteria
PWC57302_Proteobacteria_Alphaproteobacteria_Rhodospirillales_Rhodospirillaceae_Azospirillum_BLAST,PWC57302,Proteobacteria,Alphaproteobacteria,Rhodospirillales,Rhodospirillaceae,Azospirillum,BLAST,NA,Alphaproteobacteria,NA,NA,NA,NA,NA,NA,NA,NA,NA,Alphaproteobacteria
109151903_Proteobacteria_Alphaproteobacteria_Rhodospirillales_Rhodospirillaceae_Azospirillum_BLAST,109151903,Proteobacteria,Alphaproteobacteria,Rhodospirillales,Rhodospirillaceae,Azospirillum,BLAST,NA,Alphaproteobacteria,NA,NA,NA,NA,NA,NA,NA,NA,NA,Alphaproteobacteria
136703181_Proteobacteria_Alphaproteobacteria_Rhodospirillales_Rhodospirillaceae_Azospirillum_BLAST,136703181,Proteobacteria,Alphaproteobacteria,Rhodospirillales,Rhodospirillaceae,Azospirillum,BLAST,NA,Alphaproteobacteria,NA,NA,NA,NA,NA,NA,NA,NA,NA,Alphaproteobacteria
149199108_Proteobacteria_Alphaproteobacteria_Rhodospirillales_Rhodospirillaceae_Azospirillum_BLAST,149199108,Proteobacteria,Alphaproteobacteria,Rhodospirillales,Rhodospirillaceae,Azospirillum,BLAST,NA,Alphaproteobacteria,NA,NA,NA,NA,NA,NA,NA,NA,NA,Alphaproteobacteria
014249603_Proteobacteria_Alphaproteobacteria_Rhodospirillales_Rhodospirillaceae_Azospirillum_PFAM,14249603,Proteobacteria,Alphaproteobacteria,Rhodospirillales,Rhodospirillaceae,Azospirillum,PFAM,NA,Alphaproteobacteria,NA,NA,NA,NA,NA,NA,NA,NA,NA,Alphaproteobacteria
108549030_Proteobacteria_Alphaproteobacteria_Rhodospirillales_Rhodospirillaceae_Azospirillum_BLAST,108549030,Proteobacteria,Alphaproteobacteria,Rhodospirillales,Rhodospirillaceae,Azospirillum,BLAST,NA,Alphaproteobacteria,NA,NA,NA,NA,NA,NA,NA,NA,NA,Alphaproteobacteria
149273293_Proteobacteria_Alphaproteobacteria_Rhodospirillales_Rhodospirillaceae_Azospirillum_BLAST,149273293,Proteobacteria,Alphaproteobacteria,Rhodospirillales,Rhodospirillaceae,Azospirillum,BLAST,NA,Alphaproteobacteria,NA,NA,NA,NA,NA,NA,NA,NA,NA,Alphaproteobacteria
145729398_Proteobacteria_Alphaproteobacteria_Rhodospirillales_Rhodospirillaceae_Nitrospirillum_BLAST,145729398,Proteobacteria,Alphaproteobacteria,Rhodospirillales,Rhodospirillaceae,Nitrospirillum,BLAST,NA,Alphaproteobacteria,NA,NA,NA,NA,NA,NA,NA,NA,NA,Alphaproteobacteria
145748727_Proteobacteria_Alphaproteobacteria_Rhodospirillales_Rhodospirillaceae_Nitrospirillum_BLAST,145748727,Proteobacteria,Alphaproteobacteria,Rhodospirillales,Rhodospirillaceae,Nitrospirillum,BLAST,NA,Alphaproteobacteria,NA,NA,NA,NA,NA,NA,NA,NA,NA,Alphaproteobacteria
088873151_Proteobacteria_Alphaproteobacteria_Rhodospirillales_Rhodospirillaceae_Nitrospirillum_BLAST,88873151,Proteobacteria,Alphaproteobacteria,Rhodospirillales,Rhodospirillaceae,Nitrospirillum,BLAST,NA,Alphaproteobacteria,NA,NA,NA,NA,NA,NA,NA,NA,NA,Alphaproteobacteria
145615044_Proteobacteria_Alphaproteobacteria_Rhodospirillales_Rhodospirillaceae_Nitrospirillum_BLAST,145615044,Proteobacteria,Alphaproteobacteria,Rhodospirillales,Rhodospirillaceae,Nitrospirillum,BLAST,NA,Alphaproteobacteria,NA,NA,NA,NA,NA,NA,NA,NA,NA,Alphaproteobacteria
145610182_Proteobacteria_Alphaproteobacteria_Rhodospirillales_Rhodospirillaceae_Nitrospirillum_BLAST,145610182,Proteobacteria,Alphaproteobacteria,Rhodospirillales,Rhodospirillaceae,Nitrospirillum,BLAST,NA,Alphaproteobacteria,NA,NA,NA,NA,NA,NA,NA,NA,NA,Alphaproteobacteria
004273211_Proteobacteria_Alphaproteobacteria_Rhodospirillales_Rhodospirillaceae_Nitrospirillum_characterized,4273211,Proteobacteria,Alphaproteobacteria,Rhodospirillales,Rhodospirillaceae,Nitrospirillum,characterized,NA,Alphaproteobacteria,NA,NA,NA,NA,NA,NA,NA,NA,NA,Alphaproteobacteria
076400480_Proteobacteria_Alphaproteobacteria_Rhodospirillales_Rhodospirillaceae_Insolitispirillum_BLAST,76400480,Proteobacteria,Alphaproteobacteria,Rhodospirillales,Rhodospirillaceae,Insolitispirillum,BLAST,NA,Alphaproteobacteria,NA,NA,NA,NA,NA,NA,NA,NA,NA,Alphaproteobacteria
115693106_Proteobacteria_Alphaproteobacteria_Rhizobiales_Xanthobacteraceae_Pseudolabrys_BLAST,115693106,Proteobacteria,Alphaproteobacteria,Rhizobiales,Xanthobacteraceae,Pseudolabrys,BLAST,NA,Alphaproteobacteria,NA,NA,NA,NA,NA,NA,NA,NA,NA,Alphaproteobacteria
KJC59540_Proteobacteria_Alphaproteobacteria_Rhizobiales_Bradyrhizobiaceae_Bradyrhizobium_BLAST,KJC59540,Proteobacteria,Alphaproteobacteria,Rhizobiales,Bradyrhizobiaceae,Bradyrhizobium,BLAST,NA,Alphaproteobacteria,NA,NA,NA,NA,NA,NA,NA,NA,NA,Alphaproteobacteria
KJC36195_Proteobacteria_Alphaproteobacteria_Rhizobiales_Bradyrhizobiaceae_Bradyrhizobium_BLAST,KJC36195,Proteobacteria,Alphaproteobacteria,Rhizobiales,Bradyrhizobiaceae,Bradyrhizobium,BLAST,NA,Alphaproteobacteria,NA,NA,NA,NA,NA,NA,NA,NA,NA,Alphaproteobacteria
052833272_Proteobacteria_Alphaproteobacteria_Rhizobiales_Bradyrhizobiaceae_Bradyrhizobium_BLAST,52833272,Proteobacteria,Alphaproteobacteria,Rhizobiales,Bradyrhizobiaceae,Bradyrhizobium,BLAST,NA,Alphaproteobacteria,NA,NA,NA,NA,NA,NA,NA,NA,NA,Alphaproteobacteria
082128193_Proteobacteria_Alphaproteobacteria_Rhizobiales_Phyllobacteriaceae_Hoeflea_BLAST,82128193,Proteobacteria,Alphaproteobacteria,Rhizobiales,Phyllobacteriaceae,Hoeflea,BLAST,NA,Alphaproteobacteria,NA,NA,NA,NA,NA,NA,NA,NA,NA,Alphaproteobacteria
171904900_Proteobacteria_Alphaproteobacteria_Rhizobiales_Phyllobacteriaceae_Hoeflea_BLAST,171904900,Proteobacteria,Alphaproteobacteria,Rhizobiales,Phyllobacteriaceae,Hoeflea,BLAST,NA,Alphaproteobacteria,NA,NA,NA,NA,NA,NA,NA,NA,NA,Alphaproteobacteria
181266657_Proteobacteria_Alphaproteobacteria_Sphingomonadales_Sphingomonadaceae_Sphingomonas_BLAST,181266657,Proteobacteria,Alphaproteobacteria,Sphingomonadales,Sphingomonadaceae,Sphingomonas,BLAST,NA,Alphaproteobacteria,NA,NA,NA,NA,NA,NA,NA,NA,NA,Alphaproteobacteria
188762670_Proteobacteria_Alphaproteobacteria_Sphingomonadales_Sphingomonadaceae_Polymorphobacter_BLAST,188762670,Proteobacteria,Alphaproteobacteria,Sphingomonadales,Sphingomonadaceae,Polymorphobacter,BLAST,NA,Alphaproteobacteria,NA,NA,NA,NA,NA,NA,NA,NA,NA,Alphaproteobacteria
184167552_Proteobacteria_Alphaproteobacteria_Sphingomonadales_Sphingomonadaceae_Sphingomonas_BLAST,184167552,Proteobacteria,Alphaproteobacteria,Sphingomonadales,Sphingomonadaceae,Sphingomonas,BLAST,NA,Alphaproteobacteria,NA,NA,NA,NA,NA,NA,NA,NA,NA,Alphaproteobacteria
152616399_Proteobacteria_Alphaproteobacteria_Sphingomonadales_Sphingomonadaceae_Sphingomonas_BLAST,152616399,Proteobacteria,Alphaproteobacteria,Sphingomonadales,Sphingomonadaceae,Sphingomonas,BLAST,NA,Alphaproteobacteria,NA,NA,NA,NA,NA,NA,NA,NA,NA,Alphaproteobacteria
187760768_Proteobacteria_Alphaproteobacteria_Sphingomonadales_Sphingomonadaceae_Sphingomonas_BLAST,187760768,Proteobacteria,Alphaproteobacteria,Sphingomonadales,Sphingomonadaceae,Sphingomonas,BLAST,NA,Alphaproteobacteria,NA,NA,NA,NA,NA,NA,NA,NA,NA,Alphaproteobacteria
193747446_Proteobacteria_Alphaproteobacteria_Rhodobacterales_Rhodobacteraceae_Ruegeria_BLAST,193747446,Proteobacteria,Alphaproteobacteria,Rhodobacterales,Rhodobacteraceae,Ruegeria,BLAST,NA,Alphaproteobacteria,NA,NA,NA,NA,NA,NA,NA,NA,NA,Alphaproteobacteria
133270597_Bacteroidetes_Chitinophagia_Chitinophagales_Chitinophagaceae_Segetibacter_BLAST,133270597,Bacteroidetes,Chitinophagia,Chitinophagales,Chitinophagaceae,Segetibacter,BLAST,NA,Bacteroidetes,NA,NA,NA,NA,NA,NA,NA,NA,NA,Bacteroidetes
103068160_Bacteroidetes_Flavobacteriia_Flavobacteriales_Flavobacteriaceae_Aquimarina_BLAST,103068160,Bacteroidetes,Flavobacteriia,Flavobacteriales,Flavobacteriaceae,Aquimarina,BLAST,NA,Bacteroidetes,NA,NA,NA,NA,NA,NA,NA,NA,NA,Bacteroidetes
046757912_Bacteroidetes_Flavobacteriia_Flavobacteriales_Flavobacteriaceae_Kordia_BLAST,46757912,Bacteroidetes,Flavobacteriia,Flavobacteriales,Flavobacteriaceae,Kordia,BLAST,NA,Bacteroidetes,NA,NA,NA,NA,NA,NA,NA,NA,NA,Bacteroidetes
144914499_Bacteroidetes_Sphingobacteriia_Sphingobacteriales_Sphingobacteriaceae_Mucilaginibacter_BLAST,144914499,Bacteroidetes,Sphingobacteriia,Sphingobacteriales,Sphingobacteriaceae,Mucilaginibacter,BLAST,NA,Bacteroidetes,NA,NA,NA,NA,NA,NA,NA,NA,NA,Bacteroidetes
KIC03499_Bacteroidetes_Flavobacteriia_Flavobacteriales_Flavobacteriaceae_Flavobacterium_BLAST,KIC03499,Bacteroidetes,Flavobacteriia,Flavobacteriales,Flavobacteriaceae,Flavobacterium,BLAST,NA,Bacteroidetes,NA,NA,NA,NA,NA,NA,NA,NA,NA,Bacteroidetes
039111774_Bacteroidetes_Flavobacteriia_Flavobacteriales_Flavobacteriaceae_Flavobacterium_PFAM,39111774,Bacteroidetes,Flavobacteriia,Flavobacteriales,Flavobacteriaceae,Flavobacterium,PFAM,NA,Bacteroidetes,NA,NA,NA,NA,NA,NA,NA,NA,NA,Bacteroidetes
173967199_Bacteroidetes_Flavobacteriia_Flavobacteriales_Flavobacteriaceae_Flavobacterium_BLAST,173967199,Bacteroidetes,Flavobacteriia,Flavobacteriales,Flavobacteriaceae,Flavobacterium,BLAST,NA,Bacteroidetes,NA,NA,NA,NA,NA,NA,NA,NA,NA,Bacteroidetes
070907924_Bacteroidetes_Flavobacteriia_Flavobacteriales_Flavobacteriaceae_Flavobacterium_BLAST,70907924,Bacteroidetes,Flavobacteriia,Flavobacteriales,Flavobacteriaceae,Flavobacterium,BLAST,NA,Bacteroidetes,NA,NA,NA,NA,NA,NA,NA,NA,NA,Bacteroidetes
017495079_Bacteroidetes_Flavobacteriia_Flavobacteriales_Flavobacteriaceae_Flavobacterium_BLAST,17495079,Bacteroidetes,Flavobacteriia,Flavobacteriales,Flavobacteriaceae,Flavobacterium,BLAST,NA,Bacteroidetes,NA,NA,NA,NA,NA,NA,NA,NA,NA,Bacteroidetes
089077659_Bacteroidetes_Flavobacteriia_Flavobacteriales_Flavobacteriaceae_Flavobacterium_BLAST,89077659,Bacteroidetes,Flavobacteriia,Flavobacteriales,Flavobacteriaceae,Flavobacterium,BLAST,NA,Bacteroidetes,NA,NA,NA,NA,NA,NA,NA,NA,NA,Bacteroidetes
129539819_Bacteroidetes_Flavobacteriia_Flavobacteriales_Flavobacteriaceae_Flavobacterium_BLAST,129539819,Bacteroidetes,Flavobacteriia,Flavobacteriales,Flavobacteriaceae,Flavobacterium,BLAST,NA,Bacteroidetes,NA,NA,NA,NA,NA,NA,NA,NA,NA,Bacteroidetes
035619696_Bacteroidetes_Flavobacteriia_Flavobacteriales_Flavobacteriaceae_Flavobacterium_BLAST,35619696,Bacteroidetes,Flavobacteriia,Flavobacteriales,Flavobacteriaceae,Flavobacterium,BLAST,NA,Bacteroidetes,NA,NA,NA,NA,NA,NA,NA,NA,NA,Bacteroidetes
073395702_Bacteroidetes_Flavobacteriia_Flavobacteriales_Flavobacteriaceae_Flavobacterium_BLAST,73395702,Bacteroidetes,Flavobacteriia,Flavobacteriales,Flavobacteriaceae,Flavobacterium,BLAST,NA,Bacteroidetes,NA,NA,NA,NA,NA,NA,NA,NA,NA,Bacteroidetes
031455626_Bacteroidetes_Flavobacteriia_Flavobacteriales_Flavobacteriaceae_Flavobacterium_BLAST,31455626,Bacteroidetes,Flavobacteriia,Flavobacteriales,Flavobacteriaceae,Flavobacterium,BLAST,NA,Bacteroidetes,NA,NA,NA,NA,NA,NA,NA,NA,NA,Bacteroidetes
110305545_Bacteroidetes_Flavobacteriia_Flavobacteriales_Flavobacteriaceae_Flavobacterium_BLAST,110305545,Bacteroidetes,Flavobacteriia,Flavobacteriales,Flavobacteriaceae,Flavobacterium,BLAST,NA,Bacteroidetes,NA,NA,NA,NA,NA,NA,NA,NA,NA,Bacteroidetes
064716224_Bacteroidetes_Flavobacteriia_Flavobacteriales_Flavobacteriaceae_Flavobacterium_PFAM,64716224,Bacteroidetes,Flavobacteriia,Flavobacteriales,Flavobacteriaceae,Flavobacterium,PFAM,NA,Bacteroidetes,NA,NA,NA,NA,NA,NA,NA,NA,NA,Bacteroidetes
024981470_Bacteroidetes_Flavobacteriia_Flavobacteriales_Flavobacteriaceae_Flavobacterium_BLAST,24981470,Bacteroidetes,Flavobacteriia,Flavobacteriales,Flavobacteriaceae,Flavobacterium,BLAST,NA,Bacteroidetes,NA,NA,NA,NA,NA,NA,NA,NA,NA,Bacteroidetes
139363437_Bacteroidetes_Flavobacteriia_Flavobacteriales_Flavobacteriaceae_Flavobacterium_BLAST,139363437,Bacteroidetes,Flavobacteriia,Flavobacteriales,Flavobacteriaceae,Flavobacterium,BLAST,NA,Bacteroidetes,NA,NA,NA,NA,NA,NA,NA,NA,NA,Bacteroidetes
089351963_Bacteroidetes_Flavobacteriia_Flavobacteriales_Flavobacteriaceae_Flavobacterium_BLAST,89351963,Bacteroidetes,Flavobacteriia,Flavobacteriales,Flavobacteriaceae,Flavobacterium,BLAST,NA,Bacteroidetes,NA,NA,NA,NA,NA,NA,NA,NA,NA,Bacteroidetes
135222773_Bacteroidetes_Flavobacteriia_Flavobacteriales_Flavobacteriaceae_Flavobacterium_BLAST,135222773,Bacteroidetes,Flavobacteriia,Flavobacteriales,Flavobacteriaceae,Flavobacterium,BLAST,NA,Bacteroidetes,NA,NA,NA,NA,NA,NA,NA,NA,NA,Bacteroidetes
087132074_Proteobacteria_Betaproteobacteria_Burkholderiales_Burkholderiaceae_Caballeronia_BLAST,87132074,Proteobacteria,Betaproteobacteria,Burkholderiales,Burkholderiaceae,Caballeronia,BLAST,NA,Betaproteobacteria,NA,NA,NA,NA,NA,NA,NA,NA,NA,Betaproteobacteria
094564105_Proteobacteria_Betaproteobacteria_Burkholderiales_Oxalobacteraceae_Herbaspirillum_BLAST,94564105,Proteobacteria,Betaproteobacteria,Burkholderiales,Oxalobacteraceae,Herbaspirillum,BLAST,NA,Betaproteobacteria,NA,NA,NA,NA,NA,NA,NA,NA,NA,Betaproteobacteria
077300914_Proteobacteria_Betaproteobacteria_Neisseriales_Chromobacteriaceae_Aquaspirillum_BLAST,77300914,Proteobacteria,Betaproteobacteria,Neisseriales,Chromobacteriaceae,Aquaspirillum,BLAST,NA,Betaproteobacteria,NA,NA,NA,NA,NA,NA,NA,NA,NA,Betaproteobacteria
019104567_Proteobacteria_Betaproteobacteria_Neisseriales_Chromobacteriaceae_Chromobacterium_BLAST,19104567,Proteobacteria,Betaproteobacteria,Neisseriales,Chromobacteriaceae,Chromobacterium,BLAST,NA,Betaproteobacteria,NA,NA,NA,NA,NA,NA,NA,NA,NA,Betaproteobacteria
081574505_Proteobacteria_Betaproteobacteria_Neisseriales_Chromobacteriaceae_Chromobacterium_BLAST,81574505,Proteobacteria,Betaproteobacteria,Neisseriales,Chromobacteriaceae,Chromobacterium,BLAST,NA,Betaproteobacteria,NA,NA,NA,NA,NA,NA,NA,NA,NA,Betaproteobacteria
043631531_Proteobacteria_Betaproteobacteria_Neisseriales_Chromobacteriaceae_Chromobacterium_BLAST,43631531,Proteobacteria,Betaproteobacteria,Neisseriales,Chromobacteriaceae,Chromobacterium,BLAST,NA,Betaproteobacteria,NA,NA,NA,NA,NA,NA,NA,NA,NA,Betaproteobacteria
081555114_Proteobacteria_Betaproteobacteria_Neisseriales_Chromobacteriaceae_Chromobacterium_BLAST,81555114,Proteobacteria,Betaproteobacteria,Neisseriales,Chromobacteriaceae,Chromobacterium,BLAST,NA,Betaproteobacteria,NA,NA,NA,NA,NA,NA,NA,NA,NA,Betaproteobacteria
081547107_Proteobacteria_Betaproteobacteria_Neisseriales_Chromobacteriaceae_Chromobacterium_BLAST,81547107,Proteobacteria,Betaproteobacteria,Neisseriales,Chromobacteriaceae,Chromobacterium,BLAST,NA,Betaproteobacteria,NA,NA,NA,NA,NA,NA,NA,NA,NA,Betaproteobacteria
166451741_Proteobacteria_Betaproteobacteria_Neisseriales_Chromobacteriaceae_Chromobacterium_BLAST,166451741,Proteobacteria,Betaproteobacteria,Neisseriales,Chromobacteriaceae,Chromobacterium,BLAST,NA,Betaproteobacteria,NA,NA,NA,NA,NA,NA,NA,NA,NA,Betaproteobacteria
107798860_Proteobacteria_Betaproteobacteria_Neisseriales_Chromobacteriaceae_Chromobacterium_BLAST,107798860,Proteobacteria,Betaproteobacteria,Neisseriales,Chromobacteriaceae,Chromobacterium,BLAST,NA,Betaproteobacteria,NA,NA,NA,NA,NA,NA,NA,NA,NA,Betaproteobacteria
048414465_Proteobacteria_Betaproteobacteria_Neisseriales_Chromobacteriaceae_Chromobacterium_PFAM,48414465,Proteobacteria,Betaproteobacteria,Neisseriales,Chromobacteriaceae,Chromobacterium,PFAM,NA,Betaproteobacteria,NA,NA,NA,NA,NA,NA,NA,NA,NA,Betaproteobacteria
048410624_Proteobacteria_Betaproteobacteria_Neisseriales_Chromobacteriaceae_Chromobacterium_BLAST,48410624,Proteobacteria,Betaproteobacteria,Neisseriales,Chromobacteriaceae,Chromobacterium,BLAST,NA,Betaproteobacteria,NA,NA,NA,NA,NA,NA,NA,NA,NA,Betaproteobacteria
137940225_Proteobacteria_Betaproteobacteria_No_order_No_family_Chitinivorax_BLAST,137940225,Proteobacteria,Betaproteobacteria,No,order,No,family,Chitinivorax_BLAST,Betaproteobacteria,NA,NA,NA,NA,NA,NA,NA,NA,NA,Betaproteobacteria
189534618_Proteobacteria_Betaproteobacteria_Neisseriales_Chromobacteriaceae_Paludibacterium_BLAST,189534618,Proteobacteria,Betaproteobacteria,Neisseriales,Chromobacteriaceae,Paludibacterium,BLAST,NA,Betaproteobacteria,NA,NA,NA,NA,NA,NA,NA,NA,NA,Betaproteobacteria
071113521_Proteobacteria_Betaproteobacteria_Neisseriales_Chromobacteriaceae_Chromobacterium_BLAST,71113521,Proteobacteria,Betaproteobacteria,Neisseriales,Chromobacteriaceae,Chromobacterium,BLAST,NA,Betaproteobacteria,NA,NA,NA,NA,NA,NA,NA,NA,NA,Betaproteobacteria
043572039_Proteobacteria_Betaproteobacteria_Neisseriales_Chromobacteriaceae_Chromobacterium_BLAST,43572039,Proteobacteria,Betaproteobacteria,Neisseriales,Chromobacteriaceae,Chromobacterium,BLAST,NA,Betaproteobacteria,NA,NA,NA,NA,NA,NA,NA,NA,NA,Betaproteobacteria
047249736_Proteobacteria_Betaproteobacteria_Neisseriales_Chromobacteriaceae_Chromobacterium_BLAST,47249736,Proteobacteria,Betaproteobacteria,Neisseriales,Chromobacteriaceae,Chromobacterium,BLAST,NA,Betaproteobacteria,NA,NA,NA,NA,NA,NA,NA,NA,NA,Betaproteobacteria
047236229_Proteobacteria_Betaproteobacteria_Neisseriales_Chromobacteriaceae_Chromobacterium_BLAST,47236229,Proteobacteria,Betaproteobacteria,Neisseriales,Chromobacteriaceae,Chromobacterium,BLAST,NA,Betaproteobacteria,NA,NA,NA,NA,NA,NA,NA,NA,NA,Betaproteobacteria
103904351_Proteobacteria_Betaproteobacteria_Neisseriales_Chromobacteriaceae_Chromobacterium_BLAST,103904351,Proteobacteria,Betaproteobacteria,Neisseriales,Chromobacteriaceae,Chromobacterium,BLAST,NA,Betaproteobacteria,NA,NA,NA,NA,NA,NA,NA,NA,NA,Betaproteobacteria
043628614_Proteobacteria_Betaproteobacteria_Neisseriales_Chromobacteriaceae_Chromobacterium_BLAST,43628614,Proteobacteria,Betaproteobacteria,Neisseriales,Chromobacteriaceae,Chromobacterium,BLAST,NA,Betaproteobacteria,NA,NA,NA,NA,NA,NA,NA,NA,NA,Betaproteobacteria
071108553_Proteobacteria_Betaproteobacteria_Neisseriales_Chromobacteriaceae_Chromobacterium_BLAST,71108553,Proteobacteria,Betaproteobacteria,Neisseriales,Chromobacteriaceae,Chromobacterium,BLAST,NA,Betaproteobacteria,NA,NA,NA,NA,NA,NA,NA,NA,NA,Betaproteobacteria
106076446_Proteobacteria_Betaproteobacteria_Neisseriales_Chromobacteriaceae_Chromobacterium_BLAST,106076446,Proteobacteria,Betaproteobacteria,Neisseriales,Chromobacteriaceae,Chromobacterium,BLAST,NA,Betaproteobacteria,NA,NA,NA,NA,NA,NA,NA,NA,NA,Betaproteobacteria
103321630_Proteobacteria_Betaproteobacteria_Neisseriales_Chromobacteriaceae_Chromobacterium_BLAST,103321630,Proteobacteria,Betaproteobacteria,Neisseriales,Chromobacteriaceae,Chromobacterium,BLAST,NA,Betaproteobacteria,NA,NA,NA,NA,NA,NA,NA,NA,NA,Betaproteobacteria
101708484_Proteobacteria_Betaproteobacteria_Neisseriales_Chromobacteriaceae_Chromobacterium_BLAST,101708484,Proteobacteria,Betaproteobacteria,Neisseriales,Chromobacteriaceae,Chromobacterium,BLAST,NA,Betaproteobacteria,NA,NA,NA,NA,NA,NA,NA,NA,NA,Betaproteobacteria
136892637_Proteobacteria_Betaproteobacteria_Burkholderiales_Burkholderiaceae_Trinickia_BLAST,136892637,Proteobacteria,Betaproteobacteria,Burkholderiales,Burkholderiaceae,Trinickia,BLAST,NA,Betaproteobacteria,NA,NA,NA,NA,NA,NA,NA,NA,NA,Betaproteobacteria
010107499_Proteobacteria_Betaproteobacteria_Burkholderiales_Burkholderiaceae_Burkholderia_BLAST,10107499,Proteobacteria,Betaproteobacteria,Burkholderiales,Burkholderiaceae,Burkholderia,BLAST,NA,Betaproteobacteria,NA,NA,NA,NA,NA,NA,NA,NA,NA,Betaproteobacteria
010117820_Proteobacteria_Betaproteobacteria_Burkholderiales_Burkholderiaceae_Burkholderia_BLAST,10117820,Proteobacteria,Betaproteobacteria,Burkholderiales,Burkholderiaceae,Burkholderia,BLAST,NA,Betaproteobacteria,NA,NA,NA,NA,NA,NA,NA,NA,NA,Betaproteobacteria
059469845_Proteobacteria_Betaproteobacteria_Burkholderiales_Burkholderiaceae_Burkholderia_BLAST,59469845,Proteobacteria,Betaproteobacteria,Burkholderiales,Burkholderiaceae,Burkholderia,BLAST,NA,Betaproteobacteria,NA,NA,NA,NA,NA,NA,NA,NA,NA,Betaproteobacteria
059598595_Proteobacteria_Betaproteobacteria_Burkholderiales_Burkholderiaceae_Burkholderia_BLAST,59598595,Proteobacteria,Betaproteobacteria,Burkholderiales,Burkholderiaceae,Burkholderia,BLAST,NA,Betaproteobacteria,NA,NA,NA,NA,NA,NA,NA,NA,NA,Betaproteobacteria
066493186_Proteobacteria_Betaproteobacteria_Burkholderiales_Burkholderiaceae_Burkholderia_BLAST,66493186,Proteobacteria,Betaproteobacteria,Burkholderiales,Burkholderiaceae,Burkholderia,BLAST,NA,Betaproteobacteria,NA,NA,NA,NA,NA,NA,NA,NA,NA,Betaproteobacteria
066575603_Proteobacteria_Betaproteobacteria_Burkholderiales_Burkholderiaceae_Burkholderia_BLAST,66575603,Proteobacteria,Betaproteobacteria,Burkholderiales,Burkholderiaceae,Burkholderia,BLAST,NA,Betaproteobacteria,NA,NA,NA,NA,NA,NA,NA,NA,NA,Betaproteobacteria
038754696_Proteobacteria_Betaproteobacteria_Burkholderiales_Burkholderiaceae_Burkholderia_BLAST,38754696,Proteobacteria,Betaproteobacteria,Burkholderiales,Burkholderiaceae,Burkholderia,BLAST,NA,Betaproteobacteria,NA,NA,NA,NA,NA,NA,NA,NA,NA,Betaproteobacteria
102814233_Proteobacteria_Betaproteobacteria_Burkholderiales_Burkholderiaceae_Burkholderia_BLAST,102814233,Proteobacteria,Betaproteobacteria,Burkholderiales,Burkholderiaceae,Burkholderia,BLAST,NA,Betaproteobacteria,NA,NA,NA,NA,NA,NA,NA,NA,NA,Betaproteobacteria
038736094_Proteobacteria_Betaproteobacteria_Burkholderiales_Burkholderiaceae_Burkholderia_BLAST,38736094,Proteobacteria,Betaproteobacteria,Burkholderiales,Burkholderiaceae,Burkholderia,BLAST,NA,Betaproteobacteria,NA,NA,NA,NA,NA,NA,NA,NA,NA,Betaproteobacteria
050859342_Proteobacteria_Betaproteobacteria_Burkholderiales_Burkholderiaceae_Burkholderia_BLAST,50859342,Proteobacteria,Betaproteobacteria,Burkholderiales,Burkholderiaceae,Burkholderia,BLAST,NA,Betaproteobacteria,NA,NA,NA,NA,NA,NA,NA,NA,NA,Betaproteobacteria
038765981_Proteobacteria_Betaproteobacteria_Burkholderiales_Burkholderiaceae_Burkholderia_BLAST,38765981,Proteobacteria,Betaproteobacteria,Burkholderiales,Burkholderiaceae,Burkholderia,BLAST,NA,Betaproteobacteria,NA,NA,NA,NA,NA,NA,NA,NA,NA,Betaproteobacteria
076884886_Proteobacteria_Betaproteobacteria_Burkholderiales_Burkholderiaceae_Burkholderia_BLAST,76884886,Proteobacteria,Betaproteobacteria,Burkholderiales,Burkholderiaceae,Burkholderia,BLAST,NA,Betaproteobacteria,NA,NA,NA,NA,NA,NA,NA,NA,NA,Betaproteobacteria
038725294_Proteobacteria_Betaproteobacteria_Burkholderiales_Burkholderiaceae_Burkholderia_BLAST,38725294,Proteobacteria,Betaproteobacteria,Burkholderiales,Burkholderiaceae,Burkholderia,BLAST,NA,Betaproteobacteria,NA,NA,NA,NA,NA,NA,NA,NA,NA,Betaproteobacteria
122888345_Proteobacteria_Betaproteobacteria_Burkholderiales_Burkholderiaceae_Burkholderia_BLAST,122888345,Proteobacteria,Betaproteobacteria,Burkholderiales,Burkholderiaceae,Burkholderia,BLAST,NA,Betaproteobacteria,NA,NA,NA,NA,NA,NA,NA,NA,NA,Betaproteobacteria
044363047_Proteobacteria_Betaproteobacteria_Burkholderiales_Burkholderiaceae_Burkholderia_BLAST,44363047,Proteobacteria,Betaproteobacteria,Burkholderiales,Burkholderiaceae,Burkholderia,BLAST,NA,Betaproteobacteria,NA,NA,NA,NA,NA,NA,NA,NA,NA,Betaproteobacteria
EEH29242_Proteobacteria_Betaproteobacteria_Burkholderiales_Burkholderiaceae_Burkholderia_BLAST,EEH29242,Proteobacteria,Betaproteobacteria,Burkholderiales,Burkholderiaceae,Burkholderia,BLAST,NA,Betaproteobacteria,NA,NA,NA,NA,NA,NA,NA,NA,NA,Betaproteobacteria
076934204_Proteobacteria_Betaproteobacteria_Burkholderiales_Burkholderiaceae_Burkholderia_BLAST,76934204,Proteobacteria,Betaproteobacteria,Burkholderiales,Burkholderiaceae,Burkholderia,BLAST,NA,Betaproteobacteria,NA,NA,NA,NA,NA,NA,NA,NA,NA,Betaproteobacteria
044361818_Proteobacteria_Betaproteobacteria_Burkholderiales_Burkholderiaceae_Burkholderia_BLAST,44361818,Proteobacteria,Betaproteobacteria,Burkholderiales,Burkholderiaceae,Burkholderia,BLAST,NA,Betaproteobacteria,NA,NA,NA,NA,NA,NA,NA,NA,NA,Betaproteobacteria
076890038_Proteobacteria_Betaproteobacteria_Burkholderiales_Burkholderiaceae_Burkholderia_BLAST,76890038,Proteobacteria,Betaproteobacteria,Burkholderiales,Burkholderiaceae,Burkholderia,BLAST,NA,Betaproteobacteria,NA,NA,NA,NA,NA,NA,NA,NA,NA,Betaproteobacteria
122827056_Proteobacteria_Betaproteobacteria_Burkholderiales_Burkholderiaceae_Burkholderia_BLAST,122827056,Proteobacteria,Betaproteobacteria,Burkholderiales,Burkholderiaceae,Burkholderia,BLAST,NA,Betaproteobacteria,NA,NA,NA,NA,NA,NA,NA,NA,NA,Betaproteobacteria
155017842_Proteobacteria_Betaproteobacteria_Burkholderiales_Burkholderiaceae_Burkholderia_BLAST,155017842,Proteobacteria,Betaproteobacteria,Burkholderiales,Burkholderiaceae,Burkholderia,BLAST,NA,Betaproteobacteria,NA,NA,NA,NA,NA,NA,NA,NA,NA,Betaproteobacteria
085513884_Proteobacteria_Betaproteobacteria_Burkholderiales_Burkholderiaceae_Burkholderia_BLAST,85513884,Proteobacteria,Betaproteobacteria,Burkholderiales,Burkholderiaceae,Burkholderia,BLAST,NA,Betaproteobacteria,NA,NA,NA,NA,NA,NA,NA,NA,NA,Betaproteobacteria
120733745_Proteobacteria_Betaproteobacteria_Burkholderiales_Burkholderiaceae_Burkholderia_BLAST,120733745,Proteobacteria,Betaproteobacteria,Burkholderiales,Burkholderiaceae,Burkholderia,BLAST,NA,Betaproteobacteria,NA,NA,NA,NA,NA,NA,NA,NA,NA,Betaproteobacteria
076899379_Proteobacteria_Betaproteobacteria_Burkholderiales_Burkholderiaceae_Burkholderia_BLAST,76899379,Proteobacteria,Betaproteobacteria,Burkholderiales,Burkholderiaceae,Burkholderia,BLAST,NA,Betaproteobacteria,NA,NA,NA,NA,NA,NA,NA,NA,NA,Betaproteobacteria
076880699_Proteobacteria_Betaproteobacteria_Burkholderiales_Burkholderiaceae_Burkholderia_BLAST,76880699,Proteobacteria,Betaproteobacteria,Burkholderiales,Burkholderiaceae,Burkholderia,BLAST,NA,Betaproteobacteria,NA,NA,NA,NA,NA,NA,NA,NA,NA,Betaproteobacteria
038739675_Proteobacteria_Betaproteobacteria_Burkholderiales_Burkholderiaceae_Burkholderia_BLAST,38739675,Proteobacteria,Betaproteobacteria,Burkholderiales,Burkholderiaceae,Burkholderia,BLAST,NA,Betaproteobacteria,NA,NA,NA,NA,NA,NA,NA,NA,NA,Betaproteobacteria
041189479_Proteobacteria_Betaproteobacteria_Burkholderiales_Burkholderiaceae_Burkholderia_BLAST,41189479,Proteobacteria,Betaproteobacteria,Burkholderiales,Burkholderiaceae,Burkholderia,BLAST,NA,Betaproteobacteria,NA,NA,NA,NA,NA,NA,NA,NA,NA,Betaproteobacteria
076904895_Proteobacteria_Betaproteobacteria_Burkholderiales_Burkholderiaceae_Burkholderia_BLAST,76904895,Proteobacteria,Betaproteobacteria,Burkholderiales,Burkholderiaceae,Burkholderia,BLAST,NA,Betaproteobacteria,NA,NA,NA,NA,NA,NA,NA,NA,NA,Betaproteobacteria
038762914_Proteobacteria_Betaproteobacteria_Burkholderiales_Burkholderiaceae_Burkholderia_BLAST,38762914,Proteobacteria,Betaproteobacteria,Burkholderiales,Burkholderiaceae,Burkholderia,BLAST,NA,Betaproteobacteria,NA,NA,NA,NA,NA,NA,NA,NA,NA,Betaproteobacteria
171466361_Proteobacteria_Betaproteobacteria_Burkholderiales_Burkholderiaceae_Burkholderia_BLAST,171466361,Proteobacteria,Betaproteobacteria,Burkholderiales,Burkholderiaceae,Burkholderia,BLAST,NA,Betaproteobacteria,NA,NA,NA,NA,NA,NA,NA,NA,NA,Betaproteobacteria
009894165_Proteobacteria_Betaproteobacteria_Burkholderiales_Burkholderiaceae_Burkholderia_characterized,9894165,Proteobacteria,Betaproteobacteria,Burkholderiales,Burkholderiaceae,Burkholderia,characterized,NA,Betaproteobacteria,NA,NA,NA,NA,NA,NA,NA,NA,NA,Betaproteobacteria
009901407_Proteobacteria_Betaproteobacteria_Burkholderiales_Burkholderiaceae_Burkholderia_BLAST,9901407,Proteobacteria,Betaproteobacteria,Burkholderiales,Burkholderiaceae,Burkholderia,BLAST,NA,Betaproteobacteria,NA,NA,NA,NA,NA,NA,NA,NA,NA,Betaproteobacteria
019255394_Proteobacteria_Betaproteobacteria_Burkholderiales_Burkholderiaceae_Burkholderia_BLAST,19255394,Proteobacteria,Betaproteobacteria,Burkholderiales,Burkholderiaceae,Burkholderia,BLAST,NA,Betaproteobacteria,NA,NA,NA,NA,NA,NA,NA,NA,NA,Betaproteobacteria
006029086_Proteobacteria_Betaproteobacteria_Burkholderiales_Burkholderiaceae_Burkholderia_BLAST,6029086,Proteobacteria,Betaproteobacteria,Burkholderiales,Burkholderiaceae,Burkholderia,BLAST,NA,Betaproteobacteria,NA,NA,NA,NA,NA,NA,NA,NA,NA,Betaproteobacteria
063534465_Proteobacteria_Betaproteobacteria_Burkholderiales_Burkholderiaceae_Burkholderia_BLAST,63534465,Proteobacteria,Betaproteobacteria,Burkholderiales,Burkholderiaceae,Burkholderia,BLAST,NA,Betaproteobacteria,NA,NA,NA,NA,NA,NA,NA,NA,NA,Betaproteobacteria
171928634_Proteobacteria_Betaproteobacteria_Burkholderiales_Burkholderiaceae_Paraburkholderia_BLAST,171928634,Proteobacteria,Betaproteobacteria,Burkholderiales,Burkholderiaceae,Paraburkholderia,BLAST,NA,Betaproteobacteria,NA,NA,NA,NA,NA,NA,NA,NA,NA,Betaproteobacteria
105511553_Proteobacteria_Betaproteobacteria_Burkholderiales_Burkholderiaceae_Paraburkholderia_BLAST,105511553,Proteobacteria,Betaproteobacteria,Burkholderiales,Burkholderiaceae,Paraburkholderia,BLAST,NA,Betaproteobacteria,NA,NA,NA,NA,NA,NA,NA,NA,NA,Betaproteobacteria
ASL46315_Proteobacteria_Betaproteobacteria_Burkholderiales_Burkholderiaceae_Burkholderia_BLAST,ASL46315,Proteobacteria,Betaproteobacteria,Burkholderiales,Burkholderiaceae,Burkholderia,BLAST,NA,Betaproteobacteria,NA,NA,NA,NA,NA,NA,NA,NA,NA,Betaproteobacteria
111934302_Proteobacteria_Betaproteobacteria_Burkholderiales_Burkholderiaceae_Paraburkholderia_BLAST,111934302,Proteobacteria,Betaproteobacteria,Burkholderiales,Burkholderiaceae,Paraburkholderia,BLAST,NA,Betaproteobacteria,NA,NA,NA,NA,NA,NA,NA,NA,NA,Betaproteobacteria
179710545_Proteobacteria_Betaproteobacteria_Burkholderiales_Burkholderiaceae_Paraburkholderia_BLAST,179710545,Proteobacteria,Betaproteobacteria,Burkholderiales,Burkholderiaceae,Paraburkholderia,BLAST,NA,Betaproteobacteria,NA,NA,NA,NA,NA,NA,NA,NA,NA,Betaproteobacteria
179746162_Proteobacteria_Betaproteobacteria_Burkholderiales_Burkholderiaceae_Paraburkholderia_BLAST,179746162,Proteobacteria,Betaproteobacteria,Burkholderiales,Burkholderiaceae,Paraburkholderia,BLAST,NA,Betaproteobacteria,NA,NA,NA,NA,NA,NA,NA,NA,NA,Betaproteobacteria
124452740_Proteobacteria_Betaproteobacteria_Burkholderiales_Burkholderiaceae_Burkholderia_BLAST,124452740,Proteobacteria,Betaproteobacteria,Burkholderiales,Burkholderiaceae,Burkholderia,BLAST,NA,Betaproteobacteria,NA,NA,NA,NA,NA,NA,NA,NA,NA,Betaproteobacteria
039321274_Proteobacteria_Betaproteobacteria_Burkholderiales_Burkholderiaceae_Burkholderia_BLAST,39321274,Proteobacteria,Betaproteobacteria,Burkholderiales,Burkholderiaceae,Burkholderia,BLAST,NA,Betaproteobacteria,NA,NA,NA,NA,NA,NA,NA,NA,NA,Betaproteobacteria
006759583_Proteobacteria_Betaproteobacteria_Burkholderiales_Burkholderiaceae_Burkholderia_BLAST,6759583,Proteobacteria,Betaproteobacteria,Burkholderiales,Burkholderiaceae,Burkholderia,BLAST,NA,Betaproteobacteria,NA,NA,NA,NA,NA,NA,NA,NA,NA,Betaproteobacteria
175764049_Proteobacteria_Betaproteobacteria_Burkholderiales_Burkholderiaceae_Burkholderia_BLAST,175764049,Proteobacteria,Betaproteobacteria,Burkholderiales,Burkholderiaceae,Burkholderia,BLAST,NA,Betaproteobacteria,NA,NA,NA,NA,NA,NA,NA,NA,NA,Betaproteobacteria
006753568_Proteobacteria_Betaproteobacteria_Burkholderiales_Burkholderiaceae_Burkholderia_BLAST,6753568,Proteobacteria,Betaproteobacteria,Burkholderiales,Burkholderiaceae,Burkholderia,BLAST,NA,Betaproteobacteria,NA,NA,NA,NA,NA,NA,NA,NA,NA,Betaproteobacteria
175672999_Proteobacteria_Betaproteobacteria_Burkholderiales_Burkholderiaceae_Burkholderia_BLAST,175672999,Proteobacteria,Betaproteobacteria,Burkholderiales,Burkholderiaceae,Burkholderia,BLAST,NA,Betaproteobacteria,NA,NA,NA,NA,NA,NA,NA,NA,NA,Betaproteobacteria
175675855_Proteobacteria_Betaproteobacteria_Burkholderiales_Burkholderiaceae_Burkholderia_BLAST,175675855,Proteobacteria,Betaproteobacteria,Burkholderiales,Burkholderiaceae,Burkholderia,BLAST,NA,Betaproteobacteria,NA,NA,NA,NA,NA,NA,NA,NA,NA,Betaproteobacteria
012371946_Proteobacteria_Betaproteobacteria_Burkholderiales_Burkholderiaceae_Burkholderia_BLAST,12371946,Proteobacteria,Betaproteobacteria,Burkholderiales,Burkholderiaceae,Burkholderia,BLAST,NA,Betaproteobacteria,NA,NA,NA,NA,NA,NA,NA,NA,NA,Betaproteobacteria
175756731_Proteobacteria_Betaproteobacteria_Burkholderiales_Burkholderiaceae_Burkholderia_BLAST,175756731,Proteobacteria,Betaproteobacteria,Burkholderiales,Burkholderiaceae,Burkholderia,BLAST,NA,Betaproteobacteria,NA,NA,NA,NA,NA,NA,NA,NA,NA,Betaproteobacteria
175708327_Proteobacteria_Betaproteobacteria_Burkholderiales_Burkholderiaceae_Burkholderia_BLAST,175708327,Proteobacteria,Betaproteobacteria,Burkholderiales,Burkholderiaceae,Burkholderia,BLAST,NA,Betaproteobacteria,NA,NA,NA,NA,NA,NA,NA,NA,NA,Betaproteobacteria
165754083_Proteobacteria_Betaproteobacteria_Burkholderiales_Burkholderiaceae_Burkholderia_BLAST,165754083,Proteobacteria,Betaproteobacteria,Burkholderiales,Burkholderiaceae,Burkholderia,BLAST,NA,Betaproteobacteria,NA,NA,NA,NA,NA,NA,NA,NA,NA,Betaproteobacteria
124665197_Proteobacteria_Betaproteobacteria_Burkholderiales_Burkholderiaceae_Burkholderia_BLAST,124665197,Proteobacteria,Betaproteobacteria,Burkholderiales,Burkholderiaceae,Burkholderia,BLAST,NA,Betaproteobacteria,NA,NA,NA,NA,NA,NA,NA,NA,NA,Betaproteobacteria
124611908_Proteobacteria_Betaproteobacteria_Burkholderiales_Burkholderiaceae_Burkholderia_BLAST,124611908,Proteobacteria,Betaproteobacteria,Burkholderiales,Burkholderiaceae,Burkholderia,BLAST,NA,Betaproteobacteria,NA,NA,NA,NA,NA,NA,NA,NA,NA,Betaproteobacteria
059595941_Proteobacteria_Betaproteobacteria_Burkholderiales_Burkholderiaceae_Burkholderia_BLAST,59595941,Proteobacteria,Betaproteobacteria,Burkholderiales,Burkholderiaceae,Burkholderia,BLAST,NA,Betaproteobacteria,NA,NA,NA,NA,NA,NA,NA,NA,NA,Betaproteobacteria
059651490_Proteobacteria_Betaproteobacteria_Burkholderiales_Burkholderiaceae_Burkholderia_BLAST,59651490,Proteobacteria,Betaproteobacteria,Burkholderiales,Burkholderiaceae,Burkholderia,BLAST,NA,Betaproteobacteria,NA,NA,NA,NA,NA,NA,NA,NA,NA,Betaproteobacteria
059749222_Proteobacteria_Betaproteobacteria_Burkholderiales_Burkholderiaceae_Burkholderia_BLAST,59749222,Proteobacteria,Betaproteobacteria,Burkholderiales,Burkholderiaceae,Burkholderia,BLAST,NA,Betaproteobacteria,NA,NA,NA,NA,NA,NA,NA,NA,NA,Betaproteobacteria
060136801_Proteobacteria_Betaproteobacteria_Burkholderiales_Burkholderiaceae_Burkholderia_BLAST,60136801,Proteobacteria,Betaproteobacteria,Burkholderiales,Burkholderiaceae,Burkholderia,BLAST,NA,Betaproteobacteria,NA,NA,NA,NA,NA,NA,NA,NA,NA,Betaproteobacteria
076479796_Proteobacteria_Betaproteobacteria_Burkholderiales_Burkholderiaceae_Burkholderia_BLAST,76479796,Proteobacteria,Betaproteobacteria,Burkholderiales,Burkholderiaceae,Burkholderia,BLAST,NA,Betaproteobacteria,NA,NA,NA,NA,NA,NA,NA,NA,NA,Betaproteobacteria
116135253_Proteobacteria_Betaproteobacteria_Burkholderiales_Burkholderiaceae_Paraburkholderia_BLAST,116135253,Proteobacteria,Betaproteobacteria,Burkholderiales,Burkholderiaceae,Paraburkholderia,BLAST,NA,Betaproteobacteria,NA,NA,NA,NA,NA,NA,NA,NA,NA,Betaproteobacteria
CCA86491_Proteobacteria_Betaproteobacteria_Burkholderiales_Burkholderiaceae_Ralstonia_BLAST,CCA86491,Proteobacteria,Betaproteobacteria,Burkholderiales,Burkholderiaceae,Ralstonia,BLAST,NA,Betaproteobacteria,NA,NA,NA,NA,NA,NA,NA,NA,NA,Betaproteobacteria
075464144_Proteobacteria_Betaproteobacteria_Burkholderiales_Burkholderiaceae_Ralstonia_BLAST,75464144,Proteobacteria,Betaproteobacteria,Burkholderiales,Burkholderiaceae,Ralstonia,BLAST,NA,Betaproteobacteria,NA,NA,NA,NA,NA,NA,NA,NA,NA,Betaproteobacteria
013212440_Proteobacteria_Betaproteobacteria_Burkholderiales_Burkholderiaceae_Ralstonia_BLAST,13212440,Proteobacteria,Betaproteobacteria,Burkholderiales,Burkholderiaceae,Ralstonia,BLAST,NA,Betaproteobacteria,NA,NA,NA,NA,NA,NA,NA,NA,NA,Betaproteobacteria
118883125_Proteobacteria_Betaproteobacteria_Burkholderiales_Burkholderiaceae_Ralstonia_BLAST,118883125,Proteobacteria,Betaproteobacteria,Burkholderiales,Burkholderiaceae,Ralstonia,BLAST,NA,Betaproteobacteria,NA,NA,NA,NA,NA,NA,NA,NA,NA,Betaproteobacteria
124982977_Proteobacteria_Betaproteobacteria_Burkholderiales_Burkholderiaceae_Ralstonia_BLAST,124982977,Proteobacteria,Betaproteobacteria,Burkholderiales,Burkholderiaceae,Ralstonia,BLAST,NA,Betaproteobacteria,NA,NA,NA,NA,NA,NA,NA,NA,NA,Betaproteobacteria
055325719_Proteobacteria_Betaproteobacteria_Burkholderiales_Burkholderiaceae_Ralstonia_BLAST,55325719,Proteobacteria,Betaproteobacteria,Burkholderiales,Burkholderiaceae,Ralstonia,BLAST,NA,Betaproteobacteria,NA,NA,NA,NA,NA,NA,NA,NA,NA,Betaproteobacteria
014616985_Proteobacteria_Betaproteobacteria_Burkholderiales_Burkholderiaceae_Ralstonia_BLAST,14616985,Proteobacteria,Betaproteobacteria,Burkholderiales,Burkholderiaceae,Ralstonia,BLAST,NA,Betaproteobacteria,NA,NA,NA,NA,NA,NA,NA,NA,NA,Betaproteobacteria
003267827_Proteobacteria_Betaproteobacteria_Burkholderiales_Burkholderiaceae_Ralstonia_BLAST,3267827,Proteobacteria,Betaproteobacteria,Burkholderiales,Burkholderiaceae,Ralstonia,BLAST,NA,Betaproteobacteria,NA,NA,NA,NA,NA,NA,NA,NA,NA,Betaproteobacteria
119446631_Proteobacteria_Betaproteobacteria_Burkholderiales_Burkholderiaceae_Ralstonia_BLAST,119446631,Proteobacteria,Betaproteobacteria,Burkholderiales,Burkholderiaceae,Ralstonia,BLAST,NA,Betaproteobacteria,NA,NA,NA,NA,NA,NA,NA,NA,NA,Betaproteobacteria
075455563_Proteobacteria_Betaproteobacteria_Burkholderiales_Burkholderiaceae_Ralstonia_BLAST,75455563,Proteobacteria,Betaproteobacteria,Burkholderiales,Burkholderiaceae,Ralstonia,BLAST,NA,Betaproteobacteria,NA,NA,NA,NA,NA,NA,NA,NA,NA,Betaproteobacteria
184849990_Proteobacteria_Betaproteobacteria_Burkholderiales_Burkholderiaceae_Ralstonia_BLAST,184849990,Proteobacteria,Betaproteobacteria,Burkholderiales,Burkholderiaceae,Ralstonia,BLAST,NA,Betaproteobacteria,NA,NA,NA,NA,NA,NA,NA,NA,NA,Betaproteobacteria
042550112_Proteobacteria_Betaproteobacteria_Burkholderiales_Burkholderiaceae_Ralstonia_BLAST,42550112,Proteobacteria,Betaproteobacteria,Burkholderiales,Burkholderiaceae,Ralstonia,BLAST,NA,Betaproteobacteria,NA,NA,NA,NA,NA,NA,NA,NA,NA,Betaproteobacteria
049279483_Proteobacteria_Betaproteobacteria_Burkholderiales_Burkholderiaceae_Ralstonia_BLAST,49279483,Proteobacteria,Betaproteobacteria,Burkholderiales,Burkholderiaceae,Ralstonia,BLAST,NA,Betaproteobacteria,NA,NA,NA,NA,NA,NA,NA,NA,NA,Betaproteobacteria
049279555_Proteobacteria_Betaproteobacteria_Burkholderiales_Burkholderiaceae_Ralstonia_BLAST,49279555,Proteobacteria,Betaproteobacteria,Burkholderiales,Burkholderiaceae,Ralstonia,BLAST,NA,Betaproteobacteria,NA,NA,NA,NA,NA,NA,NA,NA,NA,Betaproteobacteria
013205939_Proteobacteria_Betaproteobacteria_Burkholderiales_Burkholderiaceae_Ralstonia_BLAST,13205939,Proteobacteria,Betaproteobacteria,Burkholderiales,Burkholderiaceae,Ralstonia,BLAST,NA,Betaproteobacteria,NA,NA,NA,NA,NA,NA,NA,NA,NA,Betaproteobacteria
120453575_Proteobacteria_Betaproteobacteria_Burkholderiales_Burkholderiaceae_Ralstonia_BLAST,120453575,Proteobacteria,Betaproteobacteria,Burkholderiales,Burkholderiaceae,Ralstonia,BLAST,NA,Betaproteobacteria,NA,NA,NA,NA,NA,NA,NA,NA,NA,Betaproteobacteria
011001666_Proteobacteria_Betaproteobacteria_Burkholderiales_Burkholderiaceae_Ralstonia_PFAM,11001666,Proteobacteria,Betaproteobacteria,Burkholderiales,Burkholderiaceae,Ralstonia,PFAM,NA,Betaproteobacteria,NA,NA,NA,NA,NA,NA,NA,NA,NA,Betaproteobacteria
064477837_Proteobacteria_Betaproteobacteria_Burkholderiales_Burkholderiaceae_Ralstonia_BLAST,64477837,Proteobacteria,Betaproteobacteria,Burkholderiales,Burkholderiaceae,Ralstonia,BLAST,NA,Betaproteobacteria,NA,NA,NA,NA,NA,NA,NA,NA,NA,Betaproteobacteria
020832075_Proteobacteria_Betaproteobacteria_Burkholderiales_Burkholderiaceae_Ralstonia_BLAST,20832075,Proteobacteria,Betaproteobacteria,Burkholderiales,Burkholderiaceae,Ralstonia,BLAST,NA,Betaproteobacteria,NA,NA,NA,NA,NA,NA,NA,NA,NA,Betaproteobacteria
165591365_Proteobacteria_Betaproteobacteria_Burkholderiales_Burkholderiaceae_Ralstonia_BLAST,165591365,Proteobacteria,Betaproteobacteria,Burkholderiales,Burkholderiaceae,Ralstonia,BLAST,NA,Betaproteobacteria,NA,NA,NA,NA,NA,NA,NA,NA,NA,Betaproteobacteria
071015124_Proteobacteria_Betaproteobacteria_Burkholderiales_Burkholderiaceae_Ralstonia_BLAST,71015124,Proteobacteria,Betaproteobacteria,Burkholderiales,Burkholderiaceae,Ralstonia,BLAST,NA,Betaproteobacteria,NA,NA,NA,NA,NA,NA,NA,NA,NA,Betaproteobacteria
104070575_Proteobacteria_Betaproteobacteria_Burkholderiales_Burkholderiaceae_Ralstonia_BLAST,104070575,Proteobacteria,Betaproteobacteria,Burkholderiales,Burkholderiaceae,Ralstonia,BLAST,NA,Betaproteobacteria,NA,NA,NA,NA,NA,NA,NA,NA,NA,Betaproteobacteria
064049397_Proteobacteria_Betaproteobacteria_Burkholderiales_Burkholderiaceae_Ralstonia_BLAST,64049397,Proteobacteria,Betaproteobacteria,Burkholderiales,Burkholderiaceae,Ralstonia,BLAST,NA,Betaproteobacteria,NA,NA,NA,NA,NA,NA,NA,NA,NA,Betaproteobacteria
020748530_Proteobacteria_Betaproteobacteria_Burkholderiales_Burkholderiaceae_Ralstonia_BLAST,20748530,Proteobacteria,Betaproteobacteria,Burkholderiales,Burkholderiaceae,Ralstonia,BLAST,NA,Betaproteobacteria,NA,NA,NA,NA,NA,NA,NA,NA,NA,Betaproteobacteria
193025454_Proteobacteria_Betaproteobacteria_Burkholderiales_Burkholderiaceae_Ralstonia_BLAST,193025454,Proteobacteria,Betaproteobacteria,Burkholderiales,Burkholderiaceae,Ralstonia,BLAST,NA,Betaproteobacteria,NA,NA,NA,NA,NA,NA,NA,NA,NA,Betaproteobacteria
193034507_Proteobacteria_Betaproteobacteria_Burkholderiales_Burkholderiaceae_Ralstonia_BLAST,193034507,Proteobacteria,Betaproteobacteria,Burkholderiales,Burkholderiaceae,Ralstonia,BLAST,NA,Betaproteobacteria,NA,NA,NA,NA,NA,NA,NA,NA,NA,Betaproteobacteria
186923420_Proteobacteria_Betaproteobacteria_Burkholderiales_Oxalobacteraceae_Undibacterium_BLAST,186923420,Proteobacteria,Betaproteobacteria,Burkholderiales,Oxalobacteraceae,Undibacterium,BLAST,NA,Betaproteobacteria,NA,NA,NA,NA,NA,NA,NA,NA,NA,Betaproteobacteria
110256024_Proteobacteria_Betaproteobacteria_Burkholderiales_Oxalobacteraceae_Undibacterium_BLAST,110256024,Proteobacteria,Betaproteobacteria,Burkholderiales,Oxalobacteraceae,Undibacterium,BLAST,NA,Betaproteobacteria,NA,NA,NA,NA,NA,NA,NA,NA,NA,Betaproteobacteria
BBB62971_Proteobacteria_Betaproteobacteria_Burkholderiales_Oxalobacteraceae_Undibacterium_BLAST,BBB62971,Proteobacteria,Betaproteobacteria,Burkholderiales,Oxalobacteraceae,Undibacterium,BLAST,NA,Betaproteobacteria,NA,NA,NA,NA,NA,NA,NA,NA,NA,Betaproteobacteria
162060725_Proteobacteria_Betaproteobacteria_Burkholderiales_Oxalobacteraceae_Undibacterium_BLAST,162060725,Proteobacteria,Betaproteobacteria,Burkholderiales,Oxalobacteraceae,Undibacterium,BLAST,NA,Betaproteobacteria,NA,NA,NA,NA,NA,NA,NA,NA,NA,Betaproteobacteria
BBB68918_Proteobacteria_Betaproteobacteria_Burkholderiales_Oxalobacteraceae_Undibacterium_BLAST,BBB68918,Proteobacteria,Betaproteobacteria,Burkholderiales,Oxalobacteraceae,Undibacterium,BLAST,NA,Betaproteobacteria,NA,NA,NA,NA,NA,NA,NA,NA,NA,Betaproteobacteria
162043268_Proteobacteria_Betaproteobacteria_Burkholderiales_Oxalobacteraceae_Undibacterium_BLAST,162043268,Proteobacteria,Betaproteobacteria,Burkholderiales,Oxalobacteraceae,Undibacterium,BLAST,NA,Betaproteobacteria,NA,NA,NA,NA,NA,NA,NA,NA,NA,Betaproteobacteria
PWB65096_Unknown_Unknown_Unknown_Unknown_Bradyrhizobiaceae_BLAST,PWB65096,Unknown,Unknown,Unknown,Unknown,Bradyrhizobiaceae,BLAST,NA,Bradyrhizobiaceae,NA,NA,NA,NA,NA,NA,NA,NA,NA,Bradyrhizobiaceae
035555099_Unknown_Unknown_Unknown_Unknown_Burkholderiaceae_BLAST,35555099,Unknown,Unknown,Unknown,Unknown,Burkholderiaceae,BLAST,NA,Burkholderiaceae,NA,NA,NA,NA,NA,NA,NA,NA,NA,Burkholderiaceae
088241117_Cyanobacteria_Unknown_Nostocales_Rivulariaceae_Calothrix_BLAST,88241117,Cyanobacteria,Unknown,Nostocales,Rivulariaceae,Calothrix,BLAST,NA,Cyanobacteria,NA,NA,NA,NA,NA,NA,NA,NA,NA,Cyanobacteria
KYF90177_Proteobacteria_Deltaproteobacteria_Myxococcales_Polyangiaceae_Sorangium_BLAST,KYF90177,Proteobacteria,Deltaproteobacteria,Myxococcales,Polyangiaceae,Sorangium,BLAST,NA,Deltaproteobacteria,NA,NA,NA,NA,NA,NA,NA,NA,NA,Deltaproteobacteria
KYF96555_Proteobacteria_Deltaproteobacteria_Myxococcales_Polyangiaceae_Sorangium_BLAST,KYF96555,Proteobacteria,Deltaproteobacteria,Myxococcales,Polyangiaceae,Sorangium,BLAST,NA,Deltaproteobacteria,NA,NA,NA,NA,NA,NA,NA,NA,NA,Deltaproteobacteria
020737839_Proteobacteria_Deltaproteobacteria_Myxococcales_Polyangiaceae_Sorangium_BLAST,20737839,Proteobacteria,Deltaproteobacteria,Myxococcales,Polyangiaceae,Sorangium,BLAST,NA,Deltaproteobacteria,NA,NA,NA,NA,NA,NA,NA,NA,NA,Deltaproteobacteria
KYG04170_Proteobacteria_Deltaproteobacteria_Myxococcales_Polyangiaceae_Sorangium_BLAST,KYG04170,Proteobacteria,Deltaproteobacteria,Myxococcales,Polyangiaceae,Sorangium,BLAST,NA,Deltaproteobacteria,NA,NA,NA,NA,NA,NA,NA,NA,NA,Deltaproteobacteria
AFH75335_Proteobacteria_Gammaproteobacteria_Pseudomonadales_Pseudomonadaceae_Pseudomonas_BLAST,AFH75335,Proteobacteria,Gammaproteobacteria,Pseudomonadales,Pseudomonadaceae,Pseudomonas,BLAST,NA,Gammaproteobacteria,NA,NA,NA,NA,NA,NA,NA,NA,NA,Gammaproteobacteria
124346322_Proteobacteria_Gammaproteobacteria_Pseudomonadales_Pseudomonadaceae_Pseudomonas_BLAST,124346322,Proteobacteria,Gammaproteobacteria,Pseudomonadales,Pseudomonadaceae,Pseudomonas,BLAST,NA,Gammaproteobacteria,NA,NA,NA,NA,NA,NA,NA,NA,NA,Gammaproteobacteria
185701745_Proteobacteria_Gammaproteobacteria_Pseudomonadales_Pseudomonadaceae_Pseudomonas_BLAST,185701745,Proteobacteria,Gammaproteobacteria,Pseudomonadales,Pseudomonadaceae,Pseudomonas,BLAST,NA,Gammaproteobacteria,NA,NA,NA,NA,NA,NA,NA,NA,NA,Gammaproteobacteria
022643565_Proteobacteria_Gammaproteobacteria_Pseudomonadales_Pseudomonadaceae_Pseudomonas_BLAST,22643565,Proteobacteria,Gammaproteobacteria,Pseudomonadales,Pseudomonadaceae,Pseudomonas,BLAST,NA,Gammaproteobacteria,NA,NA,NA,NA,NA,NA,NA,NA,NA,Gammaproteobacteria
053138491_Proteobacteria_Gammaproteobacteria_Pseudomonadales_Pseudomonadaceae_Pseudomonas_BLAST,53138491,Proteobacteria,Gammaproteobacteria,Pseudomonadales,Pseudomonadaceae,Pseudomonas,BLAST,NA,Gammaproteobacteria,NA,NA,NA,NA,NA,NA,NA,NA,NA,Gammaproteobacteria
152897173_Proteobacteria_Gammaproteobacteria_Pseudomonadales_Pseudomonadaceae_Pseudomonas_BLAST,152897173,Proteobacteria,Gammaproteobacteria,Pseudomonadales,Pseudomonadaceae,Pseudomonas,BLAST,NA,Gammaproteobacteria,NA,NA,NA,NA,NA,NA,NA,NA,NA,Gammaproteobacteria
103326699_Proteobacteria_Gammaproteobacteria_Pseudomonadales_Pseudomonadaceae_Pseudomonas_BLAST,103326699,Proteobacteria,Gammaproteobacteria,Pseudomonadales,Pseudomonadaceae,Pseudomonas,BLAST,NA,Gammaproteobacteria,NA,NA,NA,NA,NA,NA,NA,NA,NA,Gammaproteobacteria
123724082_Proteobacteria_Gammaproteobacteria_Pseudomonadales_Pseudomonadaceae_Pseudomonas_BLAST,123724082,Proteobacteria,Gammaproteobacteria,Pseudomonadales,Pseudomonadaceae,Pseudomonas,BLAST,NA,Gammaproteobacteria,NA,NA,NA,NA,NA,NA,NA,NA,NA,Gammaproteobacteria
047285145_Proteobacteria_Gammaproteobacteria_Pseudomonadales_Pseudomonadaceae_Pseudomonas_BLAST,47285145,Proteobacteria,Gammaproteobacteria,Pseudomonadales,Pseudomonadaceae,Pseudomonas,BLAST,NA,Gammaproteobacteria,NA,NA,NA,NA,NA,NA,NA,NA,NA,Gammaproteobacteria
103291316_Proteobacteria_Gammaproteobacteria_Pseudomonadales_Pseudomonadaceae_Pseudomonas_BLAST,103291316,Proteobacteria,Gammaproteobacteria,Pseudomonadales,Pseudomonadaceae,Pseudomonas,BLAST,NA,Gammaproteobacteria,NA,NA,NA,NA,NA,NA,NA,NA,NA,Gammaproteobacteria
103408102_Proteobacteria_Gammaproteobacteria_Pseudomonadales_Pseudomonadaceae_Pseudomonas_BLAST,103408102,Proteobacteria,Gammaproteobacteria,Pseudomonadales,Pseudomonadaceae,Pseudomonas,BLAST,NA,Gammaproteobacteria,NA,NA,NA,NA,NA,NA,NA,NA,NA,Gammaproteobacteria
041117107_Proteobacteria_Gammaproteobacteria_Pseudomonadales_Pseudomonadaceae_Pseudomonas_BLAST,41117107,Proteobacteria,Gammaproteobacteria,Pseudomonadales,Pseudomonadaceae,Pseudomonas,BLAST,NA,Gammaproteobacteria,NA,NA,NA,NA,NA,NA,NA,NA,NA,Gammaproteobacteria
AAY91426_Proteobacteria_Gammaproteobacteria_Pseudomonadales_Pseudomonadaceae_Pseudomonas_BLAST,AAY91426,Proteobacteria,Gammaproteobacteria,Pseudomonadales,Pseudomonadaceae,Pseudomonas,BLAST,NA,Gammaproteobacteria,NA,NA,NA,NA,NA,NA,NA,NA,NA,Gammaproteobacteria
145713021_Proteobacteria_Gammaproteobacteria_Pseudomonadales_Pseudomonadaceae_Pseudomonas_BLAST,145713021,Proteobacteria,Gammaproteobacteria,Pseudomonadales,Pseudomonadaceae,Pseudomonas,BLAST,NA,Gammaproteobacteria,NA,NA,NA,NA,NA,NA,NA,NA,NA,Gammaproteobacteria
015634941_Proteobacteria_Gammaproteobacteria_Pseudomonadales_Pseudomonadaceae_Pseudomonas_BLAST,15634941,Proteobacteria,Gammaproteobacteria,Pseudomonadales,Pseudomonadaceae,Pseudomonas,BLAST,NA,Gammaproteobacteria,NA,NA,NA,NA,NA,NA,NA,NA,NA,Gammaproteobacteria
047336236_Proteobacteria_Gammaproteobacteria_Pseudomonadales_Pseudomonadaceae_Pseudomonas_BLAST,47336236,Proteobacteria,Gammaproteobacteria,Pseudomonadales,Pseudomonadaceae,Pseudomonas,BLAST,NA,Gammaproteobacteria,NA,NA,NA,NA,NA,NA,NA,NA,NA,Gammaproteobacteria
123392673_Proteobacteria_Gammaproteobacteria_Pseudomonadales_Pseudomonadaceae_Pseudomonas_BLAST,123392673,Proteobacteria,Gammaproteobacteria,Pseudomonadales,Pseudomonadaceae,Pseudomonas,BLAST,NA,Gammaproteobacteria,NA,NA,NA,NA,NA,NA,NA,NA,NA,Gammaproteobacteria
102863592_Proteobacteria_Gammaproteobacteria_Pseudomonadales_Pseudomonadaceae_Pseudomonas_BLAST,102863592,Proteobacteria,Gammaproteobacteria,Pseudomonadales,Pseudomonadaceae,Pseudomonas,BLAST,NA,Gammaproteobacteria,NA,NA,NA,NA,NA,NA,NA,NA,NA,Gammaproteobacteria
102882412_Proteobacteria_Gammaproteobacteria_Pseudomonadales_Pseudomonadaceae_Pseudomonas_BLAST,102882412,Proteobacteria,Gammaproteobacteria,Pseudomonadales,Pseudomonadaceae,Pseudomonas,BLAST,NA,Gammaproteobacteria,NA,NA,NA,NA,NA,NA,NA,NA,NA,Gammaproteobacteria
025130124_Proteobacteria_Gammaproteobacteria_Pseudomonadales_Pseudomonadaceae_Pseudomonas_BLAST,25130124,Proteobacteria,Gammaproteobacteria,Pseudomonadales,Pseudomonadaceae,Pseudomonas,BLAST,NA,Gammaproteobacteria,NA,NA,NA,NA,NA,NA,NA,NA,NA,Gammaproteobacteria
060838456_Proteobacteria_Gammaproteobacteria_Pseudomonadales_Pseudomonadaceae_Pseudomonas_BLAST,60838456,Proteobacteria,Gammaproteobacteria,Pseudomonadales,Pseudomonadaceae,Pseudomonas,BLAST,NA,Gammaproteobacteria,NA,NA,NA,NA,NA,NA,NA,NA,NA,Gammaproteobacteria
060843025_Proteobacteria_Gammaproteobacteria_Pseudomonadales_Pseudomonadaceae_Pseudomonas_BLAST,60843025,Proteobacteria,Gammaproteobacteria,Pseudomonadales,Pseudomonadaceae,Pseudomonas,BLAST,NA,Gammaproteobacteria,NA,NA,NA,NA,NA,NA,NA,NA,NA,Gammaproteobacteria
179597208_Proteobacteria_Gammaproteobacteria_Pseudomonadales_Pseudomonadaceae_Pseudomonas_BLAST,179597208,Proteobacteria,Gammaproteobacteria,Pseudomonadales,Pseudomonadaceae,Pseudomonas,BLAST,NA,Gammaproteobacteria,NA,NA,NA,NA,NA,NA,NA,NA,NA,Gammaproteobacteria
047305108_Proteobacteria_Gammaproteobacteria_Pseudomonadales_Pseudomonadaceae_Pseudomonas_BLAST,47305108,Proteobacteria,Gammaproteobacteria,Pseudomonadales,Pseudomonadaceae,Pseudomonas,BLAST,NA,Gammaproteobacteria,NA,NA,NA,NA,NA,NA,NA,NA,NA,Gammaproteobacteria
159897589_Proteobacteria_Gammaproteobacteria_Pseudomonadales_Pseudomonadaceae_Pseudomonas_BLAST,159897589,Proteobacteria,Gammaproteobacteria,Pseudomonadales,Pseudomonadaceae,Pseudomonas,BLAST,NA,Gammaproteobacteria,NA,NA,NA,NA,NA,NA,NA,NA,NA,Gammaproteobacteria
092316178_Proteobacteria_Gammaproteobacteria_Pseudomonadales_Pseudomonadaceae_Pseudomonas_BLAST,92316178,Proteobacteria,Gammaproteobacteria,Pseudomonadales,Pseudomonadaceae,Pseudomonas,BLAST,NA,Gammaproteobacteria,NA,NA,NA,NA,NA,NA,NA,NA,NA,Gammaproteobacteria
103496830_Proteobacteria_Gammaproteobacteria_Pseudomonadales_Pseudomonadaceae_Pseudomonas_BLAST,103496830,Proteobacteria,Gammaproteobacteria,Pseudomonadales,Pseudomonadaceae,Pseudomonas,BLAST,NA,Gammaproteobacteria,NA,NA,NA,NA,NA,NA,NA,NA,NA,Gammaproteobacteria
100941715_Proteobacteria_Gammaproteobacteria_Pseudomonadales_Pseudomonadaceae_Pseudomonas_BLAST,100941715,Proteobacteria,Gammaproteobacteria,Pseudomonadales,Pseudomonadaceae,Pseudomonas,BLAST,NA,Gammaproteobacteria,NA,NA,NA,NA,NA,NA,NA,NA,NA,Gammaproteobacteria
040066309_Proteobacteria_Gammaproteobacteria_Pseudomonadales_Pseudomonadaceae_Pseudomonas_BLAST,40066309,Proteobacteria,Gammaproteobacteria,Pseudomonadales,Pseudomonadaceae,Pseudomonas,BLAST,NA,Gammaproteobacteria,NA,NA,NA,NA,NA,NA,NA,NA,NA,Gammaproteobacteria
177145414_Proteobacteria_Gammaproteobacteria_Pseudomonadales_Pseudomonadaceae_Pseudomonas_BLAST,177145414,Proteobacteria,Gammaproteobacteria,Pseudomonadales,Pseudomonadaceae,Pseudomonas,BLAST,NA,Gammaproteobacteria,NA,NA,NA,NA,NA,NA,NA,NA,NA,Gammaproteobacteria
134826564_Proteobacteria_Gammaproteobacteria_Pseudomonadales_Pseudomonadaceae_Pseudomonas_BLAST,134826564,Proteobacteria,Gammaproteobacteria,Pseudomonadales,Pseudomonadaceae,Pseudomonas,BLAST,NA,Gammaproteobacteria,NA,NA,NA,NA,NA,NA,NA,NA,NA,Gammaproteobacteria
119429120_Proteobacteria_Gammaproteobacteria_Pseudomonadales_Pseudomonadaceae_Pseudomonas_BLAST,119429120,Proteobacteria,Gammaproteobacteria,Pseudomonadales,Pseudomonadaceae,Pseudomonas,BLAST,NA,Gammaproteobacteria,NA,NA,NA,NA,NA,NA,NA,NA,NA,Gammaproteobacteria
114882444_Proteobacteria_Gammaproteobacteria_Pseudomonadales_Pseudomonadaceae_Pseudomonas_BLAST,114882444,Proteobacteria,Gammaproteobacteria,Pseudomonadales,Pseudomonadaceae,Pseudomonas,BLAST,NA,Gammaproteobacteria,NA,NA,NA,NA,NA,NA,NA,NA,NA,Gammaproteobacteria
065261299_Proteobacteria_Gammaproteobacteria_Pseudomonadales_Pseudomonadaceae_Pseudomonas_BLAST,65261299,Proteobacteria,Gammaproteobacteria,Pseudomonadales,Pseudomonadaceae,Pseudomonas,BLAST,NA,Gammaproteobacteria,NA,NA,NA,NA,NA,NA,NA,NA,NA,Gammaproteobacteria
085703723_Proteobacteria_Gammaproteobacteria_Pseudomonadales_Pseudomonadaceae_Pseudomonas_BLAST,85703723,Proteobacteria,Gammaproteobacteria,Pseudomonadales,Pseudomonadaceae,Pseudomonas,BLAST,NA,Gammaproteobacteria,NA,NA,NA,NA,NA,NA,NA,NA,NA,Gammaproteobacteria
085700336_Proteobacteria_Gammaproteobacteria_Pseudomonadales_Pseudomonadaceae_Pseudomonas_BLAST,85700336,Proteobacteria,Gammaproteobacteria,Pseudomonadales,Pseudomonadaceae,Pseudomonas,BLAST,NA,Gammaproteobacteria,NA,NA,NA,NA,NA,NA,NA,NA,NA,Gammaproteobacteria
115077531_Proteobacteria_Gammaproteobacteria_Pseudomonadales_Pseudomonadaceae_Pseudomonas_BLAST,115077531,Proteobacteria,Gammaproteobacteria,Pseudomonadales,Pseudomonadaceae,Pseudomonas,BLAST,NA,Gammaproteobacteria,NA,NA,NA,NA,NA,NA,NA,NA,NA,Gammaproteobacteria
108561500_Proteobacteria_Gammaproteobacteria_Pseudomonadales_Pseudomonadaceae_Pseudomonas_BLAST,108561500,Proteobacteria,Gammaproteobacteria,Pseudomonadales,Pseudomonadaceae,Pseudomonas,BLAST,NA,Gammaproteobacteria,NA,NA,NA,NA,NA,NA,NA,NA,NA,Gammaproteobacteria
011333776_Proteobacteria_Gammaproteobacteria_Pseudomonadales_Pseudomonadaceae_Pseudomonas_BLAST,11333776,Proteobacteria,Gammaproteobacteria,Pseudomonadales,Pseudomonadaceae,Pseudomonas,BLAST,NA,Gammaproteobacteria,NA,NA,NA,NA,NA,NA,NA,NA,NA,Gammaproteobacteria
127797853_Proteobacteria_Gammaproteobacteria_Pseudomonadales_Pseudomonadaceae_Pseudomonas_BLAST,127797853,Proteobacteria,Gammaproteobacteria,Pseudomonadales,Pseudomonadaceae,Pseudomonas,BLAST,NA,Gammaproteobacteria,NA,NA,NA,NA,NA,NA,NA,NA,NA,Gammaproteobacteria
192564647_Proteobacteria_Gammaproteobacteria_Pseudomonadales_Pseudomonadaceae_Pseudomonas_BLAST,192564647,Proteobacteria,Gammaproteobacteria,Pseudomonadales,Pseudomonadaceae,Pseudomonas,BLAST,NA,Gammaproteobacteria,NA,NA,NA,NA,NA,NA,NA,NA,NA,Gammaproteobacteria
007955475_Proteobacteria_Gammaproteobacteria_Pseudomonadales_Pseudomonadaceae_Pseudomonas_BLAST,7955475,Proteobacteria,Gammaproteobacteria,Pseudomonadales,Pseudomonadaceae,Pseudomonas,BLAST,NA,Gammaproteobacteria,NA,NA,NA,NA,NA,NA,NA,NA,NA,Gammaproteobacteria
064381945_Proteobacteria_Gammaproteobacteria_Pseudomonadales_Pseudomonadaceae_Pseudomonas_BLAST,64381945,Proteobacteria,Gammaproteobacteria,Pseudomonadales,Pseudomonadaceae,Pseudomonas,BLAST,NA,Gammaproteobacteria,NA,NA,NA,NA,NA,NA,NA,NA,NA,Gammaproteobacteria
025111553_Proteobacteria_Gammaproteobacteria_Pseudomonadales_Pseudomonadaceae_Pseudomonas_BLAST,25111553,Proteobacteria,Gammaproteobacteria,Pseudomonadales,Pseudomonadaceae,Pseudomonas,BLAST,NA,Gammaproteobacteria,NA,NA,NA,NA,NA,NA,NA,NA,NA,Gammaproteobacteria
127651424_Proteobacteria_Gammaproteobacteria_Pseudomonadales_Pseudomonadaceae_Pseudomonas_BLAST,127651424,Proteobacteria,Gammaproteobacteria,Pseudomonadales,Pseudomonadaceae,Pseudomonas,BLAST,NA,Gammaproteobacteria,NA,NA,NA,NA,NA,NA,NA,NA,NA,Gammaproteobacteria
102357257_Proteobacteria_Gammaproteobacteria_Pseudomonadales_Pseudomonadaceae_Pseudomonas_BLAST,102357257,Proteobacteria,Gammaproteobacteria,Pseudomonadales,Pseudomonadaceae,Pseudomonas,BLAST,NA,Gammaproteobacteria,NA,NA,NA,NA,NA,NA,NA,NA,NA,Gammaproteobacteria
108591004_Proteobacteria_Gammaproteobacteria_Pseudomonadales_Pseudomonadaceae_Pseudomonas_BLAST,108591004,Proteobacteria,Gammaproteobacteria,Pseudomonadales,Pseudomonadaceae,Pseudomonas,BLAST,NA,Gammaproteobacteria,NA,NA,NA,NA,NA,NA,NA,NA,NA,Gammaproteobacteria
007969211_Proteobacteria_Gammaproteobacteria_Pseudomonadales_Pseudomonadaceae_Pseudomonas_BLAST,7969211,Proteobacteria,Gammaproteobacteria,Pseudomonadales,Pseudomonadaceae,Pseudomonas,BLAST,NA,Gammaproteobacteria,NA,NA,NA,NA,NA,NA,NA,NA,NA,Gammaproteobacteria
041062761_Proteobacteria_Gammaproteobacteria_Pseudomonadales_Pseudomonadaceae_Pseudomonas_BLAST,41062761,Proteobacteria,Gammaproteobacteria,Pseudomonadales,Pseudomonadaceae,Pseudomonas,BLAST,NA,Gammaproteobacteria,NA,NA,NA,NA,NA,NA,NA,NA,NA,Gammaproteobacteria
083368816_Proteobacteria_Gammaproteobacteria_Pseudomonadales_Pseudomonadaceae_Pseudomonas_BLAST,83368816,Proteobacteria,Gammaproteobacteria,Pseudomonadales,Pseudomonadaceae,Pseudomonas,BLAST,NA,Gammaproteobacteria,NA,NA,NA,NA,NA,NA,NA,NA,NA,Gammaproteobacteria
145596882_Proteobacteria_Gammaproteobacteria_Pseudomonadales_Pseudomonadaceae_Pseudomonas_BLAST,145596882,Proteobacteria,Gammaproteobacteria,Pseudomonadales,Pseudomonadaceae,Pseudomonas,BLAST,NA,Gammaproteobacteria,NA,NA,NA,NA,NA,NA,NA,NA,NA,Gammaproteobacteria
095666849_Proteobacteria_Gammaproteobacteria_Pseudomonadales_Pseudomonadaceae_Pseudomonas_BLAST,95666849,Proteobacteria,Gammaproteobacteria,Pseudomonadales,Pseudomonadaceae,Pseudomonas,BLAST,NA,Gammaproteobacteria,NA,NA,NA,NA,NA,NA,NA,NA,NA,Gammaproteobacteria
182401593_Proteobacteria_Gammaproteobacteria_Pseudomonadales_Pseudomonadaceae_Pseudomonas_BLAST,182401593,Proteobacteria,Gammaproteobacteria,Pseudomonadales,Pseudomonadaceae,Pseudomonas,BLAST,NA,Gammaproteobacteria,NA,NA,NA,NA,NA,NA,NA,NA,NA,Gammaproteobacteria
047294899_Proteobacteria_Gammaproteobacteria_Pseudomonadales_Pseudomonadaceae_Pseudomonas_BLAST,47294899,Proteobacteria,Gammaproteobacteria,Pseudomonadales,Pseudomonadaceae,Pseudomonas,BLAST,NA,Gammaproteobacteria,NA,NA,NA,NA,NA,NA,NA,NA,NA,Gammaproteobacteria
086790896_Proteobacteria_Gammaproteobacteria_Pseudomonadales_Pseudomonadaceae_Pseudomonas_BLAST,86790896,Proteobacteria,Gammaproteobacteria,Pseudomonadales,Pseudomonadaceae,Pseudomonas,BLAST,NA,Gammaproteobacteria,NA,NA,NA,NA,NA,NA,NA,NA,NA,Gammaproteobacteria
AVX88897_Proteobacteria_Gammaproteobacteria_Pseudomonadales_Pseudomonadaceae_Pseudomonas_BLAST,AVX88897,Proteobacteria,Gammaproteobacteria,Pseudomonadales,Pseudomonadaceae,Pseudomonas,BLAST,NA,Gammaproteobacteria,NA,NA,NA,NA,NA,NA,NA,NA,NA,Gammaproteobacteria
141129193_Proteobacteria_Gammaproteobacteria_Pseudomonadales_Pseudomonadaceae_Pseudomonas_BLAST,141129193,Proteobacteria,Gammaproteobacteria,Pseudomonadales,Pseudomonadaceae,Pseudomonas,BLAST,NA,Gammaproteobacteria,NA,NA,NA,NA,NA,NA,NA,NA,NA,Gammaproteobacteria
PTT92278_Proteobacteria_Gammaproteobacteria_Pseudomonadales_Pseudomonadaceae_Pseudomonas_BLAST,PTT92278,Proteobacteria,Gammaproteobacteria,Pseudomonadales,Pseudomonadaceae,Pseudomonas,BLAST,NA,Gammaproteobacteria,NA,NA,NA,NA,NA,NA,NA,NA,NA,Gammaproteobacteria
123464286_Proteobacteria_Gammaproteobacteria_Pseudomonadales_Pseudomonadaceae_Pseudomonas_BLAST,123464286,Proteobacteria,Gammaproteobacteria,Pseudomonadales,Pseudomonadaceae,Pseudomonas,BLAST,NA,Gammaproteobacteria,NA,NA,NA,NA,NA,NA,NA,NA,NA,Gammaproteobacteria
085707372_Proteobacteria_Gammaproteobacteria_Pseudomonadales_Pseudomonadaceae_Pseudomonas_BLAST,85707372,Proteobacteria,Gammaproteobacteria,Pseudomonadales,Pseudomonadaceae,Pseudomonas,BLAST,NA,Gammaproteobacteria,NA,NA,NA,NA,NA,NA,NA,NA,NA,Gammaproteobacteria
085656441_Proteobacteria_Gammaproteobacteria_Pseudomonadales_Pseudomonadaceae_Pseudomonas_BLAST,85656441,Proteobacteria,Gammaproteobacteria,Pseudomonadales,Pseudomonadaceae,Pseudomonas,BLAST,NA,Gammaproteobacteria,NA,NA,NA,NA,NA,NA,NA,NA,NA,Gammaproteobacteria
071550659_Proteobacteria_Gammaproteobacteria_Pseudomonadales_Pseudomonadaceae_Pseudomonas_BLAST,71550659,Proteobacteria,Gammaproteobacteria,Pseudomonadales,Pseudomonadaceae,Pseudomonas,BLAST,NA,Gammaproteobacteria,NA,NA,NA,NA,NA,NA,NA,NA,NA,Gammaproteobacteria
123426062_Proteobacteria_Gammaproteobacteria_Pseudomonadales_Pseudomonadaceae_Pseudomonas_BLAST,123426062,Proteobacteria,Gammaproteobacteria,Pseudomonadales,Pseudomonadaceae,Pseudomonas,BLAST,NA,Gammaproteobacteria,NA,NA,NA,NA,NA,NA,NA,NA,NA,Gammaproteobacteria
145020125_Proteobacteria_Gammaproteobacteria_Pseudomonadales_Pseudomonadaceae_Pseudomonas_BLAST,145020125,Proteobacteria,Gammaproteobacteria,Pseudomonadales,Pseudomonadaceae,Pseudomonas,BLAST,NA,Gammaproteobacteria,NA,NA,NA,NA,NA,NA,NA,NA,NA,Gammaproteobacteria
123583584_Proteobacteria_Gammaproteobacteria_Pseudomonadales_Pseudomonadaceae_Pseudomonas_characterized,123583584,Proteobacteria,Gammaproteobacteria,Pseudomonadales,Pseudomonadaceae,Pseudomonas,characterized,NA,Gammaproteobacteria,NA,NA,NA,NA,NA,NA,NA,NA,NA,Gammaproteobacteria
123494098_Proteobacteria_Gammaproteobacteria_Pseudomonadales_Pseudomonadaceae_Pseudomonas_BLAST,123494098,Proteobacteria,Gammaproteobacteria,Pseudomonadales,Pseudomonadaceae,Pseudomonas,BLAST,NA,Gammaproteobacteria,NA,NA,NA,NA,NA,NA,NA,NA,NA,Gammaproteobacteria
192342748_Proteobacteria_Gammaproteobacteria_Pseudomonadales_Pseudomonadaceae_Pseudomonas_BLAST,192342748,Proteobacteria,Gammaproteobacteria,Pseudomonadales,Pseudomonadaceae,Pseudomonas,BLAST,NA,Gammaproteobacteria,NA,NA,NA,NA,NA,NA,NA,NA,NA,Gammaproteobacteria
123360852_Proteobacteria_Gammaproteobacteria_Pseudomonadales_Pseudomonadaceae_Pseudomonas_BLAST,123360852,Proteobacteria,Gammaproteobacteria,Pseudomonadales,Pseudomonadaceae,Pseudomonas,BLAST,NA,Gammaproteobacteria,NA,NA,NA,NA,NA,NA,NA,NA,NA,Gammaproteobacteria
038982648_Proteobacteria_Gammaproteobacteria_Pseudomonadales_Pseudomonadaceae_Pseudomonas_BLAST,38982648,Proteobacteria,Gammaproteobacteria,Pseudomonadales,Pseudomonadaceae,Pseudomonas,BLAST,NA,Gammaproteobacteria,NA,NA,NA,NA,NA,NA,NA,NA,NA,Gammaproteobacteria
123722215_Proteobacteria_Gammaproteobacteria_Pseudomonadales_Pseudomonadaceae_Pseudomonas_BLAST,123722215,Proteobacteria,Gammaproteobacteria,Pseudomonadales,Pseudomonadaceae,Pseudomonas,BLAST,NA,Gammaproteobacteria,NA,NA,NA,NA,NA,NA,NA,NA,NA,Gammaproteobacteria
063343244_Proteobacteria_Gammaproteobacteria_Pseudomonadales_Pseudomonadaceae_Pseudomonas_BLAST,63343244,Proteobacteria,Gammaproteobacteria,Pseudomonadales,Pseudomonadaceae,Pseudomonas,BLAST,NA,Gammaproteobacteria,NA,NA,NA,NA,NA,NA,NA,NA,NA,Gammaproteobacteria
052966841_Proteobacteria_Gammaproteobacteria_Pseudomonadales_Pseudomonadaceae_Pseudomonas_BLAST,52966841,Proteobacteria,Gammaproteobacteria,Pseudomonadales,Pseudomonadaceae,Pseudomonas,BLAST,NA,Gammaproteobacteria,NA,NA,NA,NA,NA,NA,NA,NA,NA,Gammaproteobacteria
095055759_Proteobacteria_Gammaproteobacteria_Pseudomonadales_Pseudomonadaceae_Pseudomonas_BLAST,95055759,Proteobacteria,Gammaproteobacteria,Pseudomonadales,Pseudomonadaceae,Pseudomonas,BLAST,NA,Gammaproteobacteria,NA,NA,NA,NA,NA,NA,NA,NA,NA,Gammaproteobacteria
030130566_Proteobacteria_Gammaproteobacteria_Pseudomonadales_Pseudomonadaceae_Pseudomonas_BLAST,30130566,Proteobacteria,Gammaproteobacteria,Pseudomonadales,Pseudomonadaceae,Pseudomonas,BLAST,NA,Gammaproteobacteria,NA,NA,NA,NA,NA,NA,NA,NA,NA,Gammaproteobacteria
007906514_Proteobacteria_Gammaproteobacteria_Pseudomonadales_Pseudomonadaceae_Pseudomonas_BLAST,7906514,Proteobacteria,Gammaproteobacteria,Pseudomonadales,Pseudomonadaceae,Pseudomonas,BLAST,NA,Gammaproteobacteria,NA,NA,NA,NA,NA,NA,NA,NA,NA,Gammaproteobacteria
008012209_Proteobacteria_Gammaproteobacteria_Pseudomonadales_Pseudomonadaceae_Pseudomonas_BLAST,8012209,Proteobacteria,Gammaproteobacteria,Pseudomonadales,Pseudomonadaceae,Pseudomonas,BLAST,NA,Gammaproteobacteria,NA,NA,NA,NA,NA,NA,NA,NA,NA,Gammaproteobacteria
008070739_Proteobacteria_Gammaproteobacteria_Pseudomonadales_Pseudomonadaceae_Pseudomonas_BLAST,8070739,Proteobacteria,Gammaproteobacteria,Pseudomonadales,Pseudomonadaceae,Pseudomonas,BLAST,NA,Gammaproteobacteria,NA,NA,NA,NA,NA,NA,NA,NA,NA,Gammaproteobacteria
019582134_Proteobacteria_Gammaproteobacteria_Pseudomonadales_Pseudomonadaceae_Pseudomonas_BLAST,19582134,Proteobacteria,Gammaproteobacteria,Pseudomonadales,Pseudomonadaceae,Pseudomonas,BLAST,NA,Gammaproteobacteria,NA,NA,NA,NA,NA,NA,NA,NA,NA,Gammaproteobacteria
111453796_Proteobacteria_Gammaproteobacteria_Pseudomonadales_Pseudomonadaceae_Pseudomonas_BLAST,111453796,Proteobacteria,Gammaproteobacteria,Pseudomonadales,Pseudomonadaceae,Pseudomonas,BLAST,NA,Gammaproteobacteria,NA,NA,NA,NA,NA,NA,NA,NA,NA,Gammaproteobacteria
018928080_Proteobacteria_Gammaproteobacteria_Pseudomonadales_Pseudomonadaceae_Pseudomonas_BLAST,18928080,Proteobacteria,Gammaproteobacteria,Pseudomonadales,Pseudomonadaceae,Pseudomonas,BLAST,NA,Gammaproteobacteria,NA,NA,NA,NA,NA,NA,NA,NA,NA,Gammaproteobacteria
064616995_Proteobacteria_Gammaproteobacteria_Pseudomonadales_Pseudomonadaceae_Pseudomonas_BLAST,64616995,Proteobacteria,Gammaproteobacteria,Pseudomonadales,Pseudomonadaceae,Pseudomonas,BLAST,NA,Gammaproteobacteria,NA,NA,NA,NA,NA,NA,NA,NA,NA,Gammaproteobacteria
028940397_Proteobacteria_Gammaproteobacteria_Pseudomonadales_Pseudomonadaceae_Pseudomonas_BLAST,28940397,Proteobacteria,Gammaproteobacteria,Pseudomonadales,Pseudomonadaceae,Pseudomonas,BLAST,NA,Gammaproteobacteria,NA,NA,NA,NA,NA,NA,NA,NA,NA,Gammaproteobacteria
007938112_Proteobacteria_Gammaproteobacteria_Pseudomonadales_Pseudomonadaceae_Pseudomonas_BLAST,7938112,Proteobacteria,Gammaproteobacteria,Pseudomonadales,Pseudomonadaceae,Pseudomonas,BLAST,NA,Gammaproteobacteria,NA,NA,NA,NA,NA,NA,NA,NA,NA,Gammaproteobacteria
105349067_Proteobacteria_Gammaproteobacteria_Pseudomonadales_Pseudomonadaceae_Pseudomonas_BLAST,105349067,Proteobacteria,Gammaproteobacteria,Pseudomonadales,Pseudomonadaceae,Pseudomonas,BLAST,NA,Gammaproteobacteria,NA,NA,NA,NA,NA,NA,NA,NA,NA,Gammaproteobacteria
054054573_Proteobacteria_Gammaproteobacteria_Pseudomonadales_Pseudomonadaceae_Pseudomonas_BLAST,54054573,Proteobacteria,Gammaproteobacteria,Pseudomonadales,Pseudomonadaceae,Pseudomonas,BLAST,NA,Gammaproteobacteria,NA,NA,NA,NA,NA,NA,NA,NA,NA,Gammaproteobacteria
054614196_Proteobacteria_Gammaproteobacteria_Pseudomonadales_Pseudomonadaceae_Pseudomonas_BLAST,54614196,Proteobacteria,Gammaproteobacteria,Pseudomonadales,Pseudomonadaceae,Pseudomonas,BLAST,NA,Gammaproteobacteria,NA,NA,NA,NA,NA,NA,NA,NA,NA,Gammaproteobacteria
123509027_Proteobacteria_Gammaproteobacteria_Pseudomonadales_Pseudomonadaceae_Pseudomonas_BLAST,123509027,Proteobacteria,Gammaproteobacteria,Pseudomonadales,Pseudomonadaceae,Pseudomonas,BLAST,NA,Gammaproteobacteria,NA,NA,NA,NA,NA,NA,NA,NA,NA,Gammaproteobacteria
123596898_Proteobacteria_Gammaproteobacteria_Pseudomonadales_Pseudomonadaceae_Pseudomonas_BLAST,123596898,Proteobacteria,Gammaproteobacteria,Pseudomonadales,Pseudomonadaceae,Pseudomonas,BLAST,NA,Gammaproteobacteria,NA,NA,NA,NA,NA,NA,NA,NA,NA,Gammaproteobacteria
123409744_Proteobacteria_Gammaproteobacteria_Pseudomonadales_Pseudomonadaceae_Pseudomonas_BLAST,123409744,Proteobacteria,Gammaproteobacteria,Pseudomonadales,Pseudomonadaceae,Pseudomonas,BLAST,NA,Gammaproteobacteria,NA,NA,NA,NA,NA,NA,NA,NA,NA,Gammaproteobacteria
081362153_Proteobacteria_Gammaproteobacteria_Pseudomonadales_Pseudomonadaceae_Pseudomonas_BLAST,81362153,Proteobacteria,Gammaproteobacteria,Pseudomonadales,Pseudomonadaceae,Pseudomonas,BLAST,NA,Gammaproteobacteria,NA,NA,NA,NA,NA,NA,NA,NA,NA,Gammaproteobacteria
124320136_Proteobacteria_Gammaproteobacteria_Pseudomonadales_Pseudomonadaceae_Pseudomonas_BLAST,124320136,Proteobacteria,Gammaproteobacteria,Pseudomonadales,Pseudomonadaceae,Pseudomonas,BLAST,NA,Gammaproteobacteria,NA,NA,NA,NA,NA,NA,NA,NA,NA,Gammaproteobacteria
180924997_Proteobacteria_Gammaproteobacteria_Pseudomonadales_Pseudomonadaceae_Pseudomonas_BLAST,180924997,Proteobacteria,Gammaproteobacteria,Pseudomonadales,Pseudomonadaceae,Pseudomonas,BLAST,NA,Gammaproteobacteria,NA,NA,NA,NA,NA,NA,NA,NA,NA,Gammaproteobacteria
124337962_Proteobacteria_Gammaproteobacteria_Pseudomonadales_Pseudomonadaceae_Pseudomonas_BLAST,124337962,Proteobacteria,Gammaproteobacteria,Pseudomonadales,Pseudomonadaceae,Pseudomonas,BLAST,NA,Gammaproteobacteria,NA,NA,NA,NA,NA,NA,NA,NA,NA,Gammaproteobacteria
124310779_Proteobacteria_Gammaproteobacteria_Pseudomonadales_Pseudomonadaceae_Pseudomonas_BLAST,124310779,Proteobacteria,Gammaproteobacteria,Pseudomonadales,Pseudomonadaceae,Pseudomonas,BLAST,NA,Gammaproteobacteria,NA,NA,NA,NA,NA,NA,NA,NA,NA,Gammaproteobacteria
ETD37493_Proteobacteria_Gammaproteobacteria_Pseudomonadales_Pseudomonadaceae_Pseudomonas_BLAST,ETD37493,Proteobacteria,Gammaproteobacteria,Pseudomonadales,Pseudomonadaceae,Pseudomonas,BLAST,NA,Gammaproteobacteria,NA,NA,NA,NA,NA,NA,NA,NA,NA,Gammaproteobacteria
031286339_Proteobacteria_Gammaproteobacteria_Pseudomonadales_Pseudomonadaceae_Pseudomonas_BLAST,31286339,Proteobacteria,Gammaproteobacteria,Pseudomonadales,Pseudomonadaceae,Pseudomonas,BLAST,NA,Gammaproteobacteria,NA,NA,NA,NA,NA,NA,NA,NA,NA,Gammaproteobacteria
124354767_Proteobacteria_Gammaproteobacteria_Pseudomonadales_Pseudomonadaceae_Pseudomonas_BLAST,124354767,Proteobacteria,Gammaproteobacteria,Pseudomonadales,Pseudomonadaceae,Pseudomonas,BLAST,NA,Gammaproteobacteria,NA,NA,NA,NA,NA,NA,NA,NA,NA,Gammaproteobacteria
096373656_Proteobacteria_Gammaproteobacteria_Pseudomonadales_Pseudomonadaceae_Pseudomonas_BLAST,96373656,Proteobacteria,Gammaproteobacteria,Pseudomonadales,Pseudomonadaceae,Pseudomonas,BLAST,NA,Gammaproteobacteria,NA,NA,NA,NA,NA,NA,NA,NA,NA,Gammaproteobacteria
124298944_Proteobacteria_Gammaproteobacteria_Pseudomonadales_Pseudomonadaceae_Pseudomonas_BLAST,124298944,Proteobacteria,Gammaproteobacteria,Pseudomonadales,Pseudomonadaceae,Pseudomonas,BLAST,NA,Gammaproteobacteria,NA,NA,NA,NA,NA,NA,NA,NA,NA,Gammaproteobacteria
124350372_Proteobacteria_Gammaproteobacteria_Pseudomonadales_Pseudomonadaceae_Pseudomonas_BLAST,124350372,Proteobacteria,Gammaproteobacteria,Pseudomonadales,Pseudomonadaceae,Pseudomonas,BLAST,NA,Gammaproteobacteria,NA,NA,NA,NA,NA,NA,NA,NA,NA,Gammaproteobacteria
114761908_Proteobacteria_Gammaproteobacteria_Pseudomonadales_Pseudomonadaceae_Pseudomonas_BLAST,114761908,Proteobacteria,Gammaproteobacteria,Pseudomonadales,Pseudomonadaceae,Pseudomonas,BLAST,NA,Gammaproteobacteria,NA,NA,NA,NA,NA,NA,NA,NA,NA,Gammaproteobacteria
092418567_Proteobacteria_Gammaproteobacteria_Pseudomonadales_Pseudomonadaceae_Pseudomonas_BLAST,92418567,Proteobacteria,Gammaproteobacteria,Pseudomonadales,Pseudomonadaceae,Pseudomonas,BLAST,NA,Gammaproteobacteria,NA,NA,NA,NA,NA,NA,NA,NA,NA,Gammaproteobacteria
101337377_Proteobacteria_Gammaproteobacteria_Pseudomonadales_Pseudomonadaceae_Pseudomonas_BLAST,101337377,Proteobacteria,Gammaproteobacteria,Pseudomonadales,Pseudomonadaceae,Pseudomonas,BLAST,NA,Gammaproteobacteria,NA,NA,NA,NA,NA,NA,NA,NA,NA,Gammaproteobacteria
075118992_Proteobacteria_Gammaproteobacteria_Pseudomonadales_Pseudomonadaceae_Pseudomonas_BLAST,75118992,Proteobacteria,Gammaproteobacteria,Pseudomonadales,Pseudomonadaceae,Pseudomonas,BLAST,NA,Gammaproteobacteria,NA,NA,NA,NA,NA,NA,NA,NA,NA,Gammaproteobacteria
044462347_Proteobacteria_Gammaproteobacteria_Pseudomonadales_Pseudomonadaceae_Pseudomonas_BLAST,44462347,Proteobacteria,Gammaproteobacteria,Pseudomonadales,Pseudomonadaceae,Pseudomonas,BLAST,NA,Gammaproteobacteria,NA,NA,NA,NA,NA,NA,NA,NA,NA,Gammaproteobacteria
045884278_Proteobacteria_Gammaproteobacteria_Pseudomonadales_Pseudomonadaceae_Pseudomonas_BLAST,45884278,Proteobacteria,Gammaproteobacteria,Pseudomonadales,Pseudomonadaceae,Pseudomonas,BLAST,NA,Gammaproteobacteria,NA,NA,NA,NA,NA,NA,NA,NA,NA,Gammaproteobacteria
092305211_Proteobacteria_Gammaproteobacteria_Pseudomonadales_Pseudomonadaceae_Pseudomonas_BLAST,92305211,Proteobacteria,Gammaproteobacteria,Pseudomonadales,Pseudomonadaceae,Pseudomonas,BLAST,NA,Gammaproteobacteria,NA,NA,NA,NA,NA,NA,NA,NA,NA,Gammaproteobacteria
053278297_Proteobacteria_Gammaproteobacteria_Pseudomonadales_Pseudomonadaceae_Pseudomonas_BLAST,53278297,Proteobacteria,Gammaproteobacteria,Pseudomonadales,Pseudomonadaceae,Pseudomonas,BLAST,NA,Gammaproteobacteria,NA,NA,NA,NA,NA,NA,NA,NA,NA,Gammaproteobacteria
097305319_Proteobacteria_Gammaproteobacteria_Pseudomonadales_Pseudomonadaceae_Pseudomonas_BLAST,97305319,Proteobacteria,Gammaproteobacteria,Pseudomonadales,Pseudomonadaceae,Pseudomonas,BLAST,NA,Gammaproteobacteria,NA,NA,NA,NA,NA,NA,NA,NA,NA,Gammaproteobacteria
169912926_Proteobacteria_Gammaproteobacteria_Pseudomonadales_Pseudomonadaceae_Pseudomonas_BLAST,169912926,Proteobacteria,Gammaproteobacteria,Pseudomonadales,Pseudomonadaceae,Pseudomonas,BLAST,NA,Gammaproteobacteria,NA,NA,NA,NA,NA,NA,NA,NA,NA,Gammaproteobacteria
102676549_Proteobacteria_Gammaproteobacteria_Pseudomonadales_Pseudomonadaceae_Pseudomonas_BLAST,102676549,Proteobacteria,Gammaproteobacteria,Pseudomonadales,Pseudomonadaceae,Pseudomonas,BLAST,NA,Gammaproteobacteria,NA,NA,NA,NA,NA,NA,NA,NA,NA,Gammaproteobacteria
025804124_Proteobacteria_Gammaproteobacteria_Pseudomonadales_Pseudomonadaceae_Pseudomonas_BLAST,25804124,Proteobacteria,Gammaproteobacteria,Pseudomonadales,Pseudomonadaceae,Pseudomonas,BLAST,NA,Gammaproteobacteria,NA,NA,NA,NA,NA,NA,NA,NA,NA,Gammaproteobacteria
054063270_Proteobacteria_Gammaproteobacteria_Pseudomonadales_Pseudomonadaceae_Pseudomonas_BLAST,54063270,Proteobacteria,Gammaproteobacteria,Pseudomonadales,Pseudomonadaceae,Pseudomonas,BLAST,NA,Gammaproteobacteria,NA,NA,NA,NA,NA,NA,NA,NA,NA,Gammaproteobacteria
TNV71278_Unknown_Unknown_Unknown_Unknown_Halteria_BLAST,TNV71278,Unknown,Unknown,Unknown,Unknown,Halteria,BLAST,NA,Halteria,NA,NA,NA,NA,NA,NA,NA,NA,NA,Halteria
170034415_Unknown_Unknown_Unknown_Unknown_Longimicrobium_BLAST,170034415,Unknown,Unknown,Unknown,Unknown,Longimicrobium,BLAST,NA,Longimicrobium,NA,NA,NA,NA,NA,NA,NA,NA,NA,Longimicrobium
169090890_Unknown_Unknown_Unknown_Unknown_unclassified_BLAST,169090890,Unknown,Unknown,Unknown,Unknown,unclassified,BLAST,NA,unclassified,WP_169090890.1 MULTISPECIES: hypothetical protein [unclassified Streptomyces],WP_169090890.1,MULTISPECIES:,hypothetical,protein,[unclassified,Streptomyces],NA,NA,NA
089289554_Unknown_Unknown_Unknown_Unknown_unclassified_BLAST,89289554,Unknown,Unknown,Unknown,Unknown,unclassified,BLAST,NA,unclassified,WP_089289554.1 MULTISPECIES: GDL motif peptide-associated radical SAM/SPASM maturase [unclassified Azospirillum],WP_089289554.1,MULTISPECIES:,GDL,motif,peptide-associated,radical,SAM/SPASM,maturase [unclassified Azospirillum],NA
110119779_Unknown_Unknown_Unknown_Unknown_unclassified_BLAST,110119779,Unknown,Unknown,Unknown,Unknown,unclassified,BLAST,NA,unclassified,WP_110119779.1 MULTISPECIES: GDL motif peptide-associated radical SAM/SPASM maturase [unclassified Caulobacter],WP_110119779.1,MULTISPECIES:,GDL,motif,peptide-associated,radical,SAM/SPASM,maturase [unclassified Caulobacter],NA
163230555_Unknown_Unknown_Unknown_Unknown_Bacteria_BLAST,163230555,Unknown,Unknown,Unknown,Unknown,Bacteria,BLAST,NA,Bacteria,WP_163230555.1 GDL motif peptide-associated radical SAM/SPASM maturase [Caulobacter rhizosphaerae],WP_163230555.1,GDL,motif,peptide-associated,radical,SAM/SPASM,maturase,[Caulobacter rhizosphaerae],NA
109075979_Unknown_Unknown_Unknown_Unknown_unclassified_BLAST,109075979,Unknown,Unknown,Unknown,Unknown,unclassified,BLAST,NA,unclassified,WP_109075979.1 MULTISPECIES: GDL motif peptide-associated radical SAM/SPASM maturase [unclassified Azospirillum],WP_109075979.1,MULTISPECIES:,GDL,motif,peptide-associated,radical,SAM/SPASM,maturase [unclassified Azospirillum],NA
085599989_Unknown_Unknown_Unknown_Unknown_unclassified_BLAST,85599989,Unknown,Unknown,Unknown,Unknown,unclassified,BLAST,NA,unclassified,WP_085599989.1 MULTISPECIES: GDL motif peptide-associated radical SAM/SPASM maturase [unclassified Pseudomonas],WP_085599989.1,MULTISPECIES:,GDL,motif,peptide-associated,radical,SAM/SPASM,maturase [unclassified Pseudomonas],NA
072451501_Unknown_Unknown_Unknown_Unknown_unclassified_BLAST,72451501,Unknown,Unknown,Unknown,Unknown,unclassified,BLAST,NA,unclassified,WP_072451501.1 MULTISPECIES: GDL motif peptide-associated radical SAM/SPASM maturase [unclassified Pseudomonas],WP_072451501.1,MULTISPECIES:,GDL,motif,peptide-associated,radical,SAM/SPASM,maturase [unclassified Pseudomonas],NA
183000911_Unknown_Unknown_Unknown_Unknown_unclassified_BLAST,183000911,Unknown,Unknown,Unknown,Unknown,unclassified,BLAST,NA,unclassified,WP_183000911.1 MULTISPECIES: GDL motif peptide-associated radical SAM/SPASM maturase [unclassified Pseudomonas],WP_183000911.1,MULTISPECIES:,GDL,motif,peptide-associated,radical,SAM/SPASM,maturase [unclassified Pseudomonas],NA
161759237_Unknown_Unknown_Unknown_Unknown_unclassified_BLAST,161759237,Unknown,Unknown,Unknown,Unknown,unclassified,BLAST,NA,unclassified,WP_161759237.1 MULTISPECIES: GDL motif peptide-associated radical SAM/SPASM maturase [unclassified Pseudomonas],WP_161759237.1,MULTISPECIES:,GDL,motif,peptide-associated,radical,SAM/SPASM,maturase [unclassified Pseudomonas],NA
110723159_Unknown_Unknown_Unknown_Unknown_unclassified_BLAST,110723159,Unknown,Unknown,Unknown,Unknown,unclassified,BLAST,NA,unclassified,WP_110723159.1 MULTISPECIES: GDL motif peptide-associated radical SAM/SPASM maturase [unclassified Pseudomonas],WP_110723159.1,MULTISPECIES:,GDL,motif,peptide-associated,radical,SAM/SPASM,maturase [unclassified Pseudomonas],NA
085708432_Unknown_Unknown_Unknown_Unknown_unclassified_BLAST,85708432,Unknown,Unknown,Unknown,Unknown,unclassified,BLAST,NA,unclassified,WP_085708432.1 MULTISPECIES: GDL motif peptide-associated radical SAM/SPASM maturase [unclassified Pseudomonas],WP_085708432.1,MULTISPECIES:,GDL,motif,peptide-associated,radical,SAM/SPASM,maturase [unclassified Pseudomonas],NA
085734019_Unknown_Unknown_Unknown_Unknown_unclassified_BLAST,85734019,Unknown,Unknown,Unknown,Unknown,unclassified,BLAST,NA,unclassified,WP_085734019.1 MULTISPECIES: GDL motif peptide-associated radical SAM/SPASM maturase [unclassified Pseudomonas],WP_085734019.1,MULTISPECIES:,GDL,motif,peptide-associated,radical,SAM/SPASM,maturase [unclassified Pseudomonas],NA
102621674_Unknown_Unknown_Unknown_Unknown_unclassified_BLAST,102621674,Unknown,Unknown,Unknown,Unknown,unclassified,BLAST,NA,unclassified,WP_102621674.1 MULTISPECIES: GDL motif peptide-associated radical SAM/SPASM maturase [unclassified Pseudomonas],WP_102621674.1,MULTISPECIES:,GDL,motif,peptide-associated,radical,SAM/SPASM,maturase [unclassified Pseudomonas],NA
085688336_Unknown_Unknown_Unknown_Unknown_unclassified_BLAST,85688336,Unknown,Unknown,Unknown,Unknown,unclassified,BLAST,NA,unclassified,WP_085688336.1 MULTISPECIES: GDL motif peptide-associated radical SAM/SPASM maturase [unclassified Pseudomonas],WP_085688336.1,MULTISPECIES:,GDL,motif,peptide-associated,radical,SAM/SPASM,maturase [unclassified Pseudomonas],NA
085604704_Unknown_Unknown_Unknown_Unknown_unclassified_BLAST,85604704,Unknown,Unknown,Unknown,Unknown,unclassified,BLAST,NA,unclassified,WP_085604704.1 MULTISPECIES: GDL motif peptide-associated radical SAM/SPASM maturase [unclassified Pseudomonas],WP_085604704.1,MULTISPECIES:,GDL,motif,peptide-associated,radical,SAM/SPASM,maturase [unclassified Pseudomonas],NA
085639192_Unknown_Unknown_Unknown_Unknown_unclassified_BLAST,85639192,Unknown,Unknown,Unknown,Unknown,unclassified,BLAST,NA,unclassified,WP_085639192.1 MULTISPECIES: GDL motif peptide-associated radical SAM/SPASM maturase [unclassified Pseudomonas],WP_085639192.1,MULTISPECIES:,GDL,motif,peptide-associated,radical,SAM/SPASM,maturase [unclassified Pseudomonas],NA
103316428_Unknown_Unknown_Unknown_Unknown_unclassified_BLAST,103316428,Unknown,Unknown,Unknown,Unknown,unclassified,BLAST,NA,unclassified,WP_103316428.1 MULTISPECIES: GDL motif peptide-associated radical SAM/SPASM maturase [unclassified Pseudomonas],WP_103316428.1,MULTISPECIES:,GDL,motif,peptide-associated,radical,SAM/SPASM,maturase [unclassified Pseudomonas],NA
138867206_Unknown_Unknown_Unknown_Unknown_unclassified_BLAST,138867206,Unknown,Unknown,Unknown,Unknown,unclassified,BLAST,NA,unclassified,WP_138867206.1 MULTISPECIES: GDL motif peptide-associated radical SAM/SPASM maturase [unclassified Pseudomonas],WP_138867206.1,MULTISPECIES:,GDL,motif,peptide-associated,radical,SAM/SPASM,maturase [unclassified Pseudomonas],NA
124499070_Unknown_Unknown_Unknown_Unknown_unclassified_BLAST,124499070,Unknown,Unknown,Unknown,Unknown,unclassified,BLAST,NA,unclassified,WP_124499070.1 MULTISPECIES: GDL motif peptide-associated radical SAM/SPASM maturase [unclassified Burkholderia],WP_124499070.1,MULTISPECIES:,GDL,motif,peptide-associated,radical,SAM/SPASM,maturase [unclassified Burkholderia],NA
073486763_Unknown_Unknown_Unknown_Unknown_unclassified_BLAST,73486763,Unknown,Unknown,Unknown,Unknown,unclassified,BLAST,NA,unclassified,WP_073486763.1 MULTISPECIES: radical SAM protein [unclassified Flavobacterium],WP_073486763.1,MULTISPECIES:,radical,SAM,protein,[unclassified,Flavobacterium],NA,NA
066279533_Unknown_Unknown_Unknown_Unknown_Proteobacteria_BLAST,66279533,Unknown,Unknown,Unknown,Unknown,Proteobacteria,BLAST,NA,Proteobacteria,NA,NA,NA,NA,NA,NA,NA,NA,NA,Proteobacteria