Target Name	Target Accession	Target Length	Query Name	Query Accession	Query Length	E-value	Score	Bias	Domain Index	Domain Count	Cond. E-value	Domain Ind. E-value	Domain Bit-score	Domain Bias	Query Ali. Start	Query Ali. End	Target Ali. Start	Target Ali. End	Target Env. Start	Target Env. End	Acc	Description	Mapped PDB(s)	Number of Identical Sequences
A0A4Q0SX99_9BACT	A0A4Q0SX99_9BACT	380	SPASM	-	68	3.1e-14	64.2	0.2	1	1	1.3e-17	8.9e-14	62.7856864929199	0.08	1	67	305	374	305	375	0.83	Uncharacterized protein		0
E8WZG2_GRATM	E8WZG2_GRATM	377	SPASM	-	68	3.4e-14	64.1	0.1	1	1	1.4e-17	9.7e-14	62.6576271057129	0.07	1	67	302	371	302	372	0.84	Radical SAM domain protein		0
W0I8H7_9EURY	W0I8H7_9EURY	376	SPASM	-	68	5.7e-14	63.4	0.2	1	1	2.7e-17	1.8e-13	61.7693481445312	0.22	1	68	253	331	253	331	0.83	Tungsten-containing aldehyde ferredoxin oxidoreductase cofactor modifying protein		0
C6A368_THESM	C6A368_THESM	372	SPASM	-	68	7.1e-14	63.1	0.4	1	1	3.3e-17	2.2e-13	61.4939842224121	0.43	1	68	249	327	249	327	0.83	Predicted metallocofactor modifying protein, radical SAM superfamily		0
A8MGW0_ALKOO	A8MGW0_ALKOO	421	SPASM	-	68	7.1e-14	63.1	1.4	1	1	1.1e-17	7.1e-14	63.0875778198242	1.37	1	68	310	391	310	391	0.82	Radical SAM domain protein		0
CMO_PYRFU	CMO_PYRFU	356	SPASM	-	68	9.3e-14	62.7	0.7	1	1	1.4e-17	9.3e-14	62.7216758728027	0.68	1	67	233	310	233	311	0.82	Tungsten-containing aldehyde ferredoxin oxidoreductase cofactor-modifying protein		0
Q5JE17_THEKO	Q5JE17_THEKO	383	SPASM	-	68	1.2e-13	62.4	0.8	1	1	1.8e-17	1.2e-13	62.3561592102051	0.79	1	68	260	338	260	338	0.81	Predicted metallocofactor modifying protein, radical SAM superfamily		0
A0A218P0U9_THECE	A0A218P0U9_THECE	377	SPASM	-	68	1.5e-13	62.0	0.9	1	1	2.2e-17	1.5e-13	62.0350112915039	0.91	1	68	254	332	254	332	0.81	Tungsten cofactor oxidoreducase radical SAM maturase		0
D3S0H0_FERPA	D3S0H0_FERPA	355	SPASM	-	68	2.9e-13	61.1	0.7	1	1	1.9e-16	1.3e-12	59.0864410400391	0.73	1	68	242	320	242	320	0.82	Radical SAM domain protein		0
Q3A4R7_PELCD	Q3A4R7_PELCD	451	SPASM	-	68	4.8e-13	60.4	1.1	1	1	7.1e-17	4.8e-13	60.4435691833496	1.06	1	67	335	412	335	413	0.84	Radical SAM domain iron-sulfur cluster-binding oxidoreductase, DUF4008-related domain-containing		0
A0A1H2XIU6_9FIRM	A0A1H2XIU6_9FIRM	435	SPASM	-	68	6.3e-13	60.1	2.1	1	1	9.4e-17	6.3e-13	60.05029296875	2.11	1	67	320	404	320	405	0.79	Radical SAM superfamily enzyme, MoaA/NifB/PqqE/SkfB family		0
A0A1I0G969_9CLOT	A0A1I0G969_9CLOT	418	SPASM	-	68	6.9e-13	59.9	2.0	1	1	3.2e-16	2.2e-12	58.3402633666992	1.96	1	68	307	388	307	388	0.80	Radical SAM superfamily enzyme, MoaA/NifB/PqqE/SkfB family		0
A0A075LV41_9EURY	A0A075LV41_9EURY	373	SPASM	-	68	7.4e-13	59.8	0.4	1	1	3.4e-16	2.3e-12	58.2514801025391	0.36	1	67	250	327	250	328	0.81	Aldehyde ferredoxin oxidoreductase		0
H9ZZN2_FERFK	H9ZZN2_FERFK	384	SPASM	-	68	9.0e-13	59.6	0.6	1	1	1.3e-16	9.0e-13	59.5644836425781	0.62	1	68	261	339	261	339	0.82	Putative metallocofactor modifying protein, radical SAM superfamily		0
K4KYE0_9FIRM	K4KYE0_9FIRM	456	SPASM	-	68	1.2e-12	59.1	2.9	1	1	1.2e-15	8.5e-12	56.4472770690918	0.77	1	67	343	425	343	426	0.78	Tungsten-containing aldehyde ferredoxin oxidoreductase cofactor-modifying protein		0
A0A3Q9BAF8_9FIRM	A0A3Q9BAF8_9FIRM	346	SPASM	-	68	1.4e-12	58.9	0.2	1	1	8.6e-16	5.8e-12	56.9608535766602	0.25	1	68	233	311	233	311	0.80	Tungsten cofactor oxidoreductase radical SAM maturase		0
I0IA11_CALAS	I0IA11_CALAS	447	SPASM	-	68	2.3e-12	58.3	0.6	1	1	3.1e-15	2.1e-11	55.2020835876465	0.11	1	68	336	417	336	417	0.86	Putative oxidoreductase		0
A0A0A8WM32_9DELT	A0A0A8WM32_9DELT	442	SPASM	-	68	2.7e-12	58.0	0.9	1	1	1.3e-15	8.5e-12	56.4397621154785	0.91	1	68	327	405	327	405	0.80	Tungsten-containing aldehyde ferredoxin oxidoreductase cofactor-modifying protein		0
A0A419SUB8_9CLOT	A0A419SUB8_9CLOT	344	SPASM	-	68	2.7e-12	58.0	4.6	1	1	3.7e-15	2.5e-11	54.9227600097656	0.42	1	68	231	309	231	309	0.79	Tungsten cofactor oxidoreductase radical SAM maturase		0
A0A2Z5FSM6_9BACT	A0A2Z5FSM6_9BACT	343	SPASM	-	68	3.5e-12	57.7	0.1	1	1	1.3e-15	8.9e-12	56.3827590942383	0.12	1	67	268	337	268	338	0.87	Uncharacterized protein		0
D3TB69_ACIB4	D3TB69_ACIB4	372	SPASM	-	68	8.8e-12	56.4	0.3	1	1	4.8e-15	3.2e-11	54.5799751281738	0.34	1	68	249	327	249	327	0.81	Radical SAM domain protein		0
A0A2C8F866_9DELT	A0A2C8F866_9DELT	430	SPASM	-	68	1.4e-11	55.7	0.7	1	1	6.2e-15	4.2e-11	54.208309173584	0.71	1	67	313	390	313	391	0.80	Putative metalloenzyme radical SAM/SPASM domain maturase		0
M5E360_9FIRM	M5E360_9FIRM	433	SPASM	-	68	1.4e-11	55.7	2.8	1	1	4.3e-15	2.9e-11	54.7152099609375	0.89	1	67	322	402	322	403	0.82	Radical SAM domain protein		0
A0A2T5R8Q8_9DELT	A0A2T5R8Q8_9DELT	448	SPASM	-	68	1.7e-11	55.5	1.7	1	1	2.5e-15	1.7e-11	55.4964065551758	1.67	1	68	333	411	333	411	0.87	Putative metalloenzyme radical SAM/SPASM domain maturase		0
E8N5N3_ANATU	E8N5N3_ANATU	395	SPASM	-	68	1.9e-11	55.4	0.6	1	1	1.2e-14	8.1e-11	53.3005981445312	0.24	1	68	282	361	282	367	0.77	Oxidoreductase		0
A1AM97_PELPD	A1AM97_PELPD	465	SPASM	-	68	1.9e-11	55.3	0.7	1	1	8.5e-15	5.8e-11	53.7732009887695	0.73	1	68	350	428	350	428	0.79	Radical SAM domain protein		0
B5Y6W6_COPPD	B5Y6W6_COPPD	356	SPASM	-	68	2.1e-11	55.2	0.7	1	1	1.2e-14	8.3e-11	53.2703094482422	0.38	1	67	243	320	243	321	0.86	Tungsten-containing aldehyde ferredoxin oxidoreductase cofactor-modifying protein		0
V6MFK2_9BACL	V6MFK2_9BACL	305	SPASM	-	68	3.8e-11	54.3	0.2	1	1	1.7e-14	1.2e-10	52.7836151123047	0.21	1	67	232	297	232	298	0.86	Fe-S osidoreductase		0
Q3A1K4_PELCD	Q3A1K4_PELCD	471	SPASM	-	68	4.8e-11	54.0	1.3	1	1	1.8e-14	1.2e-10	52.715892791748	1.27	1	68	356	434	356	434	0.86	Radical SAM domain iron-sulfur cluster-binding oxidoreductase, DUF4008-related domain-containing		0
A0A1B6B7Q0_9FIRM	A0A1B6B7Q0_9FIRM	352	SPASM	-	68	5.5e-11	53.8	0.8	1	1	1.8e-14	1.2e-10	52.7155227661133	0.23	1	68	261	329	261	332	0.78	Radical SAM		0
W4F9H5_9BACL	W4F9H5_9BACL	291	SPASM	-	68	6.0e-11	53.7	0.3	1	1	2.4e-14	1.6e-10	52.360466003418	0.34	1	67	218	283	218	284	0.86	Uncharacterized protein		0
A0A1G5FKG3_9CLOT	A0A1G5FKG3_9CLOT	359	SPASM	-	68	6.3e-11	53.7	0.3	1	1	9.2e-15	6.3e-11	53.6623573303223	0.31	1	68	246	324	246	324	0.81	Tungsten cofactor oxidoreducase radical SAM maturase		0
A0A0W7YE87_9BACI	A0A0W7YE87_9BACI	291	SPASM	-	68	7.4e-11	53.4	0.2	1	1	3.3e-14	2.2e-10	51.8925704956055	0.19	1	67	218	283	218	284	0.86	Radical SAM protein		0
A0A1W1VEH5_9THEO	A0A1W1VEH5_9THEO	383	SPASM	-	68	8.2e-11	53.3	0.7	1	1	5.0e-14	3.4e-10	51.3189697265625	0.71	1	68	271	349	271	355	0.83	Tungsten cofactor oxidoreducase radical SAM maturase		0
J1FC49_9HELI	J1FC49_9HELI	295	SPASM	-	68	9.4e-11	53.1	0.4	1	1	4.7e-14	3.2e-10	51.406379699707	0.45	1	68	212	278	212	278	0.86	Radical SAM superfamily enzyme		0
A0A259V144_9FIRM	A0A259V144_9FIRM	395	SPASM	-	68	9.6e-11	53.1	2.1	1	1	4.9e-14	3.3e-10	51.3422660827637	2.06	1	67	282	359	282	360	0.79	Coenzyme PQQ synthesis protein E		0
Q3ADZ0_CARHZ	Q3ADZ0_CARHZ	365	SPASM	-	68	1.0e-10	53.0	0.2	1	1	1.5e-14	1.0e-10	52.9653511047363	0.21	1	68	252	330	252	330	0.80	Tungsten-containing aldehyde ferredoxin oxidoreductase cofactor modifying protein		0
A0A0A3IVV5_9BACI	A0A0A3IVV5_9BACI	290	SPASM	-	68	1.2e-10	52.7	0.2	1	1	4.2e-14	2.8e-10	51.5641479492188	0.19	1	67	218	283	218	284	0.86	Fe-S oxidoreductase		0
R7RSE1_9CLOT	R7RSE1_9CLOT	350	SPASM	-	68	1.2e-10	52.7	0.4	1	1	9.8e-14	6.6e-10	50.3832321166992	0.35	1	68	237	315	237	315	0.83	Radical SAM		0
A0A1S6IWS9_9FIRM	A0A1S6IWS9_9FIRM	394	SPASM	-	68	1.3e-10	52.7	0.3	1	1	6.0e-14	4.0e-10	51.070728302002	0.32	1	68	281	359	281	359	0.79	Tungsten cofactor oxidoreductase radical SAM maturase		0
A0A150YK75_9BACI	A0A150YK75_9BACI	290	SPASM	-	68	1.3e-10	52.6	0.5	1	1	6.4e-14	4.4e-10	50.9608688354492	0.15	1	67	218	283	218	284	0.86	Radical SAM protein		0
A0A1W1ZAG4_9FIRM	A0A1W1ZAG4_9FIRM	362	SPASM	-	68	1.3e-10	52.6	1.0	1	1	2.0e-14	1.3e-10	52.5942001342773	0.98	1	67	249	326	249	327	0.79	Tungsten cofactor oxidoreducase radical SAM maturase		0
A0A2S0U6V5_9BACL	A0A2S0U6V5_9BACL	296	SPASM	-	68	1.4e-10	52.5	0.2	1	1	4.7e-14	3.2e-10	51.4115295410156	0.19	1	67	223	288	223	289	0.88	Radical SAM protein		0
A0A212RCU5_9CHLR	A0A212RCU5_9CHLR	392	SPASM	-	68	1.4e-10	52.5	0.3	1	1	5.0e-14	3.4e-10	51.3024864196777	0.28	1	67	282	359	282	364	0.82	Tungsten cofactor oxidoreducase radical SAM maturase		0
A0A4V2P4S5_9BACI	A0A4V2P4S5_9BACI	291	SPASM	-	68	1.5e-10	52.5	1.3	1	1	4.7e-14	3.2e-10	51.3979797363281	0.29	1	67	218	283	218	284	0.86	Radical SAM protein with 4Fe4S-binding SPASM domain		0
B2A7W2_NATTJ	B2A7W2_NATTJ	384	SPASM	-	68	1.6e-10	52.4	0.9	1	1	6.8e-14	4.6e-10	50.8916931152344	0.25	1	68	271	349	271	349	0.82	Radical SAM domain protein		0
A0A2D1SZD9_9BACL	A0A2D1SZD9_9BACL	298	SPASM	-	68	1.6e-10	52.3	0.1	1	1	6.9e-14	4.6e-10	50.8751907348633	0.15	1	67	218	283	218	284	0.86	Radical SAM protein		0
A0A1W2BTM1_9FIRM	A0A1W2BTM1_9FIRM	362	SPASM	-	68	1.8e-10	52.2	0.8	1	1	2.6e-14	1.8e-10	52.2268371582031	0.85	1	67	249	326	249	327	0.78	Tungsten cofactor oxidoreducase radical SAM maturase		0
C4XGW0_DESMR	C4XGW0_DESMR	482	SPASM	-	68	1.9e-10	52.1	0.1	1	1	2.7e-14	1.9e-10	52.1459579467773	0.09	4	68	335	409	331	414	0.76	Elp3 domain-containing protein		0
Q8F5Q0_LEPIN	Q8F5Q0_LEPIN	325	SPASM	-	68	1.9e-10	52.1	2.2	1	1	8.9e-14	6.0e-10	50.5123519897461	0.40	1	67	254	320	254	321	0.87	Putative molybdenum cofactor biosynthesis protein		0
A0A1X7HQE8_9BACL	A0A1X7HQE8_9BACL	291	SPASM	-	68	2.0e-10	52.1	0.1	1	1	8.8e-14	6.0e-10	50.5232734680176	0.13	1	67	218	283	218	284	0.86	Radical SAM additional 4Fe4S-binding SPASM domain-containing protein		0
A0A0A3I2V5_9BACI	A0A0A3I2V5_9BACI	291	SPASM	-	68	2.4e-10	51.8	0.3	1	1	8.3e-14	5.6e-10	50.6134872436523	0.29	1	67	218	283	218	284	0.86	Fe-S oxidoreductase		0
A0A1B8UUR3_9BACL	A0A1B8UUR3_9BACL	291	SPASM	-	68	2.4e-10	51.8	0.2	1	1	9.1e-14	6.2e-10	50.4781227111816	0.25	1	67	218	283	218	284	0.87	Radical SAM protein		0
F6CJZ7_DESK7	F6CJZ7_DESK7	404	SPASM	-	68	2.5e-10	51.7	0.9	1	1	1.2e-13	8.1e-10	50.0910301208496	0.50	1	68	291	369	291	369	0.80	Radical SAM domain protein		0
A0A268SF98_9BACL	A0A268SF98_9BACL	291	SPASM	-	68	2.6e-10	51.7	0.2	1	1	1.0e-13	7.1e-10	50.2816123962402	0.16	1	67	218	283	218	284	0.87	Radical SAM protein		0
W4CZ52_9BACL	W4CZ52_9BACL	291	SPASM	-	68	2.8e-10	51.6	0.2	1	1	9.2e-14	6.3e-10	50.4588737487793	0.17	1	67	218	283	218	284	0.87	Fe-S oxidoreductase		0
A0A0M9X320_9BACI	A0A0M9X320_9BACI	291	SPASM	-	68	2.9e-10	51.5	0.3	1	1	1.2e-13	8.0e-10	50.1160850524902	0.28	1	67	218	283	218	284	0.86	Fe-S oxidoreductase		0
A0A1X0Y5R2_9DELT	A0A1X0Y5R2_9DELT	442	SPASM	-	68	2.9e-10	51.5	0.4	1	1	1.2e-13	7.8e-10	50.1513023376465	0.35	1	68	327	405	327	405	0.84	Radical SAM protein		0
A0A1E5L7X0_9BACL	A0A1E5L7X0_9BACL	366	SPASM	-	68	3.0e-10	51.5	2.5	1	1	1.2e-13	8.4e-10	50.0553207397461	1.61	1	67	253	330	253	331	0.79	Elp3 domain-containing protein		0
A0A1S1Y5E4_9GAMM	A0A1S1Y5E4_9GAMM	342	SPASM	-	68	3.1e-10	51.4	0.5	1	1	2.7e-13	1.8e-09	48.9704704284668	0.18	1	67	245	311	245	312	0.88	Radical SAM protein		0
H1Z054_9EURY	H1Z054_9EURY	346	SPASM	-	68	3.1e-10	51.4	3.0	1	1	1.5e-13	1.0e-09	49.8077049255371	3.01	1	68	269	334	269	334	0.81	Radical SAM domain protein		0
A0A1K1PSX3_9BACL	A0A1K1PSX3_9BACL	292	SPASM	-	68	3.2e-10	51.4	0.3	1	1	1.5e-13	9.9e-10	49.8163681030273	0.31	1	67	219	284	219	285	0.85	Radical SAM additional 4Fe4S-binding SPASM domain-containing protein		0
E0IA23_9BACL	E0IA23_9BACL	292	SPASM	-	68	3.3e-10	51.4	0.2	1	1	1.2e-13	7.8e-10	50.1535415649414	0.16	1	67	219	284	219	285	0.87	Radical SAM domain protein		0
A0A1Z5HV29_9THEO	A0A1Z5HV29_9THEO	367	SPASM	-	68	3.5e-10	51.3	0.3	1	1	1.4e-13	9.2e-10	49.9269332885742	0.28	1	68	254	332	254	332	0.79	Radical SAM protein		0
A0A2V2YQL1_9BACL	A0A2V2YQL1_9BACL	293	SPASM	-	68	3.6e-10	51.2	0.2	1	1	1.3e-13	8.5e-10	50.0374794006348	0.16	1	67	218	283	218	284	0.88	Radical SAM protein with 4Fe4S-binding SPASM domain		0
A0A1I5XVZ5_9BACI	A0A1I5XVZ5_9BACI	291	SPASM	-	68	3.6e-10	51.2	0.4	1	1	5.3e-14	3.6e-10	51.2384796142578	0.44	1	67	218	283	218	284	0.86	Radical SAM additional 4Fe4S-binding SPASM domain-containing protein		0
A0A0L6Z5M6_9CLOT	A0A0L6Z5M6_9CLOT	292	SPASM	-	68	3.6e-10	51.2	0.8	1	1	1.8e-13	1.2e-09	49.5280876159668	0.31	1	67	219	284	219	285	0.85	S-adenosyl-L-methionine-dependent 2-deoxy-scyllo-inosamine dehydrogenase		0
A0A369AP44_9FIRM	A0A369AP44_9FIRM	357	SPASM	-	68	3.8e-10	51.2	0.2	1	1	5.6e-14	3.8e-10	51.1553573608398	0.19	1	67	282	343	282	344	0.88	MoaA/NifB/PqqE/SkfB family radical SAM enzyme		0
A0A1I3R888_9BACL	A0A1I3R888_9BACL	312	SPASM	-	68	4.2e-10	51.0	0.3	1	1	1.9e-13	1.3e-09	49.4701728820801	0.30	1	67	239	304	239	305	0.85	Radical SAM additional 4Fe4S-binding SPASM domain-containing protein		0
A0A0A2HZC2_9DELT	A0A0A2HZC2_9DELT	427	SPASM	-	68	4.4e-10	50.9	5.0	1	1	8.7e-14	5.9e-10	50.542366027832	0.60	1	67	312	389	312	390	0.81	Uncharacterized protein		0
X4ZEF7_9BACL	X4ZEF7_9BACL	290	SPASM	-	68	4.5e-10	50.9	0.2	1	1	1.4e-13	9.6e-10	49.8680992126465	0.15	1	67	218	283	218	284	0.87	Fe-S oxidoreductase		0
A0A089M5X0_9BACL	A0A089M5X0_9BACL	511	SPASM	-	68	5.0e-10	50.8	1.2	1	1	2.1e-13	1.4e-09	49.2895545959473	1.16	1	68	390	457	390	457	0.85	Uncharacterized protein		0
A0A0U1KZ92_9FIRM	A0A0U1KZ92_9FIRM	399	SPASM	-	68	5.1e-10	50.8	3.5	1	1	7.5e-14	5.1e-10	50.7523231506348	3.50	1	68	286	364	286	364	0.79	Tungsten-containing aldehyde ferredoxin oxidoreductase cofactor modifying protein		0
A0A259UEE6_9FIRM	A0A259UEE6_9FIRM	336	SPASM	-	68	5.1e-10	50.7	2.6	1	1	8.2e-14	5.5e-10	50.6291923522949	0.58	1	67	245	310	245	311	0.86	Cyclic pyranopterin monophosphate synthase		0
A0A0P6XMR5_9CHLR	A0A0P6XMR5_9CHLR	419	SPASM	-	68	5.3e-10	50.7	0.5	1	1	2.3e-13	1.6e-09	49.1757507324219	0.46	1	68	308	389	305	389	0.85	Uncharacterized protein		0
A0A0U2UGS1_9BACL	A0A0U2UGS1_9BACL	291	SPASM	-	68	5.4e-10	50.7	0.7	1	1	1.7e-13	1.2e-09	49.6097030639648	0.18	1	67	218	283	218	284	0.87	Radical SAM protein		0
A0A1T2XN00_9BACL	A0A1T2XN00_9BACL	292	SPASM	-	68	5.5e-10	50.6	0.4	1	1	2.3e-13	1.5e-09	49.2154312133789	0.43	1	67	219	284	219	285	0.85	Radical SAM protein		0
A0A075R0I8_BRELA	A0A075R0I8_BRELA	291	SPASM	-	68	5.8e-10	50.6	0.2	1	1	1.9e-13	1.3e-09	49.4528617858887	0.17	1	67	218	283	218	284	0.86	Molybdenum cofactor biosynthesis protein A		0
A0A4P6EYK8_9BACL	A0A4P6EYK8_9BACL	294	SPASM	-	68	6.3e-10	50.4	0.2	1	1	2.5e-13	1.7e-09	49.0598907470703	0.24	1	67	219	284	219	285	0.86	Radical SAM/SPASM domain-containing protein		0
C6PXE5_9CLOT	C6PXE5_9CLOT	346	SPASM	-	68	6.4e-10	50.4	4.5	1	1	1.2e-13	8.2e-10	50.083137512207	2.22	1	68	233	311	233	311	0.80	Radical SAM domain protein		0
A0A2Z2KYX4_9BACL	A0A2Z2KYX4_9BACL	291	SPASM	-	68	6.5e-10	50.4	0.2	1	1	2.1e-13	1.4e-09	49.2969436645508	0.16	1	67	218	283	218	284	0.87	Radical SAM protein		0
A0A1C0YIH1_9BACL	A0A1C0YIH1_9BACL	295	SPASM	-	68	6.9e-10	50.3	0.2	1	1	2.8e-13	1.9e-09	48.904369354248	0.15	1	67	218	283	218	284	0.86	Radical SAM protein		0
A0A1Q8R0Q5_9FIRM	A0A1Q8R0Q5_9FIRM	358	SPASM	-	68	7.1e-10	50.3	0.6	1	1	8.0e-13	5.4e-09	47.4629669189453	0.09	1	68	245	323	245	323	0.81	Tungsten-containing aldehyde ferredoxin oxidoreductase COFACTOR MODIFYING PROTEIN		0
A0A3B0BVB8_9BACL	A0A3B0BVB8_9BACL	291	SPASM	-	68	7.5e-10	50.2	0.1	1	1	2.4e-13	1.6e-09	49.110034942627	0.14	1	67	218	283	218	284	0.85	Radical SAM protein		0
A0A3G9J4M1_9BACL	A0A3G9J4M1_9BACL	335	SPASM	-	68	7.6e-10	50.2	1.8	1	1	1.2e-13	8.0e-10	50.1086463928223	0.37	1	67	262	327	262	328	0.87	Radical SAM protein		0
A0A4Q2LL57_9BACL	A0A4Q2LL57_9BACL	292	SPASM	-	68	7.7e-10	50.2	0.3	1	1	2.9e-13	1.9e-09	48.8843116760254	0.29	1	67	219	284	219	285	0.86	Radical SAM protein		0
A0A1C0ZZY8_9BACL	A0A1C0ZZY8_9BACL	292	SPASM	-	68	7.7e-10	50.2	0.3	1	1	2.8e-13	1.9e-09	48.8964729309082	0.30	1	67	219	284	219	285	0.85	Radical SAM protein		0
A0A0Q7K1J3_9BACL	A0A0Q7K1J3_9BACL	292	SPASM	-	68	7.7e-10	50.2	0.3	1	1	2.8e-13	1.9e-09	48.8964729309082	0.30	1	67	219	284	219	285	0.85	Radical SAM protein		0
A0A1G9Y114_9BACL	A0A1G9Y114_9BACL	292	SPASM	-	68	7.9e-10	50.1	0.3	1	1	2.8e-13	1.9e-09	48.8964729309082	0.30	1	67	219	284	219	285	0.85	Radical SAM additional 4Fe4S-binding SPASM domain-containing protein		0
A0A3S0I8T0_9BACL	A0A3S0I8T0_9BACL	293	SPASM	-	68	7.9e-10	50.1	1.5	1	1	1.9e-13	1.3e-09	49.4295425415039	0.31	1	67	219	284	219	285	0.85	Radical SAM protein		0
A0A1H1NXT5_9BACL	A0A1H1NXT5_9BACL	292	SPASM	-	68	8.3e-10	50.1	0.3	1	1	3.6e-13	2.5e-09	48.5545806884766	0.28	1	67	219	284	219	285	0.87	Radical SAM additional 4Fe4S-binding SPASM domain-containing protein		0
A0A0D3VB34_9BACL	A0A0D3VB34_9BACL	292	SPASM	-	68	8.3e-10	50.1	0.4	1	1	5.6e-13	3.8e-09	47.9464073181152	0.48	1	67	219	284	219	285	0.85	Fe-S oxidoreductase		0
W4M489_9BACT	W4M489_9BACT	328	SPASM	-	68	8.6e-10	50.0	0.2	1	1	2.4e-13	1.6e-09	49.1176414489746	0.15	1	67	257	316	257	317	0.91	Uncharacterized protein (Fragment)		0
F2LVH2_HIPMA	F2LVH2_HIPMA	356	SPASM	-	68	9.6e-10	49.9	0.6	1	1	1.4e-13	9.6e-10	49.8686828613281	0.62	1	68	243	321	243	321	0.82	Radical SAM domain protein		0
A0A1H9VX28_9BACI	A0A1H9VX28_9BACI	291	SPASM	-	68	1.0e-09	49.8	0.2	1	1	3.4e-13	2.3e-09	48.6423301696777	0.23	1	67	218	283	218	284	0.87	Radical SAM additional 4Fe4S-binding SPASM domain-containing protein		0
A0A1H1IGE9_9RHIZ	A0A1H1IGE9_9RHIZ	353	SPASM	-	68	1.0e-09	49.8	0.1	1	1	1.5e-13	1.0e-09	49.7994270324707	0.06	1	67	278	347	278	348	0.87	Radical SAM superfamily enzyme, MoaA/NifB/PqqE/SkfB family		0
A0A229UVG7_9BACL	A0A229UVG7_9BACL	292	SPASM	-	68	1.1e-09	49.7	0.2	1	1	3.6e-13	2.4e-09	48.5695304870605	0.21	1	68	219	285	219	285	0.86	Radical SAM protein		0
A0A1Q5ZZJ6_9SPHI	A0A1Q5ZZJ6_9SPHI	347	SPASM	-	68	1.1e-09	49.6	1.8	1	1	3.5e-13	2.4e-09	48.6017570495605	0.20	1	67	275	334	275	335	0.94	Uncharacterized protein		0
D3EGM6_GEOS4	D3EGM6_GEOS4	291	SPASM	-	68	1.1e-09	49.6	0.1	1	1	4.4e-13	3.0e-09	48.277660369873	0.10	1	67	218	283	218	284	0.86	Radical SAM domain protein		0
A0A1I4EQ79_9BACL	A0A1I4EQ79_9BACL	292	SPASM	-	68	1.1e-09	49.6	1.4	1	1	2.5e-13	1.7e-09	49.080436706543	0.31	1	67	219	284	219	285	0.86	Radical SAM additional 4Fe4S-binding SPASM domain-containing protein		0
C0Z4J4_BREBN	C0Z4J4_BREBN	291	SPASM	-	68	1.1e-09	49.6	0.3	1	1	5.3e-13	3.6e-09	48.0208206176758	0.33	1	67	218	283	218	284	0.86	Uncharacterized protein		0
A0A1I5DEJ4_9CLOT	A0A1I5DEJ4_9CLOT	294	SPASM	-	68	1.3e-09	49.4	0.2	1	1	5.1e-13	3.4e-09	48.0888824462891	0.16	1	67	221	286	221	287	0.84	Radical SAM additional 4Fe4S-binding SPASM domain-containing protein		0
A0A3S8RXI6_9BACL	A0A3S8RXI6_9BACL	294	SPASM	-	68	1.3e-09	49.4	0.5	1	1	1.7e-12	1.2e-08	46.3709144592285	0.20	1	67	219	284	219	285	0.86	Radical SAM protein		0
A0A261QLR4_9BACI	A0A261QLR4_9BACI	292	SPASM	-	68	1.4e-09	49.4	0.4	1	1	6.4e-13	4.3e-09	47.7613372802734	0.42	1	67	219	284	219	285	0.86	Radical SAM protein		0
A0A348AH66_9FIRM	A0A348AH66_9FIRM	335	SPASM	-	68	1.4e-09	49.4	1.0	1	1	5.3e-13	3.6e-09	48.018424987793	0.99	1	67	245	310	245	311	0.86	Molybdenum cofactor biosynthesis protein A		0
A0A1M4NAU7_9CLOT	A0A1M4NAU7_9CLOT	291	SPASM	-	68	1.4e-09	49.3	0.1	1	1	5.5e-13	3.7e-09	47.9762687683105	0.13	1	67	218	283	218	284	0.82	Antilisterial bacteriocin subtilosin biosynthesis protein AlbA		0
A0A316D0N9_9THEM	A0A316D0N9_9THEM	294	SPASM	-	68	1.4e-09	49.3	1.2	1	1	2.1e-13	1.4e-09	49.3384284973145	1.17	1	68	213	279	213	279	0.85	Radical SAM protein with 4Fe4S-binding SPASM domain		0
A8MFR1_ALKOO	A8MFR1_ALKOO	292	SPASM	-	68	1.4e-09	49.3	0.7	1	1	7.5e-13	5.1e-09	47.5521469116211	0.68	1	67	219	284	219	285	0.85	Radical SAM domain protein		0
A0A0A7FSU8_9CLOT	A0A0A7FSU8_9CLOT	291	SPASM	-	68	1.5e-09	49.3	1.0	1	1	2.2e-13	1.5e-09	49.2709007263184	1.01	1	67	218	283	218	284	0.85	Radical SAM superfamily protein		0
A0A3N9U0Q8_9BACI	A0A3N9U0Q8_9BACI	294	SPASM	-	68	1.6e-09	49.1	0.6	1	1	1.0e-12	6.8e-09	47.143669128418	0.47	1	67	221	286	221	287	0.86	Radical SAM protein		0
A0A2A8SIW5_9BACI	A0A2A8SIW5_9BACI	292	SPASM	-	68	1.6e-09	49.1	0.3	1	1	8.0e-13	5.4e-09	47.4531059265137	0.30	1	67	219	284	219	285	0.86	Radical SAM protein		0
A0A1M5TNP0_9CLOT	A0A1M5TNP0_9CLOT	369	SPASM	-	68	1.7e-09	49.1	0.6	1	1	2.4e-13	1.7e-09	49.1051025390625	0.63	1	67	258	338	258	339	0.81	Radical SAM superfamily enzyme, MoaA/NifB/PqqE/SkfB family		0
A0A0F5R0P1_9BACL	A0A0F5R0P1_9BACL	292	SPASM	-	68	1.7e-09	49.1	0.3	1	1	7.8e-13	5.3e-09	47.4911308288574	0.27	1	67	219	284	219	285	0.87	Fe-S oxidoreductase		0
A0A162S2B8_9CLOT	A0A162S2B8_9CLOT	291	SPASM	-	68	1.7e-09	49.1	0.6	1	1	2.5e-13	1.7e-09	49.0795555114746	0.57	1	67	219	284	219	285	0.85	Antilisterial bacteriocin subtilosin biosynthesis protein AlbA		0
A0A172TL86_9BACL	A0A172TL86_9BACL	290	SPASM	-	68	1.7e-09	49.0	0.3	1	1	7.4e-13	5.0e-09	47.5564155578613	0.30	1	67	218	283	218	284	0.85	Fe-S oxidoreductase		0
A0A0D8I8X7_9CLOT	A0A0D8I8X7_9CLOT	397	SPASM	-	68	1.9e-09	48.9	5.2	1	1	2.8e-13	1.9e-09	48.9303016662598	3.13	1	67	284	361	284	362	0.79	Tungsten-containing aldehyde ferredoxin oxidoreductase cofactor-modifying protein Cmo		0
W4LAA7_9BACT	W4LAA7_9BACT	346	SPASM	-	68	1.9e-09	48.9	0.2	1	1	5.5e-13	3.7e-09	47.9752235412598	0.16	1	67	275	334	275	335	0.91	Uncharacterized protein		0
A0A1V4HSY6_9BACL	A0A1V4HSY6_9BACL	292	SPASM	-	68	2.0e-09	48.9	0.3	1	1	7.5e-13	5.1e-09	47.5467643737793	0.28	1	67	219	284	219	285	0.85	Radical SAM protein		0
A0A4R6N2G5_9BACL	A0A4R6N2G5_9BACL	298	SPASM	-	68	2.0e-09	48.8	0.2	1	1	8.0e-13	5.4e-09	47.4568328857422	0.24	1	67	223	288	223	289	0.87	Radical SAM protein with 4Fe4S-binding SPASM domain		0
A0A089KSF9_9BACL	A0A089KSF9_9BACL	291	SPASM	-	68	2.1e-09	48.8	0.1	1	1	7.0e-13	4.7e-09	47.6476249694824	0.13	1	67	218	283	218	284	0.87	Fe-S oxidoreductase		0
A7GVJ6_BACCN	A7GVJ6_BACCN	292	SPASM	-	68	2.1e-09	48.8	0.4	1	1	8.1e-13	5.5e-09	47.4417266845703	0.35	1	67	219	284	219	285	0.86	Radical SAM domain protein		0
A0A432LEJ3_9BACI	A0A432LEJ3_9BACI	293	SPASM	-	68	2.1e-09	48.7	0.5	1	1	1.2e-12	7.8e-09	46.9450225830078	0.45	1	67	220	285	220	286	0.86	Radical SAM protein		0
E8RI61_DESPD	E8RI61_DESPD	432	SPASM	-	68	2.4e-09	48.6	0.6	1	1	3.5e-13	2.4e-09	48.6051750183105	0.61	1	67	316	393	316	394	0.80	Radical SAM domain protein		0
C6IWE5_9BACL	C6IWE5_9BACL	294	SPASM	-	68	2.7e-09	48.4	0.2	1	1	1.3e-12	8.8e-09	46.7772407531738	0.21	1	67	219	284	219	285	0.87	Radical SAM domain protein		0
A0A1I6RCQ9_9BACL	A0A1I6RCQ9_9BACL	292	SPASM	-	68	2.8e-09	48.4	0.2	1	1	9.8e-13	6.7e-09	47.167236328125	0.20	1	67	219	284	219	285	0.86	Radical SAM additional 4Fe4S-binding SPASM domain-containing protein		0
A0A386PHA9_CLOSE	A0A386PHA9_CLOSE	292	SPASM	-	68	3.0e-09	48.3	0.5	1	1	1.5e-12	9.9e-09	46.6098785400391	0.46	1	67	217	282	217	283	0.85	Radical SAM protein		0
A0A3D9IWY2_9BACL	A0A3D9IWY2_9BACL	292	SPASM	-	68	3.2e-09	48.2	0.9	1	1	9.6e-13	6.5e-09	47.2093315124512	0.22	1	67	219	284	219	285	0.86	Radical SAM protein with 4Fe4S-binding SPASM domain		0
A0A0B0IFL9_9BACI	A0A0B0IFL9_9BACI	292	SPASM	-	68	3.3e-09	48.1	0.2	1	1	1.5e-12	1.0e-08	46.6091079711914	0.24	1	67	219	284	219	285	0.86	Fe-S oxidoreductase		0
B6WWW7_9DELT	B6WWW7_9DELT	417	SPASM	-	68	3.4e-09	48.1	1.8	1	1	7.5e-13	5.1e-09	47.5426483154297	0.39	1	67	306	386	306	387	0.78	Radical SAM domain protein		0
A0A0R3JSF7_9CLOT	A0A0R3JSF7_9CLOT	345	SPASM	-	68	3.4e-09	48.1	0.4	1	1	5.0e-13	3.4e-09	48.1013793945312	0.41	1	68	232	310	232	310	0.82	Cyclic pyranopterin monophosphate synthase		0
A0A3T1D834_9BACL	A0A3T1D834_9BACL	292	SPASM	-	68	3.5e-09	48.1	1.0	1	1	9.6e-13	6.5e-09	47.2093315124512	0.22	1	67	219	284	219	285	0.86	Radical SAM protein		0
A0A1B6B7I7_9FIRM	A0A1B6B7I7_9FIRM	349	SPASM	-	68	3.6e-09	48.0	0.2	1	1	1.4e-12	9.5e-09	46.6802673339844	0.16	1	67	244	309	244	310	0.85	Uncharacterized protein		0
A0A433XN37_9BACL	A0A433XN37_9BACL	302	SPASM	-	68	3.7e-09	48.0	1.6	1	1	9.3e-13	6.3e-09	47.2521133422852	0.34	1	67	219	284	219	285	0.85	Radical SAM protein		0
A0A1G7Z0Z9_9SPHI	A0A1G7Z0Z9_9SPHI	350	SPASM	-	68	3.9e-09	47.9	1.9	1	1	1.2e-12	8.2e-09	46.8797798156738	0.33	1	67	278	337	278	338	0.91	Radical SAM superfamily enzyme, MoaA/NifB/PqqE/SkfB family		0
A0A371PLS3_9BACL	A0A371PLS3_9BACL	292	SPASM	-	68	3.9e-09	47.9	0.2	1	1	1.6e-12	1.1e-08	46.4945869445801	0.18	1	67	219	284	219	285	0.87	Radical SAM protein		0
A0A0D8I8W3_9CLOT	A0A0D8I8W3_9CLOT	399	SPASM	-	68	4.1e-09	47.8	3.9	1	1	2.3e-12	1.5e-08	46.0044822692871	3.90	1	67	286	363	286	364	0.80	Tungsten-containing aldehyde ferredoxin oxidoreductase cofactor-modifying protein Cmo		0
A0A1B1MWP4_9BACL	A0A1B1MWP4_9BACL	293	SPASM	-	68	4.2e-09	47.8	0.2	1	1	1.4e-12	9.2e-09	46.7115783691406	0.20	1	67	218	283	218	284	0.86	Radical SAM protein		0
A0A4Q0VNH6_9BACI	A0A4Q0VNH6_9BACI	291	SPASM	-	68	4.6e-09	47.7	0.2	1	1	1.4e-12	9.8e-09	46.6339912414551	0.18	1	67	219	284	219	285	0.86	Radical SAM protein		0
A0A433RHF8_9BACL	A0A433RHF8_9BACL	293	SPASM	-	68	4.8e-09	47.6	0.3	1	1	1.9e-12	1.3e-08	46.2633399963379	0.25	1	67	219	284	219	285	0.85	Radical SAM protein		0
A0A4Q9DQL8_9BACL	A0A4Q9DQL8_9BACL	292	SPASM	-	68	5.0e-09	47.6	1.1	1	1	1.8e-12	1.2e-08	46.3145370483398	0.21	1	67	219	284	219	285	0.87	Radical SAM protein		0
Q814H9_BACCR	Q814H9_BACCR	292	SPASM	-	68	5.1e-09	47.5	0.6	1	1	2.0e-12	1.3e-08	46.1992492675781	0.64	1	67	219	284	219	285	0.85	Molybdenum cofactor biosynthesis enzyme and related Fe-S oxidoreductases		0
A0A371IVK3_9FIRM	A0A371IVK3_9FIRM	335	SPASM	-	68	5.2e-09	47.5	0.7	1	1	7.7e-13	5.2e-09	47.5026664733887	0.69	1	67	239	305	239	306	0.88	Radical SAM protein		0
G7WD57_DESOD	G7WD57_DESOD	357	SPASM	-	68	5.4e-09	47.5	0.7	1	1	2.3e-12	1.6e-08	45.958812713623	0.09	1	68	244	322	244	322	0.81	Putative Fe-S oxidoreductase		0
G7Q5F7_9DELT	G7Q5F7_9DELT	470	SPASM	-	68	5.5e-09	47.4	0.0	1	1	8.1e-13	5.5e-09	47.4341583251953	0.05	4	68	326	400	322	400	0.74	Radical SAM domain protein		0
E8RCE3_DESPD	E8RCE3_DESPD	293	SPASM	-	68	5.6e-09	47.4	0.0	1	1	1.5e-12	9.9e-09	46.6194229125977	0.02	1	67	216	281	216	282	0.85	Radical SAM domain protein		0
A0A1X9MIB4_9BACI	A0A1X9MIB4_9BACI	293	SPASM	-	68	6.0e-09	47.3	2.3	1	1	1.1e-12	7.6e-09	46.9813461303711	0.38	1	67	220	285	220	286	0.86	Molybdenum cofactor biosynthesis protein A		0
W4QRB2_BACA3	W4QRB2_BACA3	293	SPASM	-	68	6.2e-09	47.3	0.5	1	1	3.3e-12	2.3e-08	45.4731330871582	0.46	1	67	220	285	220	286	0.86	Molybdenum cofactor biosynthesis enzyme and related Fe-S oxidoreductases		0
A0A1J9VMJ6_BACAN	A0A1J9VMJ6_BACAN	292	SPASM	-	68	6.6e-09	47.2	0.6	1	1	2.5e-12	1.7e-08	45.8510360717773	0.64	1	67	219	284	219	285	0.85	Uncharacterized protein		0
R7AZL1_9FIRM	R7AZL1_9FIRM	279	SPASM	-	68	6.7e-09	47.2	0.6	1	1	3.5e-12	2.3e-08	45.419994354248	0.15	1	68	206	272	206	272	0.84	Radical SAM		0
A0A3P1S7C3_9FIRM	A0A3P1S7C3_9FIRM	280	SPASM	-	68	7.4e-09	47.0	0.6	1	1	3.1e-12	2.1e-08	45.5532073974609	0.56	1	68	201	267	201	267	0.83	Radical SAM/SPASM domain-containing protein		0
A3DIH4_HUNT2	A3DIH4_HUNT2	340	SPASM	-	68	7.4e-09	47.0	0.8	1	1	3.2e-12	2.1e-08	45.5486526489258	0.76	1	67	244	309	244	310	0.81	Radical SAM domain protein		0
A0A1H0DLF6_9BACI	A0A1H0DLF6_9BACI	292	SPASM	-	68	7.6e-09	47.0	0.8	1	1	3.8e-12	2.6e-08	45.2953834533691	0.44	1	67	219	284	219	285	0.86	Radical SAM additional 4Fe4S-binding SPASM domain-containing protein		0
A0A1S2KXE9_9BACI	A0A1S2KXE9_9BACI	291	SPASM	-	68	7.6e-09	47.0	0.3	1	1	2.7e-12	1.9e-08	45.7396659851074	0.34	1	67	219	284	219	285	0.87	Radical SAM protein		0
A0A1G9SNF0_9FIRM	A0A1G9SNF0_9FIRM	392	SPASM	-	68	7.9e-09	46.9	3.4	1	1	3.1e-12	2.1e-08	45.57275390625	1.20	1	67	280	363	280	382	0.80	Tungsten cofactor oxidoreducase radical SAM maturase		0
J7ILR7_DESMD	J7ILR7_DESMD	358	SPASM	-	68	8.6e-09	46.8	1.2	1	1	2.3e-11	1.6e-07	42.7596435546875	0.15	1	68	245	323	245	323	0.82	Putative Fe-S oxidoreductase		0
A0A1A5YNG5_9BACL	A0A1A5YNG5_9BACL	292	SPASM	-	68	8.8e-09	46.8	0.2	1	1	3.2e-12	2.2e-08	45.5224418640137	0.20	1	67	219	284	219	285	0.86	Radical SAM protein		0
A0A1M6EHU9_9CLOT	A0A1M6EHU9_9CLOT	399	SPASM	-	68	8.9e-09	46.8	3.6	1	1	4.3e-12	2.9e-08	45.1063499450684	3.61	1	68	286	364	286	364	0.81	Tungsten cofactor oxidoreducase radical SAM maturase		0
I8ANI0_9BACI	I8ANI0_9BACI	292	SPASM	-	68	9.2e-09	46.7	0.8	1	1	3.5e-12	2.4e-08	45.4133186340332	0.44	1	67	219	284	219	285	0.85	Uncharacterized protein		0
A0A2N6RBN6_9BACI	A0A2N6RBN6_9BACI	292	SPASM	-	68	1.0e-08	46.6	0.6	1	1	5.1e-12	3.4e-08	44.883602142334	0.34	1	67	219	284	219	285	0.85	Radical SAM protein		0
A0A1S2LQN8_9BACI	A0A1S2LQN8_9BACI	291	SPASM	-	68	1.0e-08	46.6	0.4	1	1	3.5e-12	2.4e-08	45.3831672668457	0.42	1	67	219	284	219	285	0.87	Radical SAM protein		0
A0A437KAF6_9BACI	A0A437KAF6_9BACI	292	SPASM	-	68	1.0e-08	46.6	1.0	1	1	4.5e-12	3.0e-08	45.0662307739258	0.55	1	67	219	284	219	285	0.86	Radical SAM protein		0
A0A4R1N608_9FIRM	A0A4R1N608_9FIRM	291	SPASM	-	68	1.0e-08	46.6	1.2	1	1	4.3e-12	2.9e-08	45.1227569580078	0.70	1	67	218	283	218	284	0.85	Radical SAM protein with 4Fe4S-binding SPASM domain		0
A0A327RNH3_9BACI	A0A327RNH3_9BACI	292	SPASM	-	68	1.0e-08	46.6	0.9	1	1	4.5e-12	3.0e-08	45.0662307739258	0.55	1	67	219	284	219	285	0.86	Radical SAM protein with 4Fe4S-binding SPASM domain		0
A0A0B0I696_9BACL	A0A0B0I696_9BACL	304	SPASM	-	68	1.0e-08	46.6	0.3	1	1	4.2e-12	2.9e-08	45.1419219970703	0.26	1	67	219	284	219	285	0.85	Antilisterial bacteriocin subtilosin biosynthesis protein AlbA		0
A0A398AXQ1_9BACI	A0A398AXQ1_9BACI	292	SPASM	-	68	1.0e-08	46.5	0.6	1	1	5.1e-12	3.4e-08	44.883602142334	0.34	1	67	219	284	219	285	0.85	Radical SAM protein		0
A3DMB3_STAMF	A3DMB3_STAMF	374	SPASM	-	68	1.1e-08	46.5	0.1	1	1	1.6e-12	1.1e-08	46.5196571350098	0.09	1	68	260	338	260	338	0.84	Radical SAM domain protein		0
A0A0K9H0F1_9BACI	A0A0K9H0F1_9BACI	292	SPASM	-	68	1.2e-08	46.4	0.6	1	1	4.9e-12	3.3e-08	44.9429702758789	0.35	1	67	219	284	219	285	0.85	Fe-S oxidoreductase		0
A0A0K9H022_9BACI	A0A0K9H022_9BACI	292	SPASM	-	68	1.2e-08	46.4	0.6	1	1	4.9e-12	3.3e-08	44.9429702758789	0.35	1	67	219	284	219	285	0.85	Fe-S oxidoreductase		0
A0A1I7JYC1_9FIRM	A0A1I7JYC1_9FIRM	378	SPASM	-	68	1.2e-08	46.4	1.8	1	1	1.2e-11	8.1e-08	43.6843185424805	1.00	1	67	233	291	233	292	0.82	Radical SAM additional 4Fe4S-binding SPASM domain-containing protein		0
A0A099SCJ8_9CLOT	A0A099SCJ8_9CLOT	291	SPASM	-	68	1.3e-08	46.3	0.3	1	1	4.6e-12	3.1e-08	45.0276107788086	0.26	1	67	219	284	219	285	0.84	Fe-S oxidoreductase		0
A0A1E5FZT3_9BACL	A0A1E5FZT3_9BACL	368	SPASM	-	68	1.3e-08	46.2	1.2	1	1	1.9e-12	1.3e-08	46.2422103881836	1.24	1	68	254	333	254	333	0.79	Uncharacterized protein		0
A0A2L2XCL4_9FIRM	A0A2L2XCL4_9FIRM	333	SPASM	-	68	1.3e-08	46.2	0.2	1	1	4.1e-12	2.8e-08	45.1767959594727	0.17	1	67	244	309	244	310	0.85	Uncharacterized protein		0
A0A0J8DEH6_CLOCY	A0A0J8DEH6_CLOCY	337	SPASM	-	68	1.3e-08	46.2	1.2	1	1	5.4e-12	3.6e-08	44.8119354248047	1.15	1	67	244	309	244	310	0.80	Radical SAM domain protein		0
R6DNM9_9FIRM	R6DNM9_9FIRM	366	SPASM	-	68	1.3e-08	46.2	1.8	1	1	2.0e-12	1.3e-08	46.2030601501465	1.83	1	68	233	292	233	292	0.87	Radical SAM domain protein		0
E4T534_PALPW	E4T534_PALPW	282	SPASM	-	68	1.4e-08	46.2	0.3	1	1	6.0e-12	4.1e-08	44.6567687988281	0.26	1	67	212	277	212	278	0.86	Radical SAM domain protein		0
A0A1H7Z8A4_9DELT	A0A1H7Z8A4_9DELT	326	SPASM	-	68	1.4e-08	46.1	6.2	1	1	2.1e-12	1.4e-08	46.0867652893066	3.19	1	67	236	302	236	303	0.86	Radical SAM additional 4Fe4S-binding SPASM domain-containing protein		0
A0A1L3GN72_9DELT	A0A1L3GN72_9DELT	450	SPASM	-	68	1.5e-08	46.0	4.9	1	1	2.8e-12	1.9e-08	45.6919631958008	2.53	1	67	335	412	335	413	0.83	Radical SAM protein		0
B8DMH3_DESVM	B8DMH3_DESVM	450	SPASM	-	68	1.5e-08	46.0	0.0	1	1	2.3e-12	1.5e-08	46.0066261291504	0.03	5	68	333	409	328	409	0.78	Radical SAM domain protein		0
A0A369B5T8_9FIRM	A0A369B5T8_9FIRM	332	SPASM	-	68	1.5e-08	46.0	0.9	1	1	5.1e-12	3.4e-08	44.887523651123	0.86	1	67	243	308	243	309	0.84	Radical SAM protein with 4Fe4S-binding SPASM domain		0
A0A2N0YW50_9BACI	A0A2N0YW50_9BACI	292	SPASM	-	68	1.6e-08	46.0	0.2	1	1	6.4e-12	4.3e-08	44.5597839355469	0.20	1	67	219	284	219	285	0.85	Radical SAM protein		0
A0A1G5X7W0_9FIRM	A0A1G5X7W0_9FIRM	366	SPASM	-	68	1.6e-08	46.0	2.7	1	1	2.3e-12	1.6e-08	45.9679412841797	2.71	1	67	234	292	234	293	0.84	Radical SAM additional 4Fe4S-binding SPASM domain-containing protein		0
H3SHL6_9BACL	H3SHL6_9BACL	291	SPASM	-	68	1.6e-08	45.9	0.0	1	1	5.6e-12	3.8e-08	44.746898651123	0.05	1	67	218	283	218	284	0.87	Radical SAM domain-containing protein		0
A0A1W1UCI6_DESTI	A0A1W1UCI6_DESTI	294	SPASM	-	68	1.8e-08	45.8	0.6	1	1	2.7e-12	1.8e-08	45.7715835571289	0.62	1	67	218	283	218	284	0.82	Radical SAM additional 4Fe4S-binding SPASM domain-containing protein		0
A0A239JX03_9FIRM	A0A239JX03_9FIRM	401	SPASM	-	68	1.9e-08	45.7	4.9	1	1	2.8e-12	1.9e-08	45.7181053161621	4.86	1	67	288	365	288	366	0.79	Tungsten cofactor oxidoreducase radical SAM maturase		0
A0A3D9ITW1_9BACL	A0A3D9ITW1_9BACL	292	SPASM	-	68	1.9e-08	45.7	0.3	1	1	9.5e-12	6.4e-08	44.0174407958984	0.08	1	67	219	284	219	285	0.85	Radical SAM protein with 4Fe4S-binding SPASM domain		0
A0A370AKH8_9SPIO	A0A370AKH8_9SPIO	407	SPASM	-	68	2.0e-08	45.6	0.2	1	1	6.6e-12	4.5e-08	44.5217361450195	0.22	1	67	296	376	296	377	0.80	Radical SAM protein		0
A9KM80_LACP7	A9KM80_LACP7	297	SPASM	-	68	2.0e-08	45.6	1.2	1	1	4.9e-12	3.3e-08	44.945484161377	0.21	1	67	226	291	226	292	0.86	Radical SAM domain protein		0
A0A1M4S4V0_9FIRM	A0A1M4S4V0_9FIRM	291	SPASM	-	68	2.2e-08	45.5	0.4	1	1	9.7e-12	6.6e-08	43.9811630249023	0.42	1	67	219	284	219	285	0.85	Radical SAM additional 4Fe4S-binding SPASM domain-containing protein		0
A0A2K2EZ22_9FIRM	A0A2K2EZ22_9FIRM	339	SPASM	-	68	2.3e-08	45.5	1.9	1	1	7.3e-12	5.0e-08	44.3740348815918	1.90	1	65	262	325	262	331	0.84	Uncharacterized protein		0
A0A494YCK8_9BACL	A0A494YCK8_9BACL	292	SPASM	-	68	2.3e-08	45.5	0.2	1	1	8.1e-12	5.5e-08	44.2303619384766	0.16	1	67	219	284	219	285	0.86	Radical SAM protein		0
A0A231RL11_9BACL	A0A231RL11_9BACL	292	SPASM	-	68	2.3e-08	45.4	0.1	1	1	1.0e-11	6.9e-08	43.9118804931641	0.14	1	67	219	284	219	285	0.86	Radical SAM protein		0
A0A1H9C3F4_9FIRM	A0A1H9C3F4_9FIRM	390	SPASM	-	68	2.4e-08	45.4	6.1	1	1	1.1e-11	7.5e-08	43.7911262512207	0.84	1	68	232	291	232	291	0.84	Radical SAM additional 4Fe4S-binding SPASM domain-containing protein		0
A0A1G6T9P2_9SPHI	A0A1G6T9P2_9SPHI	349	SPASM	-	68	2.7e-08	45.2	1.9	1	1	4.2e-12	2.8e-08	45.1571807861328	0.18	1	67	277	336	277	337	0.96	Radical SAM additional 4Fe4S-binding SPASM domain-containing protein		0
A0A1N6WQG1_9SPHI	A0A1N6WQG1_9SPHI	349	SPASM	-	68	2.8e-08	45.2	1.9	1	1	4.2e-12	2.9e-08	45.1402702331543	0.16	1	67	277	336	277	337	0.96	Radical SAM superfamily enzyme, MoaA/NifB/PqqE/SkfB family		0
G2FN60_9FIRM	G2FN60_9FIRM	358	SPASM	-	68	3.1e-08	45.0	0.1	1	1	1.7e-11	1.1e-07	43.228946685791	0.07	1	68	245	323	245	323	0.80	Radical SAM superfamily protein		0
A0A1T4K4G3_9FIRM	A0A1T4K4G3_9FIRM	389	SPASM	-	68	3.3e-08	44.9	1.7	1	1	4.9e-12	3.3e-08	44.9337882995605	1.68	1	68	233	292	233	292	0.83	Radical SAM additional 4Fe4S-binding SPASM domain-containing protein		0
A0A255STP1_9BACT	A0A255STP1_9BACT	403	SPASM	-	68	3.5e-08	44.9	2.4	1	1	5.1e-12	3.5e-08	44.8674392700195	2.36	1	68	234	293	234	293	0.84	Radical SAM protein		0
A0A1M4M1U4_9FIRM	A0A1M4M1U4_9FIRM	290	SPASM	-	68	4.0e-08	44.7	0.4	1	1	1.5e-11	1.0e-07	43.404369354248	0.40	1	67	219	284	219	285	0.85	Radical SAM domain-containing protein		0
A8A9R8_IGNH4	A8A9R8_IGNH4	515	SPASM	-	68	4.0e-08	44.7	0.1	1	1	2.0e-11	1.3e-07	43.0063819885254	0.12	1	68	408	468	408	468	0.86	Radical SAM domain protein		0
I5AV05_EUBCE	I5AV05_EUBCE	394	SPASM	-	68	4.2e-08	44.6	0.8	1	1	6.3e-12	4.2e-08	44.5910911560059	0.82	1	68	234	293	234	293	0.84	Putative Fe-S oxidoreductase		0
A0A1D9NYW1_9FIRM	A0A1D9NYW1_9FIRM	365	SPASM	-	68	4.7e-08	44.5	0.9	1	1	6.9e-12	4.7e-08	44.4559898376465	0.87	1	67	233	291	233	292	0.82	Radical SAM/SPASM domain-containing protein		0
A0A1V9FY94_9BACT	A0A1V9FY94_9BACT	348	SPASM	-	68	4.8e-08	44.4	0.3	1	1	7.1e-12	4.8e-08	44.4087905883789	0.34	1	67	277	336	277	337	0.92	Uncharacterized protein		0
E8RD16_DESPD	E8RD16_DESPD	435	SPASM	-	68	5.0e-08	44.4	0.6	1	1	1.9e-11	1.3e-07	43.0636711120605	0.56	1	68	319	397	319	397	0.78	Radical SAM domain protein		0
A0A0P6XMD1_9CHLR	A0A0P6XMD1_9CHLR	415	SPASM	-	68	5.6e-08	44.2	0.1	1	1	2.3e-11	1.5e-07	42.7954750061035	0.12	1	68	304	385	304	385	0.80	Uncharacterized protein		0
F0SZD0_SYNGF	F0SZD0_SYNGF	333	SPASM	-	68	5.7e-08	44.2	1.6	1	1	2.1e-11	1.4e-07	42.8937454223633	1.56	1	67	244	309	244	310	0.78	Radical SAM domain protein		0
E0S058_BUTPB	E0S058_BUTPB	365	SPASM	-	68	5.8e-08	44.2	4.6	1	1	1.1e-11	7.4e-08	43.819206237793	1.16	1	67	233	291	233	292	0.82	Radical SAM domain-containing protein		0
A0A1G5F421_9FIRM	A0A1G5F421_9FIRM	365	SPASM	-	68	5.8e-08	44.2	1.3	1	1	8.6e-12	5.8e-08	44.1513557434082	1.28	1	68	233	292	233	292	0.83	Radical SAM additional 4Fe4S-binding SPASM domain-containing protein		0
A0A1M5T145_9CLOT	A0A1M5T145_9CLOT	290	SPASM	-	68	6.5e-08	44.0	2.1	1	1	9.6e-12	6.5e-08	43.9952125549316	2.13	1	67	219	284	219	285	0.83	Radical SAM superfamily enzyme, MoaA/NifB/PqqE/SkfB family		0
D4S4D1_9FIRM	D4S4D1_9FIRM	342	SPASM	-	68	6.8e-08	43.9	0.3	1	1	2.7e-11	1.8e-07	42.565299987793	0.30	1	68	249	317	249	317	0.82	Radical SAM domain protein		0
A0A0F2JIV8_9FIRM	A0A0F2JIV8_9FIRM	358	SPASM	-	68	6.9e-08	43.9	1.0	1	1	4.3e-11	2.9e-07	41.9113540649414	0.11	1	68	245	323	245	323	0.81	Tungsten-containing aldehyde ferredoxin oxidoreductase COFACTOR MODIFYING PROTEIN		0
A0A1H0U2F4_9DELT	A0A1H0U2F4_9DELT	432	SPASM	-	68	7.2e-08	43.9	0.4	1	1	1.1e-11	7.2e-08	43.8507270812988	0.36	1	67	316	393	316	394	0.82	Putative metalloenzyme radical SAM/SPASM domain maturase		0
A0A1M7HAP5_9ACTN	A0A1M7HAP5_9ACTN	444	SPASM	-	68	7.3e-08	43.8	1.4	1	1	2.6e-11	1.8e-07	42.6204452514648	1.41	4	68	315	375	313	375	0.82	Radical SAM additional 4Fe4S-binding SPASM domain-containing protein		0
G8TFZ8_NIAKG	G8TFZ8_NIAKG	348	SPASM	-	68	8.1e-08	43.7	0.3	1	1	1.2e-11	8.1e-08	43.6881790161133	0.32	1	67	277	336	277	337	0.92	Radical SAM domain protein		0
A0A0M0L5R5_9BACI	A0A0M0L5R5_9BACI	292	SPASM	-	68	8.5e-08	43.6	1.7	1	1	1.7e-11	1.2e-07	43.2005157470703	0.32	1	67	219	284	219	285	0.85	Fe-S oxidoreductase		0
A0A173YP81_9FIRM	A0A173YP81_9FIRM	394	SPASM	-	68	9.2e-08	43.5	2.3	1	1	1.4e-11	9.2e-08	43.5105819702148	2.31	1	68	235	294	235	294	0.83	Molybdenum cofactor biosynthesis protein A		0
R5NDB4_9BACT	R5NDB4_9BACT	403	SPASM	-	68	1.0e-07	43.4	2.4	1	1	1.5e-11	1.0e-07	43.397102355957	2.43	1	68	234	293	234	293	0.84	Radical SAM domain protein		0
A0A174DG80_9CLOT	A0A174DG80_9CLOT	313	SPASM	-	68	1.1e-07	43.3	0.1	1	1	1.6e-11	1.1e-07	43.3172264099121	0.13	1	67	242	307	242	308	0.85	Putative Fe-S oxidoreductase		0
A0A4R2RJU0_9FIRM	A0A4R2RJU0_9FIRM	334	SPASM	-	68	1.1e-07	43.3	0.4	1	1	1.6e-11	1.1e-07	43.2831039428711	0.40	1	67	245	310	245	311	0.83	Radical SAM protein with 4Fe4S-binding SPASM domain		0
R5XCD2_9FIRM	R5XCD2_9FIRM	389	SPASM	-	68	1.1e-07	43.2	1.2	1	1	1.7e-11	1.1e-07	43.2441482543945	1.17	1	68	233	292	233	292	0.85	Radical SAM domain protein		0
A0A366I894_9FIRM	A0A366I894_9FIRM	304	SPASM	-	68	1.2e-07	43.2	2.9	1	1	4.2e-11	2.8e-07	41.9568977355957	2.87	1	67	217	283	217	284	0.86	MoaA/NifB/PqqE/SkfB family radical SAM enzyme		0
A0A4Q1ZTS9_9FIRM	A0A4Q1ZTS9_9FIRM	289	SPASM	-	68	1.2e-07	43.1	0.2	1	1	5.9e-10	4.0e-06	38.2735786437988	0.09	1	67	217	282	217	283	0.83	Radical SAM protein		0
E1QTL2_VULDI	E1QTL2_VULDI	413	SPASM	-	68	1.3e-07	43.0	0.2	1	1	4.1e-11	2.8e-07	41.9641036987305	0.18	1	68	285	350	285	350	0.81	Radical SAM domain protein		0
U2JUL2_9FIRM	U2JUL2_9FIRM	400	SPASM	-	68	1.3e-07	43.0	0.2	1	1	5.8e-11	3.9e-07	41.5039482116699	0.23	1	68	296	359	296	359	0.87	Radical SAM domain protein		0
A0A498RDR0_9FIRM	A0A498RDR0_9FIRM	399	SPASM	-	68	1.4e-07	42.9	4.3	1	1	2.1e-11	1.4e-07	42.9168167114258	4.26	1	68	286	364	286	364	0.76	Radical sam		0
A0A369B8G8_9FIRM	A0A369B8G8_9FIRM	345	SPASM	-	68	1.5e-07	42.8	0.1	1	1	5.1e-11	3.4e-07	41.679573059082	0.14	1	65	248	316	248	319	0.75	Radical SAM protein with 4Fe4S-binding SPASM domain		0
R6RFF1_9FIRM	R6RFF1_9FIRM	388	SPASM	-	68	1.7e-07	42.7	1.0	1	1	1.0e-10	6.9e-07	40.7121963500977	0.96	1	67	232	290	232	291	0.83	Radical SAM domain protein		0
A0A415VH86_9BACT	A0A415VH86_9BACT	407	SPASM	-	68	1.8e-07	42.6	0.3	1	1	6.2e-11	4.2e-07	41.4098052978516	0.30	9	68	287	343	276	343	0.86	Anaerobic sulfatase-maturation protein		0
W1ITD8_9GAMM	W1ITD8_9GAMM	342	SPASM	-	68	2.1e-07	42.4	1.4	1	1	5.1e-11	3.5e-07	41.6637344360352	0.21	1	64	266	329	266	336	0.75	Uncharacterized protein		0
A0A223P030_9SPHI	A0A223P030_9SPHI	329	SPASM	-	68	2.3e-07	42.3	0.4	1	1	3.4e-11	2.3e-07	42.2534942626953	0.36	1	67	257	316	257	317	0.88	Radical SAM additional 4Fe4S-binding SPASM domain-containing protein		0
B3QX52_CHLT3	B3QX52_CHLT3	386	SPASM	-	68	2.3e-07	42.2	1.9	1	1	1.0e-10	6.8e-07	40.7256278991699	1.89	1	67	266	332	266	333	0.84	Radical SAM domain protein		0
R9N2L6_9FIRM	R9N2L6_9FIRM	332	SPASM	-	68	2.5e-07	42.1	3.5	1	1	3.7e-11	2.5e-07	42.1176910400391	3.54	1	67	234	292	234	293	0.84	Radical SAM additional 4Fe4S-binding SPASM domain-containing protein		0
A0A396KKI7_9FIRM	A0A396KKI7_9FIRM	284	SPASM	-	68	3.0e-07	41.9	1.5	1	1	1.3e-10	8.9e-07	40.3585205078125	1.53	1	67	206	271	206	272	0.83	Radical SAM/SPASM domain-containing protein		0
R7H7B3_9FIRM	R7H7B3_9FIRM	391	SPASM	-	68	4.3e-07	41.4	2.4	1	1	6.4e-11	4.3e-07	41.3602027893066	2.38	1	68	234	293	234	293	0.84	Radical SAM domain protein		0
A0A1U7MEG7_9FIRM	A0A1U7MEG7_9FIRM	399	SPASM	-	68	4.8e-07	41.2	2.9	1	1	7.1e-11	4.8e-07	41.2195739746094	2.93	1	67	286	363	286	364	0.78	Antilisterial bacteriocin subtilosin biosynthesis protein AlbA		0
A0A4Q1ZYT3_9FIRM	A0A4Q1ZYT3_9FIRM	302	SPASM	-	68	5.1e-07	41.1	0.2	1	1	7.5e-11	5.1e-07	41.1406211853027	0.19	1	67	227	292	227	293	0.83	Radical SAM protein		0
D4K4Z6_9FIRM	D4K4Z6_9FIRM	391	SPASM	-	68	5.6e-07	41.0	0.4	1	1	8.2e-11	5.6e-07	41.0118865966797	0.39	1	67	234	292	234	293	0.84	Predicted Fe-S oxidoreductases		0
R6BPQ7_9BACT	R6BPQ7_9BACT	406	SPASM	-	68	6.0e-07	40.9	0.3	1	1	2.0e-10	1.4e-06	39.7425537109375	0.33	9	68	287	343	276	343	0.85	Anaerobic sulfatase maturase		0
A0A444MST6_9SPHI	A0A444MST6_9SPHI	348	SPASM	-	68	7.8e-07	40.5	0.2	1	1	1.2e-10	7.8e-07	40.5434875488281	0.16	1	67	276	335	276	336	0.90	Radical SAM protein		0
W0JHY8_DESAE	W0JHY8_DESAE	349	SPASM	-	68	1.2e-06	40.0	2.3	1	1	4.4e-10	3.0e-06	38.6676712036133	2.31	1	68	254	314	254	322	0.83	Radical SAM protein		0
A0A1I0QWZ8_9FIRM	A0A1I0QWZ8_9FIRM	265	SPASM	-	68	1.4e-06	39.7	3.9	1	1	5.3e-10	3.6e-06	38.4081687927246	2.90	1	67	192	257	192	258	0.83	4Fe-4S single cluster domain-containing protein		0
A0A248JZX8_9PROT	A0A248JZX8_9PROT	336	SPASM	-	68	1.6e-06	39.6	0.0	1	1	5.3e-10	3.6e-06	38.4058609008789	0.03	1	67	271	330	271	331	0.91	Radical SAM protein		0
A0A221VYW8_9PSEU	A0A221VYW8_9PSEU	376	SPASM	-	68	1.7e-06	39.4	0.5	1	1	2.6e-10	1.7e-06	39.4233665466309	0.48	1	67	291	353	291	354	0.88	Antilisterial bacteriocin subtilosin biosynthesis protein AlbA		0
A0A1S1Y4T2_9GAMM	A0A1S1Y4T2_9GAMM	332	SPASM	-	68	2.7e-06	38.8	0.1	1	1	1.3e-09	8.7e-06	37.1898040771484	0.10	1	67	244	311	244	312	0.83	Uncharacterized protein		0
A3DIH5_HUNT2	A3DIH5_HUNT2	341	SPASM	-	68	2.8e-06	38.8	1.6	1	1	6.7e-10	4.5e-06	38.0968894958496	0.68	1	68	249	317	249	317	0.80	Radical SAM domain protein		0
A0A1H9KUD7_9PSEU	A0A1H9KUD7_9PSEU	374	SPASM	-	68	3.4e-06	38.5	0.6	1	1	5.0e-10	3.4e-06	38.5068130493164	0.64	1	67	293	354	293	355	0.91	Radical SAM additional 4Fe4S-binding SPASM domain-containing protein		0
A0A1G6UCJ4_9PSEU	A0A1G6UCJ4_9PSEU	396	SPASM	-	68	3.4e-06	38.5	0.3	1	1	5.0e-10	3.4e-06	38.4959678649902	0.34	1	67	297	358	297	359	0.90	Radical SAM additional 4Fe4S-binding SPASM domain-containing protein		0
A0A374BNW6_9BACT	A0A374BNW6_9BACT	424	SPASM	-	68	3.4e-06	38.5	0.3	1	1	1.6e-09	1.1e-05	36.8665466308594	0.30	9	68	305	361	294	361	0.86	Anaerobic sulfatase-maturation protein		0
A0A264Y6Y0_9BACT	A0A264Y6Y0_9BACT	411	SPASM	-	68	3.7e-06	38.4	0.2	1	1	1.6e-09	1.1e-05	36.9207916259766	0.21	11	68	287	341	277	341	0.88	Anaerobic sulfatase maturase		0
R6EYB2_9BACT	R6EYB2_9BACT	409	SPASM	-	68	4.8e-06	38.0	0.5	1	1	1.7e-09	1.1e-05	36.8276405334473	0.52	9	67	285	340	274	341	0.86	Anaerobic sulfatase maturase		0
D4S4D0_9FIRM	D4S4D0_9FIRM	339	SPASM	-	68	5.6e-06	37.8	0.8	1	1	2.1e-09	1.4e-05	36.5164642333984	0.47	1	67	245	310	245	312	0.79	Radical SAM domain protein		0
V5SE48_9RHIZ	V5SE48_9RHIZ	367	SPASM	-	68	6.1e-06	37.7	0.1	1	1	1.7e-09	1.1e-05	36.8075408935547	0.10	1	67	232	297	232	298	0.75	PqqA peptide cyclase		0
N0BDS6_9EURY	N0BDS6_9EURY	415	SPASM	-	68	6.6e-06	37.6	2.1	1	1	5.4e-09	3.6e-05	35.1987991333008	1.93	1	67	290	352	290	353	0.90	Peptide-modifying radical SAM enzyme CbpB		0
A0A1I4WUB8_9PSEU	A0A1I4WUB8_9PSEU	376	SPASM	-	68	6.6e-06	37.6	0.3	1	1	9.8e-10	6.6e-06	37.5608367919922	0.32	1	67	292	353	292	354	0.89	Radical SAM superfamily enzyme, MoaA/NifB/PqqE/SkfB family		0
A0A1H1PGR7_9SPHI	A0A1H1PGR7_9SPHI	326	SPASM	-	68	6.9e-06	37.5	1.2	1	1	1.6e-09	1.1e-05	36.8506774902344	0.10	1	67	254	313	254	314	0.95	Radical SAM additional 4Fe4S-binding SPASM domain-containing protein		0
F7K736_9FIRM	F7K736_9FIRM	345	SPASM	-	68	8.4e-06	37.2	0.5	1	1	3.5e-09	2.4e-05	35.8006744384766	0.53	8	67	241	299	235	300	0.76	Radical SAM additional 4Fe4S-binding SPASM domain-containing protein		0
A0A373NA73_9FIRM	A0A373NA73_9FIRM	401	SPASM	-	68	8.6e-06	37.2	0.2	1	1	4.1e-09	2.8e-05	35.5656814575195	0.15	1	68	296	361	296	361	0.81	Radical SAM protein		0
A0A2S6GIF4_9PSEU	A0A2S6GIF4_9PSEU	381	SPASM	-	68	8.7e-06	37.2	0.2	1	1	1.3e-09	8.7e-06	37.1911888122559	0.20	1	67	296	357	296	358	0.89	Radical SAM protein with 4Fe4S-binding SPASM domain		0
A0A3P2ABL1_9BACE	A0A3P2ABL1_9BACE	410	SPASM	-	68	1.1e-05	36.8	0.3	1	1	5.3e-09	3.6e-05	35.2091293334961	0.28	9	68	286	342	275	342	0.83	Anaerobic sulfatase-maturation protein		0
L0A8V1_CALLD	L0A8V1_CALLD	397	SPASM	-	68	1.3e-05	36.7	0.4	1	1	6.8e-09	4.6e-05	34.8749160766602	0.19	1	67	287	348	287	349	0.80	Radical SAM additional 4Fe4S-binding domain protein		0
R7AWG6_9FIRM	R7AWG6_9FIRM	378	SPASM	-	68	1.4e-05	36.5	7.4	1	1	2.4e-09	1.6e-05	36.3217163085938	3.26	1	68	232	292	232	292	0.81	Predicted Fe-S oxidoreductases		0
A0A133PZI6_9BACT	A0A133PZI6_9BACT	411	SPASM	-	68	1.5e-05	36.5	1.3	1	1	1.1e-08	7.6e-05	34.1705131530762	0.09	1	68	302	366	302	366	0.85	Radical SAM domain protein		0
R7EHX1_9BACE	R7EHX1_9BACE	411	SPASM	-	68	1.5e-05	36.4	0.3	1	1	6.5e-09	4.4e-05	34.9364852905273	0.27	9	68	286	342	275	342	0.83	Radical SAM superfamily protein		0
A0A4Q2BGG5_9BACT	A0A4Q2BGG5_9BACT	332	SPASM	-	68	1.5e-05	36.4	5.2	1	1	2.3e-09	1.5e-05	36.4010276794434	5.17	1	68	234	293	234	293	0.85	Radical SAM protein		0
R5PR98_9BACT	R5PR98_9BACT	407	SPASM	-	68	1.6e-05	36.4	1.9	1	1	2.8e-09	1.9e-05	36.098876953125	0.30	9	68	287	343	276	343	0.85	Anaerobic sulfatase maturase		0
B3CGT3_9BACE	B3CGT3_9BACE	408	SPASM	-	68	1.9e-05	36.1	0.4	1	1	8.1e-09	5.5e-05	34.621524810791	0.41	9	68	286	342	275	342	0.85	Anaerobic sulfatase maturase		0
D1W0Q1_9BACT	D1W0Q1_9BACT	408	SPASM	-	68	2.1e-05	36.0	0.2	1	1	8.1e-09	5.5e-05	34.6192054748535	0.24	9	68	285	341	274	341	0.88	Anaerobic sulfatase maturase		0
A0A4U8U5L1_9HELI	A0A4U8U5L1_9HELI	320	SPASM	-	68	2.1e-05	35.9	0.4	1	1	8.4e-09	5.7e-05	34.5715293884277	0.41	1	67	252	316	252	317	0.84	Radical SAM protein		0
A0A1G4FLA9_9FIRM	A0A1G4FLA9_9FIRM	411	SPASM	-	68	2.3e-05	35.8	0.3	1	1	3.4e-09	2.3e-05	35.8221626281738	0.26	1	68	306	369	306	369	0.90	Antilisterial bacteriocin subtilosin biosynthesis protein AlbA		0
A0A2T5RCC3_9DELT	A0A2T5RCC3_9DELT	394	SPASM	-	68	2.5e-05	35.7	0.0	1	1	1.4e-08	9.2e-05	33.9061851501465	0.02	1	52	324	375	324	390	0.80	MoaA/NifB/PqqE/SkfB family radical SAM enzyme		0
D3IAD7_9BACT	D3IAD7_9BACT	409	SPASM	-	68	5.7e-05	34.6	0.2	1	1	1.8e-08	0.00012	33.4879493713379	0.20	9	68	284	340	273	340	0.83	Anaerobic sulfatase maturase		0
D9TMV4_THETC	D9TMV4_THETC	378	SPASM	-	68	5.9e-05	34.5	2.4	1	1	8.7e-09	5.9e-05	34.5257339477539	2.43	4	68	268	329	262	329	0.80	Radical SAM domain protein		0
A0A0F2JE33_9FIRM	A0A0F2JE33_9FIRM	337	SPASM	-	68	6.5e-05	34.4	2.2	1	1	9.7e-09	6.5e-05	34.3801536560059	2.19	1	68	234	293	234	293	0.85	Radical SAM domain heme biosynthesis protein		0
A0A4V3BP48_9RHOO	A0A4V3BP48_9RHOO	392	SPASM	-	68	7.2e-05	34.3	0.2	1	1	2.6e-08	0.00018	32.9914665222168	0.20	1	68	254	320	254	320	0.79	Radical SAM protein with 4Fe4S-binding SPASM domain		0
R6JXL4_9CLOT	R6JXL4_9CLOT	382	SPASM	-	68	7.7e-05	34.2	0.7	1	1	1.1e-08	7.7e-05	34.1501693725586	0.71	1	64	292	350	292	354	0.79	Uncharacterized protein		0
F4LN13_TREBD	F4LN13_TREBD	418	SPASM	-	68	0.00013	33.4	1.8	1	1	5.4e-08	0.00036	31.9936275482178	1.77	1	53	310	355	310	365	0.80	Radical SAM domain protein		0
A0A1C7GXT3_9BACE	A0A1C7GXT3_9BACE	414	SPASM	-	68	0.00014	33.4	0.6	1	1	5.6e-08	0.00038	31.933479309082	0.57	9	68	287	343	276	343	0.85	Anaerobic sulfatase maturase		0
A0A1W6LMA4_9BACT	A0A1W6LMA4_9BACT	397	SPASM	-	68	0.00016	33.2	1.0	1	1	4.6e-08	0.00031	32.2117462158203	0.04	1	46	298	337	298	352	0.86	Antilisterial bacteriocin subtilosin biosynthesis protein AlbA		0
A0A1I7H1D6_9FIRM	A0A1I7H1D6_9FIRM	382	SPASM	-	68	0.00016	33.1	1.4	1	1	2.4e-08	0.00016	33.1089668273926	1.35	1	65	292	351	292	353	0.84	Radical SAM superfamily enzyme, MoaA/NifB/PqqE/SkfB family		0
E4T6C4_PALPW	E4T6C4_PALPW	416	SPASM	-	68	0.00017	33.1	1.8	1	1	8.3e-08	0.00056	31.38427734375	0.31	1	68	299	361	299	361	0.79	Radical SAM domain protein		0
A0A4R2L8B5_9FIRM	A0A4R2L8B5_9FIRM	383	SPASM	-	68	0.0002	32.8	1.1	1	1	2.9e-08	0.0002	32.8405113220215	1.10	1	65	292	351	292	354	0.82	MoaA/NifB/PqqE/SkfB family radical SAM enzyme		0
A0A1I7HI16_9CLOT	A0A1I7HI16_9CLOT	390	SPASM	-	68	0.00022	32.7	1.7	1	1	3.3e-08	0.00022	32.6875381469727	1.67	1	67	232	291	232	292	0.81	Radical SAM additional 4Fe4S-binding SPASM domain-containing protein		0
A0A1M6KJC7_9CLOT	A0A1M6KJC7_9CLOT	449	SPASM	-	68	0.00029	32.3	3.4	1	1	4.3e-08	0.00029	32.2889785766602	3.36	1	67	321	382	321	392	0.75	Uncharacterized protein		0
A0A1T5IG19_9BACT	A0A1T5IG19_9BACT	461	SPASM	-	68	0.00031	32.2	2.5	1	1	2.1e-07	0.0014	30.1102161407471	2.53	1	68	343	407	343	407	0.79	Radical SAM additional 4Fe4S-binding SPASM domain-containing protein		0
B3E6A8_GEOLS	B3E6A8_GEOLS	498	SPASM	-	68	0.00037	32.0	0.8	1	1	1.8e-07	0.0012	30.2964630126953	0.45	1	67	411	466	411	475	0.82	Radical SAM domain protein		0
A0A430AH86_9ENTE	A0A430AH86_9ENTE	408	SPASM	-	68	0.00041	31.8	0.8	1	1	1.9e-07	0.0013	30.2246932983398	0.79	1	68	302	367	302	367	0.82	Elp3 domain-containing protein		0
A0A1M7KJR8_9FIRM	A0A1M7KJR8_9FIRM	412	SPASM	-	68	0.00044	31.7	5.2	1	1	2.0e-07	0.0013	30.1803607940674	5.17	1	68	302	372	300	372	0.77	Radical SAM additional 4Fe4S-binding SPASM domain-containing protein		0
F2LXZ4_HIPMA	F2LXZ4_HIPMA	351	SPASM	-	68	0.00044	31.7	1.7	1	1	6.6e-08	0.00044	31.7117786407471	1.75	1	67	255	314	255	323	0.83	Radical SAM domain protein		0
K6TUP0_9CLOT	K6TUP0_9CLOT	391	SPASM	-	68	0.00046	31.7	2.1	1	1	2.3e-07	0.0016	29.9720306396484	2.06	1	68	207	275	207	275	0.83	Radical SAM superfamily enzyme		0
W0RDI8_9BACT	W0RDI8_9BACT	348	SPASM	-	68	0.00053	31.5	0.0	1	1	1.6e-07	0.0011	30.4323692321777	0.05	1	67	280	340	280	341	0.91	Radical SAM domain protein		0
A0A1M4VAT4_9BACE	A0A1M4VAT4_9BACE	410	SPASM	-	68	0.00054	31.4	0.4	1	1	2.2e-07	0.0015	30.0258808135986	0.39	9	68	287	343	276	343	0.85	Transcriptional regulator		0
G1WBE4_9BACT	G1WBE4_9BACT	407	SPASM	-	68	0.00055	31.4	0.6	1	1	1.6e-07	0.0011	30.434986114502	0.65	9	67	284	339	273	340	0.86	Anaerobic sulfatase-maturating enzyme		0
Q74GK2_GEOSL	Q74GK2_GEOSL	458	SPASM	-	68	0.00082	30.9	0.1	1	1	4.4e-07	0.003	29.0764656066895	0.06	1	64	330	390	330	392	0.82	Radical SAM domain iron-sulfur cluster-binding oxidoreductase		0
A0A1U9NJ86_9BACT	A0A1U9NJ86_9BACT	408	SPASM	-	68	0.00084	30.8	0.4	1	1	2.9e-07	0.002	29.6546249389648	0.44	1	44	298	335	298	356	0.87	Antilisterial bacteriocin subtilosin biosynthesis protein AlbA		0
A0A1H2UZX8_9FIRM	A0A1H2UZX8_9FIRM	439	SPASM	-	68	0.00085	30.8	2.1	1	1	1.9e-07	0.0013	30.2460861206055	0.46	1	68	338	404	338	404	0.85	Radical SAM additional 4Fe4S-binding SPASM domain-containing protein		0
A0A124HDD8_9ACTN	A0A124HDD8_9ACTN	375	SPASM	-	68	0.00088	30.8	0.9	1	1	2.7e-07	0.0018	29.7370548248291	0.86	1	67	248	309	248	315	0.81	Elp3 domain-containing protein		0
A0A1D2WJW8_9EURY	A0A1D2WJW8_9EURY	342	SPASM	-	68	0.0011	30.5	3.4	1	1	1.6e-07	0.0011	30.474235534668	3.36	1	68	253	311	253	320	0.85	Radical SAM/SPASM domain protein, ACGX system		0
A0A0U3E838_9EURY	A0A0U3E838_9EURY	342	SPASM	-	68	0.0011	30.4	3.1	1	1	1.6e-07	0.0011	30.4317111968994	3.10	1	68	253	311	253	320	0.87	Radical SAM domain-containing protein		0
A0A2V3PJM2_9BACT	A0A2V3PJM2_9BACT	390	SPASM	-	68	0.0012	30.4	0.5	1	1	3.9e-07	0.0026	29.2334842681885	0.49	9	68	272	328	261	328	0.82	Uncharacterized protein		0
D9TS71_THETC	D9TS71_THETC	416	SPASM	-	68	0.0013	30.3	0.1	1	1	1.9e-07	0.0013	30.2624225616455	0.08	1	68	306	375	306	375	0.85	Radical SAM domain protein		0
A0A255IGU4_9FIRM	A0A255IGU4_9FIRM	420	SPASM	-	68	0.0015	30.1	2.2	1	1	2.3e-06	0.016	26.7666320800781	0.30	1	67	311	379	311	389	0.74	Radical SAM protein		0
A0A318CY10_9DELT	A0A318CY10_9DELT	459	SPASM	-	68	0.0015	30.0	0.9	1	1	7.1e-07	0.0048	28.4030799865723	0.90	1	67	330	393	330	394	0.79	Peptide-modifying radical SAM enzyme CbpB		0
L1KII5_9ACTN	L1KII5_9ACTN	398	SPASM	-	68	0.0015	30.0	0.2	1	1	4.8e-07	0.0033	28.9420986175537	0.23	1	67	295	355	295	362	0.88	Radical SAM domain protein		0
E0NJ60_9FIRM	E0NJ60_9FIRM	468	SPASM	-	68	0.0017	29.9	0.3	1	1	1.8e-06	0.012	27.098503112793	0.32	1	64	336	396	336	433	0.80	Radical SAM domain protein		0
Q3AA12_CARHZ	Q3AA12_CARHZ	459	SPASM	-	68	0.0017	29.8	0.0	1	1	5.7e-07	0.0039	28.6972789764404	0.04	1	64	335	395	335	397	0.75	Radical SAM domain protein		0
A0A011NFP2_9PROT	A0A011NFP2_9PROT	398	SPASM	-	68	0.0018	29.8	0.1	1	1	5.5e-07	0.0037	28.7471694946289	0.14	1	67	330	394	330	395	0.76	Antilisterial bacteriocin subtilosin biosynthesis protein AlbA		0
A0A2K8KQH0_9GAMM	A0A2K8KQH0_9GAMM	353	SPASM	-	68	0.0019	29.7	0.2	1	1	1.1e-06	0.0072	27.8429889678955	0.16	4	67	240	305	238	306	0.78	Putative molybdopterin cofactor synthesis protein A		0
E8WYP3_GRATM	E8WYP3_GRATM	352	SPASM	-	68	0.0022	29.5	0.0	1	1	8.2e-07	0.0056	28.2001514434814	0.02	1	67	278	337	278	338	0.93	Radical SAM domain protein		0
A0A0U5B070_9BACT	A0A0U5B070_9BACT	411	SPASM	-	68	0.0026	29.3	0.3	1	1	3.8e-07	0.0026	29.2575092315674	0.31	1	67	321	376	321	386	0.82	Radical SAM protein		0
V5XLQ6_ENTMU	V5XLQ6_ENTMU	350	SPASM	-	68	0.0031	29.0	0.1	1	1	1.2e-06	0.0083	27.6432685852051	0.14	1	67	241	303	241	304	0.79	Radical SAM protein		0
U2J4Y9_9FIRM	U2J4Y9_9FIRM	464	SPASM	-	68	0.0032	29.0	0.1	1	1	2.7e-06	0.018	26.5473899841309	0.08	1	64	336	396	336	433	0.82	Radical SAM domain protein		0
A0A1V4SNW0_RUMHU	A0A1V4SNW0_RUMHU	473	SPASM	-	68	0.0032	29.0	0.9	1	1	1.2e-06	0.0081	27.6779079437256	0.94	1	67	370	434	370	441	0.83	Cyclic pyranopterin monophosphate synthase		0
S9NVK8_9DELT	S9NVK8_9DELT	335	SPASM	-	68	0.0038	28.7	0.4	1	1	5.6e-07	0.0038	28.7425689697266	0.39	1	67	262	323	262	329	0.77	Radical SAM superfamily protein		0
F6CN12_DESK7	F6CN12_DESK7	460	SPASM	-	68	0.0039	28.7	0.0	1	1	1.5e-06	0.0099	27.3904876708984	0.01	1	60	336	392	336	398	0.77	Radical SAM domain protein		0
F0SZD1_SYNGF	F0SZD1_SYNGF	341	SPASM	-	68	0.0042	28.6	3.1	1	1	1.6e-06	0.011	27.2498893737793	3.08	1	67	248	315	248	318	0.77	Radical SAM domain protein		0
A0A0R2H3J5_9FIRM	A0A0R2H3J5_9FIRM	406	SPASM	-	68	0.0055	28.2	4.2	1	1	2.5e-06	0.017	26.6620445251465	4.24	1	68	295	359	295	359	0.77	Uncharacterized protein		0
Q1ITB6_KORVE	Q1ITB6_KORVE	351	SPASM	-	68	0.006	28.1	0.3	1	1	3.5e-06	0.024	26.1857585906982	0.09	1	67	282	341	282	342	0.92	Fe-S protein, radical SAM family		0
A0A1V4SP46_RUMHU	A0A1V4SP46_RUMHU	367	SPASM	-	68	0.0061	28.1	0.8	1	1	9.0e-07	0.0061	28.0740299224854	0.78	1	67	279	341	279	342	0.87	Antilisterial bacteriocin subtilosin biosynthesis protein AlbA		0
A0A0J6WWB5_9FIRM	A0A0J6WWB5_9FIRM	466	SPASM	-	68	0.0064	28.0	1.1	1	1	7.9e-06	0.053	25.0548973083496	1.03	1	64	338	398	338	435	0.81	Pyrroloquinoline quinone biosynthesis protein PqqE		0
A0A0B5BCV8_9DELT	A0A0B5BCV8_9DELT	459	SPASM	-	68	0.007	27.9	0.1	1	1	3.2e-06	0.021	26.323709487915	0.06	1	64	330	390	330	392	0.81	Radical SAM protein		0
A0A117J3L7_9FIRM	A0A117J3L7_9FIRM	471	SPASM	-	68	0.0072	27.8	1.1	1	1	4.1e-06	0.028	25.9512977600098	0.85	1	64	338	398	338	435	0.81	Pyrroloquinoline quinone biosynthesis protein PqqE		0
A0A1H3ZA74_9GAMM	A0A1H3ZA74_9GAMM	343	SPASM	-	68	0.0082	27.7	2.5	1	1	1.5e-06	0.01	27.3327102661133	0.21	1	48	266	308	266	327	0.83	Radical SAM superfamily enzyme, MoaA/NifB/PqqE/SkfB family		0
A0A371JBY4_9FIRM	A0A371JBY4_9FIRM	416	SPASM	-	68	0.0083	27.6	0.2	1	1	3.8e-06	0.026	26.0763511657715	0.16	1	68	285	353	285	353	0.73	Radical SAM protein		0
D1YWY4_METPS	D1YWY4_METPS	366	SPASM	-	68	0.0083	27.6	0.1	1	1	3.1e-06	0.021	26.3289470672607	0.15	6	67	259	319	252	320	0.81	Elp3 domain-containing protein		0
